BldgType,HouseStyle,OverallQual,OverallCond,YearBuilt,YearRemodAdd,RoofStyle,RoofMatl,Exterior1st,Exterior2nd,MasVnrType,MasVnrArea,SalePrice,HouseAge,YearsSinceRemodel,IsRemodeled,AgeCategory
TwnhsE,1Story,8,5,2006,2007,Hip,CompShg,VinylSd,VinylSd,Stone,481.0,235000,19,18,1,New
2fmCon,1Story,5,4,1965,1965,Hip,CompShg,Plywood,HdBoard,,0.0,131500,60,60,0,Old
TwnhsE,1Story,8,5,2003,2003,Gable,CompShg,VinylSd,VinylSd,BrkFace,40.0,215000,22,22,0,Moderate
Duplex,SFoyer,6,5,1990,1990,Gable,CompShg,HdBoard,HdBoard,BrkFace,104.0,118500,35,35,0,Moderate
TwnhsE,1Story,8,5,1993,1993,Gable,CompShg,BrkFace,BrkFace,,0.0,324000,32,32,0,Moderate
1Fam,2Story,7,5,1999,1999,Gable,CompShg,VinylSd,VinylSd,BrkFace,158.0,193000,26,26,0,Moderate
1Fam,1Story,5,6,1956,1956,Hip,CompShg,MetalSd,MetalSd,,0.0,128900,69,69,0,Old
1Fam,1Story,5,5,2006,2007,Gable,CompShg,VinylSd,VinylSd,,0.0,155000,19,18,1,New
1Fam,2Story,6,6,1964,1964,Gable,CompShg,HdBoard,HdBoard,BrkFace,360.0,167900,61,61,0,Old
1Fam,1.5Fin,5,6,1946,1995,Gable,CompShg,MetalSd,MetalSd,,0.0,130500,79,30,1,Old
1Fam,1Story,5,7,1972,1972,Hip,CompShg,HdBoard,HdBoard,,0.0,127000,53,53,0,Old
1Fam,2Story,7,5,2004,2005,Gable,CompShg,VinylSd,VinylSd,,0.0,195000,21,20,1,Moderate
1Fam,1Story,5,7,1959,2006,Gable,CompShg,Wd Sdng,Wd Sdng,,0.0,162000,66,19,1,Old
1Fam,2Story,7,5,1990,1990,Hip,CompShg,HdBoard,HdBoard,BrkFace,99.0,262280,35,35,0,Moderate
TwnhsE,1Story,8,5,1988,1989,Gable,CompShg,HdBoard,HdBoard,,0.0,189000,37,36,1,Moderate
1Fam,2Story,7,9,1928,2005,Gambrel,CompShg,MetalSd,MetalSd,,0.0,161000,97,20,1,Old
1Fam,1Story,5,5,1958,1958,Gable,CompShg,VinylSd,VinylSd,,0.0,129900,67,67,0,Old
2fmCon,1.5Fin,5,4,1954,1954,Gable,CompShg,Wd Sdng,Wd Sdng,,0.0,93000,71,71,0,Old
1Fam,1Story,8,5,2006,2007,Gable,CompShg,VinylSd,VinylSd,Stone,274.0,248900,19,18,1,New
1Fam,1Story,5,6,1953,1953,Gable,CompShg,MetalSd,MetalSd,,0.0,123000,72,72,0,Old
1Fam,1Story,5,5,1954,1954,Gable,CompShg,Wd Sdng,Plywood,,0.0,165000,71,71,0,Old
1Fam,1Story,5,7,1949,1950,Gable,CompShg,HdBoard,HdBoard,,0.0,133000,76,75,1,Old
1Fam,2Story,7,5,1993,1993,Gable,CompShg,HdBoard,HdBoard,BrkFace,256.0,260000,32,32,0,Moderate
TwnhsE,1Story,8,5,2008,2008,Hip,CompShg,CemntBd,CmentBd,Stone,186.0,392500,17,17,0,New
1Fam,1Story,7,5,2004,2005,Gable,CompShg,VinylSd,VinylSd,,0.0,185000,21,20,1,Moderate
2fmCon,2Story,4,6,1885,1950,Gable,CompShg,VinylSd,AsbShng,,0.0,122500,140,75,1,Very Old
1Fam,1Story,5,7,1921,1950,Gable,CompShg,Wd Sdng,Wd Shng,,0.0,89000,104,75,1,Very Old
1Fam,1.5Fin,5,7,1937,1950,Gable,CompShg,Wd Sdng,Wd Sdng,BrkFace,252.0,175000,88,75,1,Old
1Fam,2Story,7,6,2003,2003,Gable,CompShg,VinylSd,VinylSd,BrkFace,223.0,237000,22,22,0,Moderate
1Fam,1Story,6,7,1960,1975,Flat,CompShg,BrkFace,Plywood,,0.0,235000,65,50,1,Old
1Fam,1Story,8,5,2001,2002,Hip,CompShg,VinylSd,VinylSd,BrkFace,178.0,275000,24,23,1,Moderate
1Fam,2Story,6,5,2006,2006,Gable,CompShg,VinylSd,VinylSd,,0.0,172785,19,19,0,New
TwnhsE,2Story,6,4,1973,1973,Gable,CompShg,CemntBd,CmentBd,,0.0,151400,52,52,0,Old
1Fam,1Story,5,6,1956,1956,Gable,CompShg,Wd Sdng,Wd Sdng,,0.0,129000,69,69,0,Old
1Fam,2Story,5,5,1962,1962,Gable,CompShg,VinylSd,VinylSd,BrkFace,288.0,169500,63,63,0,Old
1Fam,1Story,5,6,1971,2008,Gable,CompShg,VinylSd,VinylSd,,0.0,149900,54,17,1,Old
TwnhsE,1Story,6,5,1976,1976,Gable,CompShg,Plywood,Plywood,,0.0,128000,49,49,0,Moderate
1Fam,1Story,8,5,2001,2001,Hip,CompShg,VinylSd,VinylSd,,0.0,236500,24,24,0,Moderate
1Fam,2Story,7,5,1996,1997,Gable,CompShg,MetalSd,MetalSd,,0.0,269790,29,28,1,Moderate
Twnhs,2Story,8,5,1999,2000,Gable,CompShg,MetalSd,MetalSd,BrkFace,456.0,174000,26,25,1,Moderate
1Fam,1Story,5,9,1947,2008,Hip,CompShg,VinylSd,VinylSd,,0.0,118000,78,17,1,Old
1Fam,1Story,5,8,1965,1998,Hip,CompShg,MetalSd,MetalSd,BrkFace,166.0,146000,60,27,1,Old
TwnhsE,1Story,7,5,2007,2007,Hip,CompShg,VinylSd,VinylSd,BrkFace,130.0,175900,18,18,0,New
2fmCon,2Story,5,5,1900,1950,Gable,CompShg,Wd Sdng,Wd Sdng,,0.0,90000,125,75,1,Very Old
1Fam,2Story,7,7,1920,1950,Hip,CompShg,Wd Sdng,Wd Sdng,,0.0,157000,105,75,1,Very Old
1Fam,1Story,5,6,1969,1969,Gable,CompShg,HdBoard,Plywood,,0.0,128500,56,56,0,Old
1Fam,SFoyer,5,7,1972,2007,Gable,CompShg,HdBoard,Wd Shng,,0.0,133000,53,18,1,Old
1Fam,1Story,5,6,1959,2002,Gable,CompShg,MetalSd,MetalSd,,0.0,150750,66,23,1,Old
1Fam,1.5Fin,6,7,1920,1950,Gable,CompShg,BrkFace,Wd Sdng,,0.0,256000,105,75,1,Very Old
1Fam,2Story,7,5,2000,2000,Gable,CompShg,VinylSd,VinylSd,,0.0,216000,25,25,0,Moderate
1Fam,1Story,8,6,1995,1995,Hip,CompShg,MetalSd,MetalSd,BrkFace,660.0,350000,30,30,0,Moderate
1Fam,1Story,6,5,1997,1997,Gable,CompShg,VinylSd,VinylSd,,0.0,217000,28,28,0,Moderate
1Fam,1Story,5,7,1962,1980,Gable,CompShg,MetalSd,MetalSd,,0.0,140000,63,45,1,Old
1Fam,1Story,7,5,1978,1978,Gable,CompShg,Plywood,Plywood,BrkFace,206.0,157000,47,47,0,Moderate
1Fam,2Story,3,6,1915,1950,Gambrel,CompShg,VinylSd,VinylSd,,0.0,107400,110,75,1,Very Old
TwnhsE,1Story,6,5,2004,2004,Gable,CompShg,VinylSd,VinylSd,BrkFace,147.0,149300,21,21,0,Moderate
Duplex,1Story,5,5,1958,1958,Gable,CompShg,VinylSd,VinylSd,BrkFace,95.0,110000,67,67,0,Old
1Fam,2Story,6,5,2002,2003,Gable,CompShg,VinylSd,VinylSd,,0.0,183200,23,22,1,Moderate
1Fam,1Story,9,5,2002,2002,Hip,CompShg,VinylSd,VinylSd,Stone,215.0,285000,23,23,0,Moderate
1Fam,1Story,5,5,1969,1969,Gable,CompShg,VinylSd,Plywood,,0.0,138800,56,56,0,Old
1Fam,2Story,6,7,1934,1995,Hip,CompShg,Stucco,Stucco,,0.0,188700,91,30,1,Old
1Fam,2Story,7,6,1931,2000,Gable,CompShg,Stucco,Wd Shng,,0.0,149000,94,25,1,Old
1Fam,1Story,4,7,1950,1995,Gable,CompShg,VinylSd,HdBoard,,0.0,128000,75,30,1,Old
Twnhs,2Story,6,5,1973,1973,Gable,CompShg,HdBoard,HdBoard,BrkFace,158.0,100000,52,52,0,Old
1Fam,2Story,7,5,2003,2003,Gable,CompShg,VinylSd,VinylSd,BrkFace,101.0,180000,22,22,0,Moderate
1Fam,1Story,7,5,1998,1998,Gable,CompShg,VinylSd,VinylSd,BrkFace,442.0,224900,27,27,0,Moderate
1Fam,1Story,3,3,1952,1952,Flat,Tar&Grv,BrkComm,Brk Cmn,,0.0,82000,73,73,0,Old
1Fam,1Story,8,5,2002,2003,Hip,CompShg,VinylSd,VinylSd,BrkFace,236.0,270000,23,22,1,Moderate
1Fam,2Story,5,7,1942,1995,Gable,CompShg,MetalSd,MetalSd,Stone,224.0,146500,83,30,1,Old
1Fam,1Story,8,5,2004,2005,Gable,CompShg,VinylSd,VinylSd,Stone,186.0,307000,21,20,1,Moderate
TwnhsE,1Story,6,5,2004,2004,Gable,CompShg,VinylSd,VinylSd,BrkFace,169.0,143000,21,21,0,Moderate
1Fam,1Story,8,5,2007,2007,Hip,CompShg,VinylSd,VinylSd,Stone,328.0,318000,18,18,0,New
1Fam,1Story,5,7,1910,1950,Gable,CompShg,MetalSd,Wd Sdng,,0.0,85000,115,75,1,Very Old
1Fam,2Story,6,5,2005,2005,Gable,CompShg,VinylSd,VinylSd,,0.0,174000,20,20,0,New
1Fam,1Story,5,4,1955,1974,Hip,CompShg,Wd Sdng,Plywood,,0.0,170000,70,51,1,Old
1Fam,1Story,6,5,1997,1998,Gable,CompShg,VinylSd,VinylSd,BrkFace,215.0,208900,28,27,1,Moderate
1Fam,2Story,7,5,2006,2006,Gable,CompShg,VinylSd,VinylSd,,0.0,239799,19,19,0,New
1Fam,2Story,5,8,1904,2002,Gable,CompShg,MetalSd,MetalSd,,0.0,157500,121,23,1,Very Old
1Fam,2Story,7,6,1966,1966,Gable,CompShg,MetalSd,MetalSd,BrkFace,309.0,226000,59,59,0,Old
Duplex,1Story,3,4,1949,1950,Gable,CompShg,Stucco,Stucco,BrkFace,340.0,87500,76,75,1,Old
TwnhsE,1Story,7,5,2007,2007,Hip,CompShg,VinylSd,VinylSd,BrkFace,130.0,174000,18,18,0,New
1Fam,1Story,6,6,1948,2002,Gable,CompShg,VinylSd,VinylSd,,0.0,132000,77,23,1,Old
1Fam,2Story,7,5,2001,2002,Gable,CompShg,VinylSd,VinylSd,BrkFace,162.0,223500,24,23,1,Moderate
1Fam,2Story,6,5,1963,1963,Hip,CompShg,HdBoard,HdBoard,BrkFace,415.0,140000,62,62,0,Old
1Fam,2Story,6,6,1918,1950,Hip,CompShg,Wd Sdng,Stucco,,0.0,239000,107,75,1,Very Old
1Fam,1Story,5,5,1925,2004,Gable,CompShg,Wd Sdng,Wd Sdng,,0.0,73000,100,21,1,Old
1Fam,1Story,8,6,2007,2007,Gable,CompShg,MetalSd,MetalSd,BrkFace,0.0,392000,18,18,0,New
1Fam,1.5Unf,6,3,1928,1950,Gable,CompShg,Wd Sdng,Wd Sdng,,0.0,76000,97,75,1,Old
1Fam,1Story,7,5,2005,2006,Gable,CompShg,VinylSd,VinylSd,BrkFace,240.0,221500,20,19,1,New
1Fam,1Story,4,5,1961,1961,Gable,CompShg,VinylSd,VinylSd,,0.0,129000,64,64,0,Old
1Fam,2Story,6,6,1972,1972,Gable,CompShg,HdBoard,Plywood,,0.0,162000,53,53,0,Old
1Fam,SFoyer,5,5,1996,1996,Gable,CompShg,VinylSd,VinylSd,,0.0,148000,29,29,0,Moderate
TwnhsE,2Story,7,5,2006,2007,Gable,CompShg,MetalSd,MetalSd,,0.0,164700,19,18,1,New
2fmCon,1Story,4,4,1953,1953,Gable,CompShg,MetalSd,MetalSd,,0.0,93000,72,72,0,Old
1Fam,1Story,7,5,2007,2008,Gable,CompShg,CemntBd,CmentBd,,,182000,18,17,1,New
1Fam,2Story,8,5,1991,1992,Hip,CompShg,HdBoard,HdBoard,BrkFace,284.0,260000,34,33,1,Moderate
1Fam,1Story,6,5,1995,1995,Gable,CompShg,VinylSd,VinylSd,,0.0,177500,30,30,0,Moderate
1Fam,1Story,5,6,1923,2006,Gable,CompShg,Wd Sdng,Wd Sdng,,0.0,100000,102,19,1,Very Old
1Fam,2Story,7,5,1996,1996,Gable,CompShg,VinylSd,VinylSd,,0.0,191000,29,29,0,Moderate
1Fam,1Story,6,5,1960,1960,Hip,CompShg,Wd Sdng,Wd Sdng,BrkFace,175.0,145250,65,65,0,Old
1Fam,1Story,4,7,1940,1950,Hip,CompShg,VinylSd,VinylSd,,0.0,82500,85,75,1,Old
1Fam,1Story,4,5,1963,1963,Gable,CompShg,HdBoard,Plywood,,0.0,132250,62,62,0,Old
1Fam,1Story,7,5,2004,2004,Gable,CompShg,VinylSd,VinylSd,BrkFace,106.0,179600,21,21,0,Moderate
Twnhs,2Story,6,5,2004,2006,Gable,CompShg,VinylSd,VinylSd,Stone,50.0,130000,21,19,1,Moderate
1Fam,1Story,5,5,1963,1963,Gable,CompShg,HdBoard,HdBoard,,0.0,124000,62,62,0,Old
1Fam,1Story,6,8,1930,2005,Hip,CompShg,Wd Sdng,Wd Sdng,,0.0,110000,95,20,1,Old
1Fam,1Story,1,1,1922,1950,Gable,CompShg,Wd Sdng,Wd Sdng,,0.0,61000,103,75,1,Very Old
1Fam,2Story,7,5,2003,2003,Gable,CompShg,VinylSd,VinylSd,BrkFace,196.0,208500,22,22,0,Moderate
1Fam,2Story,7,6,1989,1989,Gable,CompShg,Plywood,Plywood,BrkFace,340.0,228500,36,36,0,Moderate
1Fam,1.5Unf,5,6,1922,1950,Gable,CompShg,MetalSd,MetalSd,,0.0,113000,103,75,1,Very Old
2fmCon,1.5Fin,4,4,1941,1950,Gable,CompShg,MetalSd,MetalSd,,0.0,80000,84,75,1,Old
1Fam,1.5Fin,6,7,1916,1950,Gable,CompShg,Stucco,Stucco,,0.0,136000,109,75,1,Very Old
1Fam,1Story,6,5,1969,1969,Gable,CompShg,Plywood,Plywood,BrkFace,312.0,223000,56,56,0,Old
1Fam,1Story,5,7,1957,1957,Gable,CompShg,WdShing,Wd Shng,,0.0,129900,68,68,0,Old
TwnhsE,1Story,8,5,2000,2000,Gable,CompShg,CemntBd,CmentBd,,0.0,278000,25,25,0,Moderate
1Fam,2Story,6,4,1915,1950,Gable,CompShg,Wd Sdng,Wd Sdng,,0.0,128000,110,75,1,Very Old
1Fam,1Story,6,5,1963,1963,Hip,CompShg,HdBoard,HdBoard,BrkFace,451.0,143000,62,62,0,Old
1Fam,2Story,9,5,2008,2009,Hip,CompShg,VinylSd,VinylSd,Stone,424.0,582933,17,16,1,New
1Fam,2Story,5,7,1910,2002,Gable,CompShg,Wd Sdng,Wd Shng,,0.0,132000,115,23,1,Very Old
TwnhsE,1Story,6,5,2003,2003,Gable,CompShg,VinylSd,VinylSd,BrkFace,170.0,140000,22,22,0,Moderate
1Fam,1Story,5,5,1967,1967,Gable,CompShg,HdBoard,HdBoard,BrkFace,60.0,100000,58,58,0,Old
1Fam,2Story,8,5,1998,1999,Hip,CompShg,VinylSd,VinylSd,BrkFace,975.0,336000,27,26,1,Moderate
1Fam,1Story,4,5,1994,1995,Gable,CompShg,VinylSd,VinylSd,,0.0,123600,31,30,1,Moderate
TwnhsE,1Story,8,5,2004,2005,Hip,CompShg,CemntBd,CmentBd,Stone,174.0,275000,21,20,1,Moderate
1Fam,1Story,5,6,1954,1954,Gable,CompShg,HdBoard,HdBoard,BrkFace,200.0,132000,71,71,0,Old
1Fam,1.5Fin,5,5,1950,1950,Gable,CompShg,Wd Sdng,Wd Sdng,,0.0,152000,75,75,0,Old
TwnhsE,2Story,7,5,2004,2004,Gable,CompShg,VinylSd,VinylSd,Stone,117.0,130000,21,21,0,Moderate
TwnhsE,1Story,9,5,2005,2005,Hip,CompShg,MetalSd,MetalSd,BrkFace,412.0,319900,20,20,0,New
1Fam,1Story,8,5,2006,2006,Gable,CompShg,VinylSd,VinylSd,,0.0,249700,19,19,0,New
1Fam,1Story,5,7,1951,2000,Gable,CompShg,Wd Sdng,Wd Sdng,,0.0,134800,74,25,1,Old
1Fam,1Story,7,5,1998,1999,Hip,CompShg,VinylSd,VinylSd,,0.0,213250,27,26,1,Moderate
TwnhsE,1Story,8,5,1986,1986,Gable,CompShg,HdBoard,HdBoard,,0.0,170000,39,39,0,Moderate
1Fam,1Story,9,5,2006,2007,Gable,CompShg,VinylSd,VinylSd,Stone,160.0,377500,19,18,1,New
1Fam,2Story,5,5,1920,1950,Gable,CompShg,Wd Sdng,Wd Shng,,0.0,78000,105,75,1,Very Old
1Fam,1Story,4,6,1982,2006,Gable,CompShg,HdBoard,Plywood,,0.0,129500,43,19,1,Moderate
1Fam,2.5Unf,7,7,1914,1970,Gable,CompShg,Wd Sdng,Wd Sdng,,0.0,163000,111,55,1,Very Old
1Fam,2Story,7,5,1998,1999,Gable,CompShg,VinylSd,VinylSd,,0.0,199900,27,26,1,Moderate
1Fam,1Story,8,6,1981,1981,Hip,WdShake,Plywood,Plywood,BrkFace,653.0,228000,44,44,0,Moderate
TwnhsE,1Story,8,5,1985,1985,Gable,CompShg,HdBoard,HdBoard,,0.0,212000,40,40,0,Moderate
1Fam,2Story,5,6,1911,1950,Gable,CompShg,MetalSd,MetalSd,,0.0,130000,114,75,1,Very Old
1Fam,1Story,9,2,2010,2010,Hip,CompShg,VinylSd,VinylSd,Stone,350.0,394432,15,15,0,New
1Fam,SLvl,6,5,1988,1989,Gable,CompShg,HdBoard,HdBoard,BrkFace,219.0,175000,37,36,1,Moderate
1Fam,1Story,5,8,1978,2005,Gable,CompShg,VinylSd,VinylSd,BrkFace,90.0,136500,47,20,1,Moderate
1Fam,1Story,5,8,1965,2009,Gable,CompShg,MetalSd,MetalSd,,0.0,138500,60,16,1,Old
1Fam,SFoyer,6,6,1978,1978,Gable,CompShg,VinylSd,VinylSd,,0.0,156000,47,47,0,Moderate
1Fam,1Story,6,5,1956,1956,Hip,CompShg,Wd Sdng,Wd Sdng,,0.0,127500,69,69,0,Old
1Fam,1Story,2,5,1920,1950,Gable,CompShg,Wd Sdng,Wd Sdng,,0.0,60000,105,75,1,Very Old
1Fam,1.5Unf,5,6,1941,1950,Gable,CompShg,MetalSd,MetalSd,,0.0,87000,84,75,1,Old
1Fam,2Story,6,6,1962,1962,Gable,CompShg,HdBoard,HdBoard,BrkFace,318.0,171000,63,63,0,Old
1Fam,1Story,5,7,1925,1950,Gable,CompShg,MetalSd,MetalSd,,0.0,88000,100,75,1,Old
1Fam,1Story,8,5,2007,2008,Gable,CompShg,VinylSd,VinylSd,Stone,200.0,306000,18,17,1,New
1Fam,1Story,9,5,2006,2006,Hip,CompShg,VinylSd,VinylSd,BrkFace,584.0,315000,19,19,0,New
1Fam,2Story,7,5,2001,2001,Gable,CompShg,VinylSd,VinylSd,BrkFace,172.0,231500,24,24,0,Moderate
1Fam,2Story,6,5,1966,1966,Gable,CompShg,MetalSd,MetalSd,BrkFace,351.0,155000,59,59,0,Old
1Fam,2Story,7,5,2003,2004,Gable,CompShg,VinylSd,VinylSd,,0.0,263000,22,21,1,Moderate
1Fam,2Story,7,6,2007,2007,Gable,CompShg,VinylSd,VinylSd,,0.0,227875,18,18,0,New
1Fam,1Story,4,4,1950,1950,Gable,CompShg,Wd Sdng,AsbShng,,0.0,82000,75,75,0,Old
1Fam,1Story,9,5,2009,2009,Gable,CompShg,CemntBd,CmentBd,Stone,162.0,370878,16,16,0,New
1Fam,1Story,5,7,1962,2001,Gable,CompShg,HdBoard,Plywood,,0.0,132500,63,24,1,Old
1Fam,1.5Fin,5,8,1915,1950,Gable,CompShg,Wd Sdng,Wd Sdng,,0.0,153900,110,75,1,Very Old
1Fam,1Story,7,5,2006,2006,Gable,CompShg,VinylSd,VinylSd,,0.0,194000,19,19,0,New
Duplex,1.5Fin,5,7,1900,2003,Gable,CompShg,MetalSd,MetalSd,,0.0,145900,125,22,1,Very Old
1Fam,1Story,5,6,1966,2006,Gable,CompShg,HdBoard,HdBoard,,0.0,149350,59,19,1,Old
1Fam,1Story,6,5,2003,2003,Gable,CompShg,VinylSd,VinylSd,BrkFace,120.0,200000,22,22,0,Moderate
1Fam,2Story,9,5,2000,2000,Hip,CompShg,VinylSd,VinylSd,BrkFace,204.0,313000,25,25,0,Moderate
Duplex,1Story,5,5,1977,1977,Gable,CompShg,Plywood,Plywood,BrkFace,320.0,144000,48,48,0,Moderate
1Fam,2Story,8,5,1998,1998,Gable,CompShg,VinylSd,VinylSd,BrkFace,731.0,340000,27,27,0,Moderate
1Fam,2Story,5,6,1923,2004,Gable,CompShg,Wd Sdng,Wd Sdng,,0.0,223500,102,21,1,Very Old
1Fam,1Story,5,6,1956,1987,Gable,CompShg,CemntBd,Wd Sdng,,0.0,168000,69,38,1,Old
1Fam,1.5Fin,4,6,1920,1950,Gable,CompShg,MetalSd,MetalSd,,0.0,108000,105,75,1,Very Old
1Fam,1Story,8,5,2009,2009,Gable,CompShg,CemntBd,CmentBd,Stone,72.0,229456,16,16,0,New
TwnhsE,1Story,6,5,1984,1984,Gable,CompShg,Plywood,Plywood,,0.0,125000,41,41,0,Moderate
1Fam,1Story,4,6,1941,1950,Hip,CompShg,MetalSd,MetalSd,,0.0,113000,84,75,1,Old
1Fam,2Story,6,5,2000,2000,Gable,CompShg,VinylSd,VinylSd,BrkFace,318.0,186500,25,25,0,Moderate
1Fam,SLvl,7,5,2005,2005,Gable,CompShg,VinylSd,VinylSd,Stone,182.0,190000,20,20,0,New
1Fam,1Story,5,5,1960,1960,Gable,CompShg,MetalSd,HdBoard,BrkFace,324.0,167500,65,65,0,Old
1Fam,1Story,6,7,1976,1976,Hip,CompShg,HdBoard,HdBoard,BrkFace,174.0,148000,49,49,0,Moderate
1Fam,2Story,4,4,1925,1950,Gable,CompShg,MetalSd,MetalSd,,0.0,107000,100,75,1,Old
1Fam,2Story,7,5,2003,2003,Gable,CompShg,VinylSd,VinylSd,,0.0,180000,22,22,0,Moderate
1Fam,1.5Fin,5,8,1875,1996,Gable,CompShg,VinylSd,VinylSd,,0.0,94000,150,29,1,Very Old
Twnhs,2Story,6,5,2000,2000,Gable,CompShg,MetalSd,MetalSd,BrkFace,456.0,177000,25,25,0,Moderate
1Fam,1.5Fin,4,5,1947,1950,Gable,CompShg,AsbShng,AsbShng,,0.0,80500,78,75,1,Old
1Fam,1Story,5,5,1967,1967,Gable,CompShg,HdBoard,HdBoard,,0.0,125000,58,58,0,Old
1Fam,1Story,4,5,2003,2004,Gable,CompShg,VinylSd,VinylSd,,0.0,140000,22,21,1,Moderate
2fmCon,2Story,4,7,1900,2000,Gable,CompShg,MetalSd,MetalSd,,0.0,106250,125,25,1,Very Old
1Fam,2Story,6,5,1994,1995,Gable,CompShg,HdBoard,HdBoard,,0.0,174000,31,30,1,Moderate
1Fam,1Story,6,8,1961,1996,Hip,CompShg,HdBoard,HdBoard,,0.0,142000,64,29,1,Old
1Fam,2Story,9,5,2004,2005,Hip,CompShg,VinylSd,VinylSd,Stone,216.0,350000,21,20,1,Moderate
Twnhs,2Story,5,5,1971,1971,Gable,CompShg,HdBoard,HdBoard,BrkFace,142.0,112000,54,54,0,Old
1Fam,1Story,6,5,2009,2009,Gable,CompShg,VinylSd,VinylSd,,0.0,186000,16,16,0,New
1Fam,1.5Unf,7,7,1930,1950,Gable,CompShg,Wd Sdng,Wd Sdng,,0.0,139400,95,75,1,Old
1Fam,1Story,8,5,2006,2006,Gable,CompShg,VinylSd,VinylSd,Stone,250.0,255500,19,19,0,New
1Fam,1Story,9,5,2009,2010,Hip,CompShg,VinylSd,VinylSd,Stone,450.0,395192,16,15,1,New
1Fam,SLvl,5,8,1977,1977,Gable,CompShg,HdBoard,HdBoard,BrkFace,220.0,149900,48,48,0,Moderate
1Fam,1Story,5,6,1961,1961,Hip,CompShg,Wd Sdng,Wd Sdng,,0.0,136500,64,64,0,Old
1Fam,2Story,8,7,1999,2007,Gable,CompShg,VinylSd,VinylSd,BrkFace,348.0,290000,26,18,1,Moderate
1Fam,1Story,4,5,1951,1951,Gable,CompShg,Wd Sdng,Wd Sdng,,0.0,102000,74,74,0,Old
1Fam,SFoyer,5,7,1961,1995,Gable,CompShg,HdBoard,HdBoard,,0.0,148000,64,30,1,Old
Twnhs,2Story,7,5,1999,1999,Hip,CompShg,MetalSd,MetalSd,,0.0,155000,26,26,0,Moderate
1Fam,1Story,5,5,1972,1972,Hip,CompShg,MetalSd,MetalSd,,0.0,123000,53,53,0,Old
1Fam,1Story,5,3,1961,1961,Hip,CompShg,HdBoard,HdBoard,BrkCmn,203.0,98600,64,64,0,Old
1Fam,SLvl,6,7,1971,1971,Gable,CompShg,HdBoard,HdBoard,BrkFace,80.0,155000,54,54,0,Old
1Fam,1Story,5,5,1968,1968,Gable,CompShg,VinylSd,VinylSd,,0.0,129000,57,57,0,Old
1Fam,1Story,3,6,1931,2006,Gable,CompShg,MetalSd,MetalSd,,0.0,79000,94,19,1,Old
1Fam,2Story,7,6,1994,1994,Gable,CompShg,HdBoard,HdBoard,,0.0,248000,31,31,0,Moderate
1Fam,1Story,5,7,1957,2000,Hip,CompShg,MetalSd,MetalSd,,0.0,153000,68,25,1,Old
1Fam,1Story,7,6,1973,1973,Hip,CompShg,HdBoard,HdBoard,BrkFace,320.0,175500,52,52,0,Old
1Fam,1Story,4,4,1976,1993,Gable,CompShg,Plywood,Plywood,,0.0,150000,49,32,1,Moderate
1Fam,1Story,7,5,1965,1965,Hip,CompShg,BrkFace,BrkFace,,0.0,375000,60,60,0,Old
1Fam,SLvl,7,5,1992,1992,Gable,CompShg,HdBoard,HdBoard,BrkFace,170.0,163900,33,33,0,Moderate
1Fam,1Story,6,6,1925,1980,Gable,CompShg,MetalSd,MetalSd,,0.0,110500,100,45,1,Old
1Fam,2Story,7,5,2004,2004,Gable,CompShg,VinylSd,VinylSd,,0.0,233000,21,21,0,Moderate
1Fam,1.5Fin,5,7,1949,2006,Gable,CompShg,MetalSd,MetalSd,,0.0,122900,76,19,1,Old
1Fam,2Story,8,5,1994,1994,Hip,CompShg,VinylSd,VinylSd,BrkFace,391.0,290000,31,31,0,Moderate
1Fam,2Story,9,5,2005,2006,Hip,CompShg,WdShing,Wd Shng,Stone,286.0,345000,20,19,1,New
1Fam,2Story,10,5,2007,2008,Hip,CompShg,CemntBd,CmentBd,Stone,762.0,184750,18,17,1,New
1Fam,1Story,6,6,1958,1958,Gable,CompShg,MetalSd,MetalSd,BrkFace,243.0,157900,67,67,0,Old
1Fam,2Story,6,8,1932,1950,Gable,CompShg,Wd Sdng,Wd Sdng,,0.0,239000,93,75,1,Old
1Fam,1Story,5,5,2006,2006,Gable,CompShg,VinylSd,VinylSd,,0.0,84500,19,19,0,New
1Fam,1Story,6,5,1967,1967,Gable,CompShg,BrkFace,Wd Sdng,,0.0,161500,58,58,0,Old
1Fam,1Story,7,5,2000,2000,Gable,CompShg,VinylSd,VinylSd,BrkFace,244.0,235000,25,25,0,Moderate
1Fam,1Story,5,4,1959,1959,Gable,CompShg,HdBoard,Plywood,BrkFace,132.0,149900,66,66,0,Old
1Fam,2Story,6,6,1968,1968,Gable,CompShg,HdBoard,HdBoard,BrkFace,420.0,179900,57,57,0,Old
1Fam,1Story,6,8,1958,2002,Hip,CompShg,MetalSd,MetalSd,,0.0,176500,67,23,1,Old
1Fam,1.5Fin,6,7,1958,2006,Gable,CompShg,Wd Sdng,HdBoard,BrkCmn,472.0,277000,67,19,1,Old
1Fam,2Story,7,6,1940,1984,Gable,CompShg,Wd Sdng,Wd Sdng,,0.0,219500,85,41,1,Old
1Fam,1Story,6,5,1977,1977,Gable,CompShg,Plywood,Plywood,BrkFace,360.0,167900,48,48,0,Moderate
1Fam,1Story,5,5,2004,2004,Gable,CompShg,VinylSd,VinylSd,,0.0,159000,21,21,0,Moderate
1Fam,2Story,7,5,2009,2009,Gable,CompShg,VinylSd,VinylSd,,0.0,224500,16,16,0,New
1Fam,1Story,5,5,1968,1968,Gable,CompShg,Plywood,Plywood,,0.0,108000,57,57,0,Old
1Fam,1Story,5,7,1972,1972,Gable,CompShg,VinylSd,VinylSd,,0.0,149900,53,53,0,Old
1Fam,1.5Fin,5,5,1954,1954,Gable,CompShg,MetalSd,MetalSd,BrkFace,335.0,131500,71,71,0,Old
TwnhsE,2Story,7,5,2005,2005,Gable,CompShg,MetalSd,MetalSd,,0.0,144152,20,20,0,New
Duplex,SFoyer,6,5,1977,1977,Gable,CompShg,Plywood,ImStucc,BrkFace,90.0,135000,48,48,0,Moderate
1Fam,2Story,7,9,1920,1988,Hip,CompShg,VinylSd,VinylSd,,0.0,143000,105,37,1,Very Old
1Fam,1.5Fin,6,6,1931,1950,Gable,CompShg,Wd Sdng,Wd Sdng,,0.0,127500,94,75,1,Old
1Fam,1.5Fin,6,7,1962,1981,Gable,CompShg,Wd Sdng,Wd Sdng,,0.0,159000,63,44,1,Old
1Fam,1.5Fin,6,5,1939,1950,Gable,CompShg,MetalSd,MetalSd,,0.0,140200,86,75,1,Old
1Fam,1Story,5,7,1958,2008,Gable,CompShg,Wd Sdng,Plywood,,0.0,116500,67,17,1,Old
1Fam,2Story,7,5,1990,1990,Hip,CompShg,Plywood,Plywood,,0.0,320000,35,35,0,Moderate
1Fam,1Story,5,6,1975,1975,Gable,CompShg,HdBoard,HdBoard,,0.0,153500,50,50,0,Moderate
1Fam,2Story,8,9,1976,1996,Hip,CompShg,VinylSd,VinylSd,BrkFace,289.0,299800,49,29,1,Moderate
2fmCon,1Story,4,5,1970,1970,Gable,CompShg,HdBoard,HdBoard,BrkFace,160.0,129000,55,55,0,Old
1Fam,SLvl,6,7,1984,2003,Hip,CompShg,VinylSd,VinylSd,BrkFace,74.0,178000,41,22,1,Moderate
1Fam,1Story,8,5,2008,2008,Gable,CompShg,VinylSd,VinylSd,Stone,72.0,245350,17,17,0,New
1Fam,1.5Fin,5,4,1900,1950,Gable,CompShg,Wd Sdng,Wd Sdng,,0.0,79000,125,75,1,Very Old
1Fam,2Story,8,4,1918,1990,Gable,CompShg,Stucco,Stucco,,0.0,235000,107,35,1,Very Old
1Fam,SLvl,7,6,1968,1992,Gable,CompShg,MetalSd,MetalSd,BrkFace,143.0,170000,57,33,1,Old
1Fam,1Story,6,6,1957,1957,Gable,CompShg,VinylSd,VinylSd,,0.0,150000,68,68,0,Old
1Fam,2Story,8,5,2006,2006,Gable,CompShg,VinylSd,VinylSd,Stone,788.0,281000,19,19,0,New
1Fam,1.5Fin,6,9,1937,2000,Gable,CompShg,MetalSd,MetalSd,,0.0,134900,88,25,1,Old
1Fam,2Story,9,5,2008,2009,Hip,CompShg,VinylSd,VinylSd,Stone,860.0,485000,17,16,1,New
1Fam,2Story,7,9,1941,2006,Gable,CompShg,CemntBd,CmentBd,,0.0,266500,84,19,1,Old
Duplex,1Story,5,5,1967,1967,Gable,CompShg,Plywood,Plywood,,0.0,124000,58,58,0,Old
1Fam,1Story,4,5,1941,1950,Gable,CompShg,WdShing,Wd Shng,,0.0,100000,84,75,1,Old
1Fam,2Story,7,5,1992,1992,Gable,CompShg,HdBoard,HdBoard,,0.0,190000,33,33,0,Moderate
1Fam,1Story,5,7,1977,1989,Gable,CompShg,HdBoard,Plywood,,0.0,143500,48,36,1,Moderate
1Fam,1Story,4,5,1950,1950,Gable,CompShg,BrkFace,Wd Sdng,,0.0,109900,75,75,0,Old
1Fam,2Story,8,5,1995,1995,Gable,CompShg,VinylSd,VinylSd,BrkFace,513.0,290000,30,30,0,Moderate
TwnhsE,2Story,7,5,2005,2005,Gable,CompShg,MetalSd,MetalSd,,0.0,151000,20,20,0,New
1Fam,2Story,6,7,1942,1950,Gable,CompShg,Wd Sdng,Wd Sdng,,0.0,177500,83,75,1,Old
Duplex,1Story,4,3,1977,1977,Gable,CompShg,MetalSd,MetalSd,,0.0,150000,48,48,0,Moderate
1Fam,1Story,8,5,2007,2007,Gable,CompShg,CemntBd,CmentBd,Stone,140.0,225000,18,18,0,New
1Fam,1Story,7,5,1976,1976,Gable,CompShg,HdBoard,HdBoard,BrkFace,189.0,152000,49,49,0,Moderate
1Fam,2Story,6,6,1925,1950,Gambrel,CompShg,Wd Sdng,Wd Sdng,,0.0,103600,100,75,1,Old
1Fam,2Story,6,7,1910,1993,Gable,CompShg,VinylSd,VinylSd,,0.0,114504,115,32,1,Very Old
1Fam,2Story,7,9,1936,2007,Gable,CompShg,Wd Sdng,Wd Sdng,,0.0,155000,89,18,1,Old
TwnhsE,1Story,7,5,2005,2006,Gable,CompShg,VinylSd,VinylSd,Stone,94.0,202665,20,19,1,New
1Fam,1Story,1,3,1946,1950,Gable,CompShg,VinylSd,VinylSd,,0.0,39300,79,75,1,Old
1Fam,2Story,8,5,2004,2004,Gable,CompShg,VinylSd,VinylSd,,0.0,178000,21,21,0,Moderate
1Fam,1.5Fin,6,4,1954,1972,Gable,CompShg,Wd Sdng,Wd Sdng,,0.0,136900,71,53,1,Old
1Fam,2Story,7,5,1994,1994,Gable,CompShg,VinylSd,VinylSd,BrkFace,448.0,271000,31,31,0,Moderate
1Fam,1Story,5,5,1924,1950,Gable,CompShg,Wd Sdng,Wd Sdng,,0.0,100000,101,75,1,Very Old
1Fam,2Story,6,7,1977,1995,Gable,CompShg,HdBoard,HdBoard,BrkFace,424.0,272000,48,30,1,Moderate
TwnhsE,1Story,6,5,1992,1992,Gable,CompShg,Plywood,ImStucc,,0.0,179200,33,33,0,Moderate
Duplex,2Story,5,5,1952,1952,Hip,CompShg,Wd Sdng,Wd Sdng,BrkFace,360.0,124500,73,73,0,Old
1Fam,1Story,8,5,2008,2008,Hip,CompShg,VinylSd,VinylSd,Stone,464.0,372500,17,17,0,New
1Fam,2Story,7,5,2004,2005,Gable,CompShg,VinylSd,VinylSd,,0.0,215000,21,20,1,Moderate
1Fam,1.5Fin,6,8,1920,1950,Gable,CompShg,Stucco,Stucco,,0.0,116000,105,75,1,Very Old
1Fam,2Story,7,5,2001,2001,Gable,CompShg,VinylSd,VinylSd,,0.0,226000,24,24,0,Moderate
1Fam,1.5Fin,6,8,1920,2000,Gable,CompShg,Wd Sdng,Wd Sdng,,0.0,110000,105,25,1,Very Old
1Fam,2Story,7,5,2005,2005,Gable,CompShg,VinylSd,VinylSd,,0.0,226700,20,20,0,New
1Fam,1Story,7,5,2004,2004,Gable,CompShg,VinylSd,VinylSd,BrkFace,266.0,210000,21,21,0,Moderate
1Fam,1Story,9,5,2007,2007,Gable,CompShg,VinylSd,VinylSd,,0.0,239000,18,18,0,New
1Fam,1Story,5,6,1940,1969,Gable,CompShg,WdShing,Wd Shng,,0.0,108000,85,56,1,Old
Twnhs,2Story,6,5,1972,1972,Gable,CompShg,HdBoard,HdBoard,BrkFace,297.0,94500,53,53,0,Old
1Fam,1.5Fin,6,7,1940,1950,Gable,CompShg,VinylSd,VinylSd,,0.0,139500,85,75,1,Old
1Fam,1Story,8,5,1981,1981,Hip,WdShngl,BrkFace,BrkFace,,0.0,278000,44,44,0,Moderate
1Fam,1.5Fin,4,8,1922,2007,Gable,CompShg,VinylSd,VinylSd,,0.0,125500,103,18,1,Very Old
1Fam,1Story,6,6,1960,1987,Gable,CompShg,Wd Sdng,Wd Sdng,BrkFace,85.0,181900,65,38,1,Old
1Fam,2Story,8,9,1882,1986,Gable,CompShg,Wd Sdng,Wd Sdng,,0.0,168000,143,39,1,Very Old
1Fam,SLvl,6,5,1969,1969,Flat,Metal,Plywood,Plywood,,0.0,180000,56,56,0,Old
1Fam,SFoyer,7,5,2003,2003,Gable,CompShg,HdBoard,HdBoard,BrkFace,500.0,198500,22,22,0,Moderate
1Fam,1Story,10,5,2001,2002,Hip,CompShg,VinylSd,VinylSd,BrkFace,705.0,466500,24,23,1,Moderate
1Fam,2Story,6,5,2005,2006,Gable,CompShg,VinylSd,VinylSd,,0.0,163990,20,19,1,New
1Fam,1Story,10,5,2003,2003,Hip,CompShg,VinylSd,VinylSd,BrkFace,922.0,386250,22,22,0,Moderate
1Fam,1Story,6,5,1923,1950,Gable,CompShg,Wd Sdng,Wd Sdng,,0.0,125000,102,75,1,Very Old
1Fam,1Story,6,5,2006,2006,Gable,CompShg,VinylSd,VinylSd,,0.0,176432,19,19,0,New
1Fam,1Story,4,7,1916,1990,Gable,CompShg,MetalSd,MetalSd,,0.0,109900,109,35,1,Very Old
1Fam,1Story,6,5,1957,1957,Gable,CompShg,HdBoard,HdBoard,BrkFace,387.0,166000,68,68,0,Old
1Fam,2Story,8,5,2005,2006,Gable,CompShg,VinylSd,VinylSd,,0.0,252000,20,19,1,New
1Fam,2Story,7,5,1990,1991,Gable,CompShg,MetalSd,MetalSd,,0.0,250000,35,34,1,Moderate
1Fam,2Story,7,5,1998,1999,Gable,CompShg,VinylSd,VinylSd,BrkFace,202.0,222500,27,26,1,Moderate
1Fam,2Story,5,7,1976,1976,Gable,CompShg,Plywood,Plywood,BrkFace,44.0,197500,49,49,0,Moderate
Duplex,2Story,5,5,1979,1979,Gable,CompShg,Plywood,Plywood,,0.0,142953,46,46,0,Moderate
1Fam,2Story,6,5,1997,1997,Gable,CompShg,VinylSd,VinylSd,,0.0,204750,28,28,0,Moderate
1Fam,1.5Fin,5,4,1952,1952,Gable,CompShg,BrkFace,Wd Sdng,,0.0,166000,73,73,0,Old
Duplex,2Story,5,6,1949,1950,Gable,CompShg,MetalSd,MetalSd,,0.0,145000,76,75,1,Old
Duplex,1Story,5,5,1965,1965,Gable,CompShg,HdBoard,HdBoard,BrkFace,108.0,142600,60,60,0,Old
1Fam,1Story,5,7,1966,1966,Gable,CompShg,HdBoard,HdBoard,BrkCmn,41.0,109900,59,59,0,Old
1Fam,1Story,6,5,1953,1953,Hip,CompShg,HdBoard,HdBoard,Stone,238.0,167000,72,72,0,Old
1Fam,2Story,6,5,2000,2000,Gable,CompShg,VinylSd,VinylSd,,0.0,172400,25,25,0,Moderate
1Fam,2Story,7,5,2009,2009,Gable,CompShg,VinylSd,VinylSd,,0.0,215200,16,16,0,New
1Fam,1Story,6,6,1964,1964,Gable,CompShg,HdBoard,Plywood,BrkFace,180.0,167000,61,61,0,Old
1Fam,SFoyer,5,6,1982,1982,Hip,CompShg,HdBoard,HdBoard,,0.0,137000,43,43,0,Moderate
2fmCon,2Story,5,6,1912,2000,Gable,CompShg,VinylSd,VinylSd,,0.0,135900,113,25,1,Very Old
1Fam,1.5Fin,5,8,1925,1994,Gambrel,CompShg,VinylSd,VinylSd,,0.0,125000,100,31,1,Old
1Fam,1Story,9,5,2004,2005,Hip,CompShg,VinylSd,VinylSd,BrkFace,378.0,326000,21,20,1,Moderate
1Fam,2Story,7,5,1988,1988,Gable,CompShg,HdBoard,HdBoard,BrkFace,42.0,196500,37,37,0,Moderate
1Fam,1.5Fin,5,5,1958,1958,Gable,CompShg,MetalSd,MetalSd,,0.0,172500,67,67,0,Old
1Fam,2Story,7,5,1998,1998,Gable,CompShg,VinylSd,VinylSd,BrkFace,30.0,221000,27,27,0,Moderate
1Fam,2Story,8,5,1872,1987,Gable,CompShg,MetalSd,MetalSd,,0.0,122000,153,38,1,Very Old
Duplex,2Story,5,5,1948,1950,Gable,Roll,AsbShng,AsbShng,Stone,567.0,137000,77,75,1,Old
1Fam,2Story,6,5,2003,2003,Gable,CompShg,VinylSd,VinylSd,,0.0,207500,22,22,0,Moderate
TwnhsE,1Story,6,5,1993,1994,Gable,CompShg,Plywood,Plywood,,0.0,193000,32,31,1,Moderate
1Fam,1Story,5,6,1957,1957,Gable,CompShg,MetalSd,MetalSd,,0.0,145000,68,68,0,Old
1Fam,2Story,7,5,1998,1998,Gable,CompShg,VinylSd,VinylSd,BrkFace,40.0,185000,27,27,0,Moderate
TwnhsE,1Story,9,5,2005,2005,Hip,CompShg,MetalSd,MetalSd,BrkFace,246.0,277500,20,20,0,New
1Fam,1Story,6,5,2006,2006,Gable,CompShg,VinylSd,VinylSd,Stone,68.0,185000,19,19,0,New
1Fam,2Story,6,6,1968,1968,Gable,CompShg,MetalSd,MetalSd,,0.0,154000,57,57,0,Old
1Fam,2Story,8,5,2005,2006,Gable,CompShg,VinylSd,VinylSd,BrkFace,380.0,325300,20,19,1,New
1Fam,1Story,5,6,1957,1996,Hip,CompShg,Wd Sdng,Wd Sdng,BrkFace,180.0,121500,68,29,1,Old
1Fam,1Story,6,6,1970,1970,Hip,CompShg,HdBoard,HdBoard,BrkFace,571.0,185000,55,55,0,Old
1Fam,2Story,9,5,2008,2008,Gable,CompShg,VinylSd,VinylSd,Stone,154.0,335000,17,17,0,New
1Fam,1Story,7,5,1998,1998,Gable,CompShg,VinylSd,VinylSd,,0.0,215000,27,27,0,Moderate
1Fam,2Story,6,5,1992,1993,Gable,CompShg,VinylSd,VinylSd,,0.0,178000,33,32,1,Moderate
1Fam,2Story,6,5,1997,1997,Gable,CompShg,VinylSd,VinylSd,,0.0,185000,28,28,0,Moderate
1Fam,1Story,5,7,1955,1990,Hip,CompShg,WdShing,Plywood,,0.0,115000,70,35,1,Old
1Fam,1.5Unf,6,6,1954,1954,Gable,CompShg,MetalSd,MetalSd,,0.0,105500,71,71,0,Old
1Fam,2Story,7,5,1994,1996,Gable,CompShg,MetalSd,MetalSd,,0.0,194500,31,29,1,Moderate
1Fam,1Story,3,6,1949,1950,Hip,CompShg,VinylSd,VinylSd,,0.0,72500,76,75,1,Old
1Fam,2Story,8,5,1999,2000,Gable,CompShg,VinylSd,VinylSd,BrkFace,320.0,230000,26,25,1,Moderate
TwnhsE,2Story,6,6,1980,1980,Gable,CompShg,Plywood,Plywood,,0.0,120000,45,45,0,Moderate
1Fam,2Story,6,6,1968,1968,Mansard,CompShg,HdBoard,AsphShn,BrkFace,365.0,175000,57,57,0,Old
1Fam,2Story,5,4,1969,1969,Gable,CompShg,HdBoard,HdBoard,BrkFace,232.0,172000,56,56,0,Old
1Fam,1.5Fin,5,6,1940,1950,Gable,CompShg,MetalSd,MetalSd,,0.0,126000,85,75,1,Old
1Fam,1Story,6,7,1972,2006,Hip,CompShg,Plywood,Plywood,,0.0,197500,53,19,1,Old
1Fam,2Story,7,5,1998,1998,Hip,CompShg,VinylSd,VinylSd,,0.0,176500,27,27,0,Moderate
1Fam,1Story,7,7,1968,2003,Hip,CompShg,BrkFace,HdBoard,,0.0,262500,57,22,1,Old
1Fam,1Story,5,5,1920,1950,Gable,CompShg,Stucco,Stucco,,0.0,144000,105,75,1,Very Old
1Fam,2Story,8,5,2009,2010,Gable,CompShg,VinylSd,VinylSd,BrkFace,84.0,269500,16,15,1,New
1Fam,2Story,10,5,2008,2008,Hip,ClyTile,Stucco,Stucco,Stone,796.0,160000,17,17,0,New
1Fam,1Story,5,5,1959,1959,Gable,CompShg,BrkFace,Wd Sdng,,0.0,133700,66,66,0,Old
1Fam,1Story,6,5,1926,1950,Gable,CompShg,Wd Sdng,Wd Sdng,,0.0,102000,99,75,1,Old
1Fam,2Story,9,5,2005,2007,Hip,CompShg,VinylSd,VinylSd,BrkFace,245.0,325000,20,18,1,New
1Fam,1Story,7,5,2009,2009,Gable,CompShg,VinylSd,VinylSd,Stone,268.0,233170,16,16,0,New
1Fam,2Story,7,5,2003,2003,Gable,CompShg,VinylSd,VinylSd,,0.0,183000,22,22,0,Moderate
1Fam,1Story,5,7,1965,1965,Hip,CompShg,MetalSd,MetalSd,BrkFace,168.0,156000,60,60,0,Old
1Fam,1Story,7,5,2004,2004,Hip,CompShg,VinylSd,VinylSd,,0.0,259000,21,21,0,Moderate
1Fam,1Story,5,6,1913,2002,Gable,CompShg,WdShing,Stucco,,0.0,90350,112,23,1,Very Old
1Fam,1Story,8,5,2005,2006,Gable,CompShg,VinylSd,Other,BrkFace,238.0,319000,20,19,1,New
1Fam,2Story,10,5,1996,1996,Hip,CompShg,Wd Sdng,ImStucc,,0.0,745000,29,29,0,Moderate
1Fam,1.5Fin,6,6,1941,1950,Gable,CompShg,Wd Sdng,Wd Sdng,,0.0,131000,84,75,1,Old
1Fam,1Story,6,7,1970,1970,Gable,CompShg,Wd Sdng,Wd Sdng,BrkFace,180.0,149000,55,55,0,Old
1Fam,SLvl,6,7,1966,1966,Flat,Tar&Grv,Plywood,Plywood,,0.0,274970,59,59,0,Old
1Fam,2Story,10,5,2007,2008,Gable,CompShg,VinylSd,VinylSd,Stone,272.0,426000,18,17,1,New
TwnhsE,1Story,7,5,2005,2006,Gable,CompShg,VinylSd,VinylSd,BrkFace,14.0,191000,20,19,1,New
1Fam,1Story,5,5,1962,1962,Gable,CompShg,HdBoard,HdBoard,,0.0,143900,63,63,0,Old
1Fam,2Story,8,5,2007,2007,Gable,CompShg,CemntBd,CmentBd,,0.0,303477,18,18,0,New
1Fam,2Story,8,7,1925,1996,Hip,CompShg,Stucco,Wd Shng,,0.0,161000,100,29,1,Old
1Fam,1Story,6,6,1978,1988,Gable,CompShg,Plywood,Plywood,Stone,119.0,210000,47,37,1,Moderate
TwnhsE,1Story,8,5,2006,2006,Hip,CompShg,VinylSd,VinylSd,,0.0,264561,19,19,0,New
1Fam,2Story,7,5,1991,1991,Gable,CompShg,HdBoard,HdBoard,,0.0,238000,34,34,0,Moderate
1Fam,1Story,6,7,1954,2006,Hip,CompShg,HdBoard,HdBoard,BrkFace,72.0,224000,71,19,1,Old
1Fam,1Story,3,5,1955,1955,Hip,CompShg,BrkFace,Wd Sdng,,0.0,139600,70,70,0,Old
1Fam,1.5Fin,5,5,1948,1950,Gable,CompShg,Wd Sdng,Wd Sdng,,0.0,135000,77,75,1,Old
Duplex,SFoyer,7,5,1997,1998,Gable,CompShg,VinylSd,VinylSd,BrkFace,200.0,206300,28,27,1,Moderate
1Fam,2Story,6,5,2005,2005,Gable,CompShg,VinylSd,VinylSd,,0.0,176000,20,20,0,New
1Fam,1.5Fin,8,9,1935,1997,Gable,CompShg,Stucco,Stucco,BrkFace,632.0,381000,90,28,1,Old
1Fam,2Story,5,5,1967,1967,Flat,Tar&Grv,Plywood,Plywood,,0.0,185000,58,58,0,Old
TwnhsE,SLvl,6,5,2005,2005,Gable,CompShg,VinylSd,VinylSd,BrkFace,80.0,148000,20,20,0,New
1Fam,1Story,6,6,1958,1958,Hip,CompShg,MetalSd,MetalSd,,0.0,163000,67,67,0,Old
Duplex,1Story,5,4,1964,1964,Gable,CompShg,HdBoard,HdBoard,BrkFace,84.0,119000,61,61,0,Old
1Fam,2Story,6,7,1914,2006,Gable,CompShg,Wd Sdng,Wd Sdng,,0.0,127000,111,19,1,Very Old
1Fam,SLvl,6,6,1958,1958,Gable,CompShg,HdBoard,HdBoard,BrkFace,541.0,137500,67,67,0,Old
1Fam,1Story,7,5,2003,2003,Gable,CompShg,VinylSd,VinylSd,,,184900,22,22,0,Moderate
TwnhsE,2Story,5,6,1977,1977,Gable,CompShg,CemntBd,CmentBd,,0.0,127000,48,48,0,Moderate
1Fam,1Story,5,8,1968,2001,Gable,CompShg,Plywood,Plywood,,0.0,154000,57,24,1,Old
Twnhs,2Story,6,5,1973,1973,Gable,CompShg,HdBoard,HdBoard,BrkFace,285.0,113000,52,52,0,Old
1Fam,1Story,5,7,1962,1962,Gable,CompShg,HdBoard,HdBoard,BrkFace,189.0,157900,63,63,0,Old
1Fam,1.5Unf,5,6,1924,1950,Gable,CompShg,MetalSd,MetalSd,,0.0,109500,101,75,1,Very Old
1Fam,1.5Fin,7,5,2003,2003,Gable,CompShg,VinylSd,VinylSd,,0.0,239686,22,22,0,Moderate
1Fam,1Story,5,9,1945,1997,Gable,CompShg,VinylSd,VinylSd,,0.0,110500,80,28,1,Old
1Fam,2Story,8,5,1998,1998,Gable,CompShg,VinylSd,VinylSd,BrkFace,530.0,280000,27,27,0,Moderate
1Fam,1Story,8,5,2007,2007,Gable,CompShg,VinylSd,VinylSd,Stone,468.0,245000,18,18,0,New
2fmCon,2Story,4,5,1930,1950,Hip,CompShg,VinylSd,Wd Shng,,0.0,55000,95,75,1,Old
TwnhsE,1Story,7,5,2005,2006,Gable,CompShg,VinylSd,VinylSd,BrkFace,11.0,160200,20,19,1,New
TwnhsE,1Story,8,5,2001,2001,Gable,CompShg,CemntBd,CmentBd,,0.0,213500,24,24,0,Moderate
1Fam,1.5Fin,6,6,1937,1950,Gable,CompShg,MetalSd,MetalSd,,0.0,119500,88,75,1,Old
1Fam,1.5Fin,7,5,1988,1988,Gable,CompShg,HdBoard,HdBoard,BrkFace,178.0,229000,37,37,0,Moderate
Twnhs,2Story,6,6,1978,1978,Gable,CompShg,Plywood,Brk Cmn,,0.0,148500,47,47,0,Moderate
1Fam,1Story,5,3,1958,1958,Gable,CompShg,BrkComm,Brk Cmn,,0.0,60000,67,67,0,Old
1Fam,2Story,6,6,1977,1977,Hip,CompShg,HdBoard,Plywood,BrkFace,140.0,159500,48,48,0,Moderate
Twnhs,2Story,6,7,1972,1972,Gable,CompShg,HdBoard,HdBoard,BrkFace,281.0,118000,53,53,0,Old
1Fam,2Story,7,6,1965,1988,Gable,CompShg,VinylSd,VinylSd,Stone,288.0,201800,60,37,1,Old
2fmCon,1Story,5,5,1953,1953,Hip,CompShg,MetalSd,MetalSd,BrkFace,56.0,157000,72,72,0,Old
1Fam,1Story,6,5,1985,1985,Gable,CompShg,Wd Sdng,Wd Shng,BrkFace,85.0,180000,40,40,0,Moderate
1Fam,2Story,9,5,1999,1999,Gable,CompShg,VinylSd,VinylSd,BrkFace,165.0,333168,26,26,0,Moderate
1Fam,1.5Fin,4,3,1928,1950,Gable,CompShg,WdShing,Plywood,,0.0,135000,97,75,1,Old
1Fam,1Story,6,5,1974,1974,Hip,CompShg,HdBoard,HdBoard,BrkFace,174.0,165000,51,51,0,Old
1Fam,2Story,6,5,1993,1993,Gable,CompShg,HdBoard,HdBoard,BrkFace,120.0,187000,32,32,0,Moderate
1Fam,1Story,4,5,1963,1979,Gable,CompShg,HdBoard,HdBoard,BrkFace,51.0,148000,62,46,1,Old
1Fam,1Story,7,5,1988,1988,Gable,CompShg,Wd Sdng,Wd Sdng,BrkFace,102.0,241500,37,37,0,Moderate
TwnhsE,1Story,7,5,2003,2004,Gable,CompShg,VinylSd,VinylSd,BrkFace,18.0,234000,22,21,1,Moderate
TwnhsE,1Story,6,5,2004,2004,Gable,CompShg,VinylSd,VinylSd,BrkFace,147.0,141000,21,21,0,Moderate
1Fam,1Story,7,5,2004,2005,Gable,CompShg,VinylSd,VinylSd,BrkFace,120.0,141000,21,20,1,Moderate
TwnhsE,1Story,6,5,1979,1979,Gable,CompShg,Plywood,Plywood,,0.0,99500,46,46,0,Moderate
1Fam,2Story,7,5,1968,1968,Gable,CompShg,MetalSd,MetalSd,BrkFace,342.0,176000,57,57,0,Old
1Fam,1.5Fin,4,4,1949,1950,Gable,CompShg,AsbShng,AsbShng,,0.0,135000,76,75,1,Old
1Fam,2Story,8,5,2002,2002,Gable,CompShg,CemntBd,CmentBd,,0.0,255900,23,23,0,Moderate
1Fam,1Story,8,5,1992,1993,Hip,CompShg,BrkFace,BrkFace,,0.0,430000,33,32,1,Moderate
TwnhsE,1Story,7,5,2003,2003,Gable,CompShg,VinylSd,Wd Shng,Stone,163.0,171750,22,22,0,Moderate
1Fam,1Story,6,7,1971,2004,Gable,CompShg,VinylSd,VinylSd,BrkFace,144.0,145000,54,21,1,Old
1Fam,1Story,6,6,1966,2002,Gable,CompShg,BrkFace,Plywood,,0.0,190000,59,23,1,Old
1Fam,1Story,6,6,1974,1999,Hip,CompShg,HdBoard,HdBoard,BrkFace,99.0,181000,51,26,1,Old
1Fam,1.5Fin,4,7,1946,1950,Gable,CompShg,MetalSd,MetalSd,,0.0,121600,79,75,1,Old
1Fam,1.5Fin,5,4,1936,1950,Gable,CompShg,MetalSd,MetalSd,,0.0,115000,89,75,1,Old
Duplex,1Story,5,5,1963,1963,Gable,CompShg,HdBoard,HdBoard,BrkFace,336.0,125000,62,62,0,Old
1Fam,2Story,6,8,1993,1993,Gable,CompShg,VinylSd,VinylSd,BrkFace,68.0,185000,32,32,0,Moderate
1Fam,2Story,8,5,2007,2007,Gable,CompShg,VinylSd,VinylSd,Stone,300.0,325624,18,18,0,New
1Fam,2Story,7,5,1999,1999,Gable,CompShg,VinylSd,VinylSd,,0.0,189000,26,26,0,Moderate
1Fam,1Story,5,5,1954,1954,Gable,CompShg,HdBoard,HdBoard,Stone,110.0,128000,71,71,0,Old
1Fam,1.5Fin,3,6,1910,1950,Gable,CompShg,VinylSd,VinylSd,,0.0,37900,115,75,1,Very Old
1Fam,1Story,4,5,1920,1950,Gable,CompShg,Wd Sdng,Wd Sdng,,0.0,34900,105,75,1,Very Old
2fmCon,1Story,4,4,1961,1975,Gable,CompShg,MetalSd,MetalSd,Stone,149.0,168000,64,50,1,Old
1Fam,2Story,8,5,2005,2005,Gable,CompShg,VinylSd,VinylSd,BrkFace,280.0,275000,20,20,0,New
1Fam,1.5Fin,4,6,1954,1972,Gable,CompShg,MetalSd,MetalSd,,0.0,135000,71,53,1,Old
1Fam,1Story,5,7,1951,2000,Hip,CompShg,Wd Sdng,Wd Sdng,BrkCmn,70.0,164900,74,25,1,Old
1Fam,2Story,6,5,1994,1994,Gable,CompShg,HdBoard,HdBoard,BrkFace,105.0,201000,31,31,0,Moderate
1Fam,1Story,8,5,1994,1994,Hip,CompShg,HdBoard,HdBoard,BrkFace,554.0,301500,31,31,0,Moderate
1Fam,SLvl,5,5,1966,1966,Gable,CompShg,VinylSd,VinylSd,BrkFace,1047.0,159950,59,59,0,Old
1Fam,1.5Fin,5,6,1890,1996,Hip,CompShg,VinylSd,VinylSd,,0.0,124900,135,29,1,Very Old
Twnhs,2Story,6,6,1976,1976,Gable,CompShg,Plywood,Brk Cmn,,0.0,148500,49,49,0,Moderate
1Fam,1Story,8,5,2001,2002,Gable,CompShg,VinylSd,VinylSd,BrkFace,136.0,220000,24,23,1,Moderate
TwnhsE,2Story,7,5,2007,2007,Gable,CompShg,VinylSd,VinylSd,,0.0,146000,18,18,0,New
1Fam,2Story,6,6,1919,1950,Gambrel,CompShg,Wd Sdng,Wd Sdng,,0.0,180500,106,75,1,Very Old
1Fam,1Story,9,5,2007,2008,Hip,CompShg,CemntBd,CmentBd,Stone,340.0,320000,18,17,1,New
1Fam,2Story,6,5,2005,2005,Gable,CompShg,VinylSd,VinylSd,,0.0,174000,20,20,0,New
1Fam,1Story,7,5,2006,2006,Hip,CompShg,VinylSd,VinylSd,BrkFace,27.0,240000,19,19,0,New
1Fam,2Story,7,6,1998,1998,Gable,CompShg,VinylSd,VinylSd,,0.0,274300,27,27,0,Moderate
1Fam,SLvl,5,5,1960,1960,Hip,CompShg,BrkFace,HdBoard,,0.0,127000,65,65,0,Old
1Fam,1Story,4,5,1954,1954,Hip,CompShg,Wd Sdng,Wd Sdng,BrkFace,132.0,111000,71,71,0,Old
1Fam,1Story,6,6,1977,1977,Gable,CompShg,Plywood,Plywood,,0.0,171500,48,48,0,Moderate
1Fam,SLvl,6,5,1967,1976,Gable,CompShg,HdBoard,HdBoard,BrkFace,359.0,197900,58,49,1,Old
TwnhsE,1Story,6,5,1998,1999,Gable,CompShg,MetalSd,MetalSd,,0.0,181000,27,26,1,Moderate
1Fam,1Story,7,5,2003,2003,Gable,CompShg,VinylSd,VinylSd,,0.0,201000,22,22,0,Moderate
1Fam,SLvl,6,7,1964,1991,Hip,CompShg,HdBoard,HdBoard,BrkFace,108.0,158000,61,34,1,Old
1Fam,1Story,4,5,1972,1972,Hip,CompShg,MetalSd,MetalSd,,0.0,111250,53,53,0,Old
1Fam,1Story,5,5,1963,1963,Gable,CompShg,HdBoard,HdBoard,,0.0,133000,62,62,0,Old
1Fam,2Story,8,5,2001,2002,Gable,CompShg,VinylSd,VinylSd,BrkFace,396.0,287000,24,23,1,Moderate
1Fam,2Story,6,5,2002,2002,Gable,CompShg,VinylSd,VinylSd,,0.0,200000,23,23,0,Moderate
TwnhsE,1Story,6,6,1976,1976,Gable,CompShg,Plywood,Plywood,,0.0,143750,49,49,0,Moderate
1Fam,1Story,5,7,1918,2007,Gable,CompShg,Wd Sdng,Wd Sdng,,0.0,112000,107,18,1,Very Old
1Fam,1Story,6,7,1977,2000,Gable,CompShg,CemntBd,CmentBd,Stone,126.0,215000,48,25,1,Moderate
1Fam,1.5Fin,6,7,1918,1950,Gable,CompShg,Wd Sdng,Wd Sdng,,0.0,185000,107,75,1,Very Old
1Fam,2Story,5,4,1892,1965,Gable,CompShg,Wd Sdng,Wd Sdng,,0.0,107500,133,60,1,Very Old
1Fam,2Story,5,6,1880,1991,Gable,CompShg,VinylSd,VinylSd,,0.0,124000,145,34,1,Very Old
1Fam,1Story,5,7,1950,1950,Hip,CompShg,Wd Sdng,Wd Sdng,,0.0,109500,75,75,0,Old
1Fam,1Story,5,4,1960,2006,Hip,CompShg,HdBoard,HdBoard,BrkFace,75.0,115000,65,19,1,Old
2fmCon,1Story,5,5,1950,1950,Gable,CompShg,MetalSd,MetalSd,,0.0,125000,75,75,0,Old
1Fam,1.5Fin,5,6,1928,1950,Gable,CompShg,MetalSd,MetalSd,,0.0,149000,97,75,1,Old
1Fam,1Story,5,5,1995,1995,Gable,CompShg,VinylSd,VinylSd,,0.0,156000,30,30,0,Moderate
1Fam,2Story,6,5,1971,1971,Gable,CompShg,HdBoard,HdBoard,BrkFace,252.0,190000,54,54,0,Old
1Fam,1Story,5,4,1963,1963,Hip,CompShg,MetalSd,MetalSd,BrkFace,226.0,186700,62,62,0,Old
Twnhs,2Story,7,5,2004,2004,Gable,CompShg,VinylSd,VinylSd,Stone,50.0,130000,21,21,0,Moderate
1Fam,2Story,7,7,1941,1950,Gable,CompShg,MetalSd,MetalSd,,0.0,174500,84,75,1,Old
1Fam,1Story,6,5,1976,1976,Gable,CompShg,Plywood,Plywood,BrkFace,160.0,180000,49,49,0,Moderate
1Fam,2.5Fin,5,8,1939,1997,Gable,CompShg,Wd Sdng,Wd Sdng,,0.0,179500,86,28,1,Old
1Fam,1Story,5,5,1966,1966,Gable,CompShg,VinylSd,VinylSd,,0.0,125000,59,59,0,Old
1Fam,1Story,5,6,1965,1965,Gable,CompShg,VinylSd,VinylSd,,0.0,117500,60,60,0,Old
1Fam,2Story,6,5,1999,1999,Gable,CompShg,VinylSd,VinylSd,,0.0,181000,26,26,0,Moderate
1Fam,1Story,6,6,1959,1959,Hip,CompShg,HdBoard,HdBoard,Stone,243.0,142000,66,66,0,Old
1Fam,2Story,8,5,1993,1994,Gable,CompShg,VinylSd,VinylSd,BrkFace,125.0,215000,32,31,1,Moderate
1Fam,2Story,8,5,2002,2002,Gable,CompShg,VinylSd,VinylSd,,0.0,202900,23,23,0,Moderate
1Fam,2Story,6,6,1976,1976,Gable,CompShg,Plywood,Plywood,BrkFace,298.0,195000,49,49,0,Moderate
TwnhsE,2Story,7,5,1984,1984,Gable,CompShg,HdBoard,HdBoard,,0.0,207500,41,41,0,Moderate
1Fam,2Story,8,5,2005,2005,Gable,CompShg,VinylSd,VinylSd,,0.0,239900,20,20,0,New
1Fam,1.5Fin,6,6,1939,1950,Gable,CompShg,MetalSd,MetalSd,,0.0,132500,86,75,1,Old
1Fam,1Story,6,6,1977,1977,Hip,CompShg,Plywood,Plywood,BrkFace,480.0,190000,48,48,0,Moderate
1Fam,1Story,5,5,1954,1954,Gable,CompShg,Wd Sdng,Wd Sdng,,0.0,93000,71,71,0,Old
1Fam,1Story,8,5,2008,2009,Gable,CompShg,CemntBd,CmentBd,Stone,194.0,287090,17,16,1,New
1Fam,SLvl,5,6,1958,1987,Gable,CompShg,MetalSd,MetalSd,,0.0,140000,67,38,1,Old
1Fam,1.5Fin,6,5,1939,1950,Gable,CompShg,WdShing,Wd Shng,,0.0,105000,86,75,1,Old
1Fam,SLvl,6,6,1955,1972,Gable,CompShg,AsbShng,AsbShng,BrkFace,164.0,153000,70,53,1,Old
1Fam,1Story,7,7,1960,2007,Flat,Tar&Grv,Wd Sdng,Wd Sdng,,0.0,242000,65,18,1,Old
1Fam,2Story,7,8,1890,1998,Gable,CompShg,Wd Sdng,VinylSd,,0.0,159500,135,27,1,Very Old
1Fam,2Story,7,9,1972,2004,Gable,CompShg,HdBoard,HdBoard,BrkFace,138.0,184000,53,21,1,Old
1Fam,1Story,5,6,1972,1972,Gable,CompShg,HdBoard,Plywood,,0.0,133500,53,53,0,Old
1Fam,2Story,7,5,1915,1970,Gable,CompShg,Wd Sdng,Wd Shng,,0.0,140000,110,55,1,Very Old
TwnhsE,1Story,7,5,2004,2004,Gable,CompShg,VinylSd,VinylSd,Stone,146.0,207000,21,21,0,Moderate
1Fam,1.5Fin,3,7,1948,2002,Gable,CompShg,MetalSd,MetalSd,,0.0,120000,77,23,1,Old
TwnhsE,1Story,6,5,2003,2003,Gable,CompShg,VinylSd,VinylSd,BrkFace,170.0,136500,22,22,0,Moderate
1Fam,1Story,7,5,2007,2007,Gable,CompShg,VinylSd,VinylSd,BrkFace,16.0,159895,18,18,0,New
Twnhs,1Story,7,5,2007,2008,Gable,CompShg,VinylSd,VinylSd,Stone,166.0,230000,18,17,1,New
1Fam,2Story,6,7,1923,1996,Hip,CompShg,Wd Sdng,Wd Sdng,,0.0,165000,102,29,1,Very Old
1Fam,1Story,5,5,1954,1954,Gable,CompShg,Wd Sdng,Wd Sdng,,0.0,118000,71,71,0,Old
1Fam,SLvl,8,5,2002,2002,Hip,CompShg,VinylSd,VinylSd,,0.0,184100,23,23,0,Moderate
1Fam,1Story,7,5,2005,2005,Gable,CompShg,VinylSd,VinylSd,BrkFace,226.0,220000,20,20,0,New
TwnhsE,SFoyer,4,4,1970,1970,Gable,CompShg,CemntBd,CmentBd,,0.0,80000,55,55,0,Old
1Fam,1Story,5,5,1955,1993,Hip,CompShg,Wd Sdng,Wd Sdng,,0.0,190000,70,32,1,Old
TwnhsE,2Story,5,6,1970,1970,Gable,CompShg,HdBoard,HdBoard,,312.0,125000,55,55,0,Old
1Fam,1Story,8,5,1994,1995,Gable,CompShg,ImStucc,ImStucc,,0.0,262000,31,30,1,Moderate
1Fam,2Story,6,7,1974,1997,Gable,CompShg,HdBoard,HdBoard,,0.0,240000,51,28,1,Old
1Fam,1Story,8,6,1970,1970,Flat,Tar&Grv,Wd Sdng,Wd Sdng,,0.0,268000,55,55,0,Old
1Fam,2.5Unf,7,6,1916,1950,Gable,CompShg,MetalSd,MetalSd,,0.0,144000,109,75,1,Very Old
TwnhsE,1Story,8,5,2003,2004,Hip,CompShg,MetalSd,MetalSd,BrkFace,472.0,274000,22,21,1,Moderate
1Fam,SLvl,4,9,1965,2001,Gable,CompShg,VinylSd,VinylSd,,0.0,145000,60,24,1,Old
1Fam,2Story,6,5,1976,1976,Gable,CompShg,HdBoard,HdBoard,BrkFace,120.0,190000,49,49,0,Moderate
1Fam,1Story,8,5,2007,2008,Hip,CompShg,VinylSd,VinylSd,Stone,436.0,372402,18,17,1,New
1Fam,1Story,6,5,1963,1963,Gable,CompShg,Plywood,Plywood,BrkFace,247.0,159000,62,62,0,Old
1Fam,2Story,8,8,1932,1994,Hip,CompShg,BrkFace,BrkFace,,0.0,315000,93,31,1,Old
1Fam,1.5Fin,6,7,1923,1950,Gable,CompShg,BrkFace,Wd Sdng,,0.0,210000,102,75,1,Very Old
1Fam,2Story,7,8,1915,2005,Gable,CompShg,Stucco,Stucco,,0.0,155000,110,20,1,Very Old
1Fam,1.5Fin,4,6,1936,1950,Gable,CompShg,MetalSd,MetalSd,,0.0,128000,89,75,1,Old
1Fam,2Story,6,5,1978,1978,Hip,CompShg,HdBoard,HdBoard,BrkCmn,328.0,158900,47,47,0,Moderate
Twnhs,2Story,7,5,2005,2005,Gable,CompShg,MetalSd,MetalSd,,0.0,147400,20,20,0,New
Duplex,SLvl,5,6,1962,1962,Hip,CompShg,Wd Sdng,Wd Sdng,BrkFace,120.0,132500,63,63,0,Old
1Fam,1.5Fin,6,5,1924,1950,Gable,CompShg,Wd Sdng,Wd Sdng,,0.0,79000,101,75,1,Very Old
1Fam,1Story,9,5,2005,2006,Hip,CompShg,VinylSd,VinylSd,Stone,200.0,377426,20,19,1,New
1Fam,1Story,4,5,1940,1950,Gable,CompShg,VinylSd,VinylSd,,0.0,82500,85,75,1,Old
1Fam,1.5Fin,5,4,1949,2008,Gable,CompShg,Wd Sdng,Wd Sdng,,0.0,131000,76,17,1,Old
1Fam,1.5Fin,5,6,1924,1950,Gable,CompShg,BrkFace,Wd Sdng,,0.0,127000,101,75,1,Very Old
1Fam,2Story,6,5,1998,1998,Gable,CompShg,VinylSd,VinylSd,,0.0,211000,27,27,0,Moderate
1Fam,1Story,5,6,1975,1975,Gable,CompShg,HdBoard,HdBoard,,0.0,122000,50,50,0,Moderate
1Fam,2Story,6,6,1980,1981,Gable,CompShg,HdBoard,HdBoard,BrkFace,130.0,171000,45,44,1,Moderate
1Fam,SFoyer,7,6,1974,1974,Gable,CompShg,Plywood,Plywood,BrkFace,81.0,170000,51,51,0,Old
1Fam,2Story,6,5,2001,2002,Gable,CompShg,VinylSd,VinylSd,,0.0,215000,24,23,1,Moderate
1Fam,2Story,6,5,2000,2000,Gable,CompShg,VinylSd,VinylSd,,0.0,173000,25,25,0,Moderate
1Fam,2Story,8,5,1998,1998,Hip,CompShg,VinylSd,VinylSd,BrkFace,650.0,258000,27,27,0,Moderate
1Fam,1Story,6,7,1956,2004,Gable,CompShg,Stone,Stone,,0.0,230000,69,21,1,Old
1Fam,1Story,4,4,1920,1950,Hip,CompShg,MetalSd,MetalSd,,0.0,108500,105,75,1,Very Old
1Fam,1Story,7,5,1990,1991,Hip,CompShg,HdBoard,HdBoard,,0.0,179900,35,34,1,Moderate
1Fam,1Story,8,5,2006,2006,Gable,CompShg,VinylSd,VinylSd,,0.0,232600,19,19,0,New
1Fam,1Story,6,9,1988,2007,Hip,CompShg,Wd Sdng,Plywood,BrkFace,260.0,222000,37,18,1,Moderate
1Fam,1.5Fin,7,7,1926,1950,Gable,CompShg,Wd Sdng,Wd Sdng,,0.0,116900,99,75,1,Old
1Fam,1Story,9,5,2006,2006,Hip,CompShg,VinylSd,ImStucc,Stone,302.0,320000,19,19,0,New
1Fam,1Story,5,7,1972,1972,Hip,CompShg,MetalSd,MetalSd,,0.0,128500,53,53,0,Old
1Fam,1Story,5,5,1962,1962,Hip,CompShg,MetalSd,MetalSd,,0.0,109500,63,63,0,Old
1Fam,SLvl,6,7,1959,2006,Gable,CompShg,Plywood,Plywood,BrkFace,84.0,177000,66,19,1,Old
1Fam,1Story,8,5,2008,2008,Gable,CompShg,VinylSd,VinylSd,Stone,270.0,295493,17,17,0,New
Duplex,1Story,5,5,1976,1976,Gable,CompShg,Plywood,Plywood,,0.0,188000,49,49,0,Moderate
2fmCon,2Story,5,8,1916,1995,Gable,CompShg,VinylSd,VinylSd,,0.0,160000,109,30,1,Very Old
2fmCon,SLvl,6,5,1958,1958,Hip,CompShg,HdBoard,HdBoard,BrkFace,105.0,140000,67,67,0,Old
1Fam,2Story,9,5,2005,2006,Hip,CompShg,CemntBd,CmentBd,BrkFace,870.0,437154,20,19,1,New
1Fam,2Story,6,8,1925,1950,Gable,CompShg,Wd Sdng,Wd Sdng,,0.0,140000,100,75,1,Old
1Fam,1Story,3,8,1955,2005,Gable,CompShg,VinylSd,VinylSd,,0.0,126175,70,20,1,Old
1Fam,1Story,4,5,1961,1961,Gable,CompShg,VinylSd,VinylSd,BrkCmn,192.0,118500,64,64,0,Old
1Fam,1Story,4,6,1945,1950,Gable,CompShg,MetalSd,MetalSd,,0.0,80000,80,75,1,Old
1Fam,1Story,8,5,2007,2007,Gable,CompShg,VinylSd,VinylSd,BrkFace,80.0,239000,18,18,0,New
Duplex,1Story,4,5,1967,1967,Gable,CompShg,MetalSd,MetalSd,,0.0,90000,58,58,0,Old
1Fam,1Story,6,5,1965,1965,Gable,CompShg,Wd Sdng,Wd Sdng,BrkFace,101.0,160000,60,60,0,Old
1Fam,2Story,7,8,1910,1993,Gable,CompShg,HdBoard,HdBoard,,0.0,167500,115,32,1,Very Old
1Fam,1Story,6,5,1986,1986,Gable,CompShg,VinylSd,Plywood,Stone,132.0,184000,39,39,0,Moderate
1Fam,1Story,5,7,1953,1996,Gable,CompShg,WdShing,Wd Shng,,0.0,116000,72,29,1,Old
1Fam,1Story,7,5,2006,2006,Gable,CompShg,VinylSd,VinylSd,,0.0,187750,19,19,0,New
1Fam,SLvl,7,5,2003,2003,Gable,CompShg,VinylSd,VinylSd,BrkFace,442.0,187500,22,22,0,Moderate
1Fam,2Story,8,5,2001,2001,Gable,CompShg,VinylSd,VinylSd,BrkFace,108.0,261500,24,24,0,Moderate
1Fam,1Story,7,5,1971,2002,Gable,CompShg,Plywood,Plywood,Stone,351.0,302000,54,23,1,Old
1Fam,1Story,10,5,2008,2008,Hip,CompShg,VinylSd,VinylSd,Stone,200.0,555000,17,17,0,New
1Fam,1Story,8,5,2002,2002,Hip,CompShg,VinylSd,VinylSd,BrkFace,281.0,230000,23,23,0,Moderate
1Fam,1.5Fin,5,5,1941,1950,Gable,CompShg,WdShing,Wd Shng,,0.0,105000,84,75,1,Old
1Fam,SLvl,6,6,1964,1964,Gable,CompShg,MetalSd,HdBoard,BrkFace,115.0,158000,61,61,0,Old
Duplex,SFoyer,5,5,1979,1979,Gable,CompShg,Plywood,Plywood,Stone,275.0,153337,46,46,0,Moderate
TwnhsE,1Story,7,5,2005,2006,Gable,CompShg,VinylSd,VinylSd,BrkFace,16.0,181000,20,19,1,New
1Fam,1Story,5,6,1962,1962,Hip,CompShg,HdBoard,Plywood,,0.0,144000,63,63,0,Old
1Fam,1Story,5,6,1968,1993,Gable,CompShg,Plywood,Plywood,,0.0,180000,57,32,1,Old
1Fam,1Story,5,6,1959,1959,Gable,CompShg,MetalSd,MetalSd,BrkFace,132.0,124500,66,66,0,Old
1Fam,1Story,5,7,1954,2005,Gable,CompShg,Wd Sdng,Wd Sdng,,0.0,139400,71,20,1,Old
1Fam,1Story,4,6,1938,1958,Gable,CompShg,MetalSd,MetalSd,,0.0,100000,87,67,1,Old
1Fam,2Story,7,5,1999,1999,Gable,CompShg,VinylSd,VinylSd,BrkFace,302.0,230000,26,26,0,Moderate
1Fam,2Story,6,5,1995,1996,Gable,CompShg,HdBoard,HdBoard,,0.0,187500,30,29,1,Moderate
1Fam,2.5Fin,10,9,1892,1993,Gable,WdShngl,Wd Sdng,Wd Sdng,,0.0,475000,133,32,1,Very Old
1Fam,1Story,5,6,1973,2000,Gable,CompShg,HdBoard,HdBoard,,0.0,157000,52,25,1,Old
1Fam,1Story,8,5,2006,2006,Hip,CompShg,VinylSd,VinylSd,Stone,410.0,227000,19,19,0,New
Twnhs,2Story,6,5,1971,1971,Gable,CompShg,CemntBd,CmentBd,BrkFace,236.0,91500,54,54,0,Old
1Fam,2Story,8,5,2006,2006,Hip,CompShg,VinylSd,VinylSd,BrkFace,466.0,361919,19,19,0,New
Duplex,1Story,3,4,1950,1950,Gable,CompShg,BrkFace,BrkFace,,0.0,92900,75,75,0,Old
1Fam,1Story,6,6,1984,1984,Gable,CompShg,Plywood,Plywood,,0.0,162500,41,41,0,Moderate
1Fam,SLvl,5,5,2006,2007,Gable,CompShg,VinylSd,VinylSd,,0.0,167500,19,18,1,New
1Fam,SLvl,6,5,1976,1976,Gable,CompShg,HdBoard,HdBoard,,0.0,146800,49,49,0,Moderate
1Fam,2Story,8,5,2005,2005,Gable,CompShg,VinylSd,VinylSd,BrkFace,178.0,275500,20,20,0,New
2fmCon,2.5Fin,6,7,1914,1995,Hip,CompShg,VinylSd,VinylSd,,0.0,200000,111,30,1,Very Old
1Fam,1Story,5,7,1955,1995,Gable,CompShg,MetalSd,MetalSd,,0.0,125000,70,30,1,Old
1Fam,1Story,5,5,1965,1965,Hip,CompShg,HdBoard,HdBoard,,0.0,129500,60,60,0,Old
Twnhs,1Story,8,5,2006,2006,Gable,CompShg,VinylSd,VinylSd,Stone,108.0,209500,19,19,0,New
1Fam,2Story,6,5,1997,1997,Gable,CompShg,VinylSd,VinylSd,,0.0,231500,28,28,0,Moderate
1Fam,2Story,6,5,1997,1997,Gable,CompShg,VinylSd,VinylSd,,0.0,200000,28,28,0,Moderate
TwnhsE,1Story,8,5,2004,2005,Gable,CompShg,VinylSd,VinylSd,BrkFace,16.0,192000,21,20,1,Moderate
1Fam,SFoyer,6,7,1963,1963,Gable,CompShg,MetalSd,MetalSd,BrkFace,156.0,137500,62,62,0,Old
Duplex,1Story,5,4,1967,1967,Gable,CompShg,HdBoard,Plywood,,0.0,143000,58,58,0,Old
1Fam,1Story,4,4,1941,1950,Gable,CompShg,Wd Sdng,Wd Sdng,,0.0,52500,84,75,1,Old
1Fam,2.5Unf,6,6,1914,2001,Gable,CompShg,Wd Sdng,Wd Shng,,0.0,128000,111,24,1,Very Old
1Fam,1Story,7,7,1984,1998,Gable,CompShg,Wd Sdng,Wd Sdng,,0.0,202500,41,27,1,Moderate
1Fam,1Story,5,6,1975,1975,Hip,CompShg,HdBoard,HdBoard,,0.0,110000,50,50,0,Moderate
1Fam,1.5Fin,5,7,1924,1950,Gable,CompShg,AsbShng,AsbShng,,0.0,104900,101,75,1,Very Old
1Fam,1Story,5,5,1958,1983,Hip,CompShg,HdBoard,HdBoard,,0.0,144000,67,42,1,Old
1Fam,1Story,6,8,1930,2007,Gable,CompShg,Wd Sdng,Wd Sdng,,0.0,120500,95,18,1,Old
1Fam,SFoyer,4,5,1972,1972,Gable,CompShg,Plywood,Plywood,,0.0,137500,53,53,0,Old
1Fam,1Story,4,6,1936,1950,Gable,CompShg,Wd Sdng,Wd Sdng,,0.0,106500,89,75,1,Old
1Fam,2Story,7,5,2005,2006,Gable,CompShg,VinylSd,VinylSd,BrkFace,456.0,320000,20,19,1,New
1Fam,1Story,5,5,1965,1965,Gable,CompShg,VinylSd,VinylSd,,0.0,119900,60,60,0,Old
1Fam,1Story,6,5,1994,1998,Gable,CompShg,HdBoard,HdBoard,BrkFace,258.0,193500,31,27,1,Moderate
TwnhsE,1Story,7,5,2004,2004,Hip,CompShg,VinylSd,VinylSd,BrkFace,18.0,178740,21,21,0,Moderate
2fmCon,2Story,4,5,1920,2008,Gable,CompShg,MetalSd,MetalSd,,0.0,113000,105,17,1,Very Old
1Fam,2Story,7,5,2002,2003,Gable,CompShg,VinylSd,VinylSd,BrkFace,44.0,214900,23,22,1,Moderate
1Fam,1Story,6,8,1969,1969,Gable,CompShg,HdBoard,HdBoard,,0.0,151000,56,56,0,Old
1Fam,1.5Fin,6,7,1932,1950,Gable,CompShg,MetalSd,MetalSd,BrkFace,480.0,220000,93,75,1,Old
1Fam,1Story,7,5,1999,1999,Gable,CompShg,VinylSd,VinylSd,BrkFace,183.0,214000,26,26,0,Moderate
1Fam,1Story,6,5,1953,1953,Hip,CompShg,Wd Sdng,Wd Sdng,BrkFace,184.0,217000,72,72,0,Old
1Fam,1.5Fin,5,5,1930,1950,Gable,CompShg,Wd Sdng,Wd Sdng,,0.0,87000,95,75,1,Old
1Fam,2Story,6,5,1995,1996,Gable,CompShg,HdBoard,HdBoard,,0.0,188000,30,29,1,Moderate
1Fam,1Story,5,5,2007,2007,Gable,CompShg,VinylSd,VinylSd,,0.0,147000,18,18,0,New
1Fam,2Story,5,6,1910,1981,Gable,CompShg,Wd Sdng,Wd Sdng,,0.0,110000,115,44,1,Very Old
1Fam,2Story,7,6,1973,1973,Gable,CompShg,HdBoard,HdBoard,Stone,240.0,200000,52,52,0,Old
1Fam,1Story,7,5,1999,1999,Gable,CompShg,VinylSd,VinylSd,BrkFace,183.0,204000,26,26,0,Moderate
1Fam,1Story,5,6,1954,1990,Hip,CompShg,Wd Sdng,Wd Sdng,BrkFace,650.0,153000,71,35,1,Old
1Fam,2Story,7,5,2006,2007,Gable,CompShg,CemntBd,CmentBd,Stone,100.0,241000,19,18,1,New
Twnhs,2Story,6,5,1973,1973,Gable,CompShg,HdBoard,HdBoard,BrkFace,408.0,83000,52,52,0,Old
1Fam,1.5Fin,4,4,1920,2007,Gable,CompShg,VinylSd,VinylSd,,0.0,104900,105,18,1,Very Old
1Fam,2Story,6,8,1976,2005,Gable,CompShg,HdBoard,Plywood,BrkFace,289.0,130500,49,20,1,Moderate
1Fam,1Story,6,8,1976,1976,Gable,CompShg,MetalSd,MetalSd,,0.0,181500,49,49,0,Moderate
1Fam,2Story,7,5,2003,2003,Gable,CompShg,VinylSd,VinylSd,,0.0,225000,22,22,0,Moderate
1Fam,2Story,7,5,1997,1997,Gable,CompShg,HdBoard,HdBoard,BrkFace,285.0,222000,28,28,0,Moderate
1Fam,1Story,4,6,1971,1971,Gable,CompShg,HdBoard,HdBoard,,0.0,110000,54,54,0,Old
1Fam,1Story,7,8,1959,2002,Gable,CompShg,BrkFace,HdBoard,,0.0,335000,66,23,1,Old
1Fam,1Story,5,5,1967,1967,Gable,CompShg,MetalSd,MetalSd,BrkFace,196.0,143000,58,58,0,Old
1Fam,SLvl,6,6,1976,1976,Hip,CompShg,MetalSd,MetalSd,BrkFace,255.0,125000,49,49,0,Moderate
1Fam,2Story,7,5,1996,1997,Gable,CompShg,Wd Sdng,Wd Sdng,,0.0,328000,29,28,1,Moderate
1Fam,1Story,7,5,2002,2002,Gable,CompShg,VinylSd,VinylSd,BrkFace,100.0,192000,23,23,0,Moderate
Duplex,1.5Fin,5,5,1977,1977,Shed,CompShg,Plywood,Plywood,,1.0,190000,48,48,0,Moderate
Twnhs,2Story,7,5,2003,2004,Gable,CompShg,VinylSd,Wd Shng,Stone,106.0,154000,22,21,1,Moderate
1Fam,1Story,4,5,1970,1970,Gable,CompShg,MetalSd,MetalSd,,0.0,116050,55,55,0,Old
1Fam,2Story,7,5,1994,1995,Gable,CompShg,VinylSd,VinylSd,,0.0,210000,31,30,1,Moderate
1Fam,SLvl,6,6,1955,1996,Hip,CompShg,AsbShng,AsbShng,,0.0,165500,70,29,1,Old
1Fam,1Story,7,5,2008,2008,Gable,CompShg,VinylSd,VinylSd,Stone,256.0,227680,17,17,0,New
1Fam,2Story,8,7,1929,1950,Gable,CompShg,BrkFace,Stucco,,0.0,230000,96,75,1,Old
1Fam,1.5Fin,7,4,1931,1950,Gable,CompShg,Stucco,Stucco,BrkFace,600.0,169500,94,75,1,Old
1Fam,1Story,8,5,2008,2008,Hip,CompShg,VinylSd,VinylSd,Stone,426.0,394617,17,17,0,New
1Fam,1Story,9,5,2006,2007,Gable,CompShg,CemntBd,CmentBd,BrkFace,315.0,415298,19,18,1,New
1Fam,1Story,6,6,1980,1980,Gable,CompShg,Plywood,Plywood,BrkFace,157.0,207500,45,45,0,Moderate
1Fam,2Story,7,5,2004,2005,Gable,CompShg,VinylSd,VinylSd,,0.0,184000,21,20,1,Moderate
2fmCon,2.5Unf,7,4,1910,1950,Hip,CompShg,Wd Sdng,Wd Sdng,,0.0,122000,115,75,1,Very Old
1Fam,1Story,5,5,1974,1975,Gable,CompShg,HdBoard,HdBoard,,0.0,170000,51,50,1,Old
Duplex,SFoyer,5,5,1980,1980,Gable,CompShg,MetalSd,MetalSd,BrkFace,180.0,140000,45,45,0,Moderate
1Fam,SLvl,6,6,1984,1984,Gable,CompShg,HdBoard,HdBoard,,0.0,142500,41,41,0,Moderate
1Fam,2Story,7,5,2004,2004,Gable,CompShg,VinylSd,VinylSd,,0.0,190000,21,21,0,Moderate
1Fam,1.5Fin,7,5,1931,1950,Gable,CompShg,BrkFace,Wd Shng,,0.0,129900,94,75,1,Old
TwnhsE,1Story,9,5,2005,2005,Hip,CompShg,MetalSd,MetalSd,BrkFace,616.0,266000,20,20,0,New
TwnhsE,1Story,8,5,1984,1984,Gable,CompShg,HdBoard,HdBoard,,0.0,187500,41,41,0,Moderate
1Fam,1Story,5,5,1964,1964,Gable,CompShg,Wd Sdng,Wd Sdng,BrkCmn,621.0,190000,61,61,0,Old
2fmCon,1.5Fin,6,8,1935,1982,Gable,CompShg,Wd Sdng,Wd Sdng,,0.0,84500,90,43,1,Old
1Fam,2.5Fin,7,3,1920,1970,Gable,CompShg,Wd Sdng,Plywood,,0.0,197000,105,55,1,Very Old
1Fam,2.5Unf,5,7,1920,1996,Gable,CompShg,MetalSd,MetalSd,,0.0,101000,105,29,1,Very Old
1Fam,1Story,5,5,1972,1972,Gable,CompShg,VinylSd,VinylSd,,0.0,112500,53,53,0,Old
1Fam,1Story,5,4,1910,2006,Hip,CompShg,MetalSd,Stucco,,0.0,85000,115,19,1,Very Old
1Fam,1Story,5,7,1951,1951,Gable,CompShg,HdBoard,HdBoard,,0.0,139000,74,74,0,Old
1Fam,2Story,5,5,1916,1950,Gable,CompShg,AsbShng,AsbShng,,0.0,98000,109,75,1,Very Old
TwnhsE,1Story,8,5,2000,2000,Gable,CompShg,CemntBd,CmentBd,,0.0,251000,25,25,0,Moderate
1Fam,1.5Fin,6,5,1948,1950,Gable,CompShg,VinylSd,VinylSd,,0.0,97500,77,75,1,Old
1Fam,1Story,5,5,1977,1977,Gable,CompShg,BrkFace,BrkFace,,0.0,160000,48,48,0,Moderate
1Fam,1.5Fin,7,8,1918,1998,Gable,CompShg,Wd Sdng,Wd Sdng,,0.0,189950,107,27,1,Very Old
1Fam,2Story,6,5,1992,1992,Gable,CompShg,Wd Sdng,Wd Sdng,,0.0,189000,33,33,0,Moderate
1Fam,1Story,5,6,1966,1966,Gable,CompShg,Plywood,Plywood,BrkFace,200.0,154000,59,59,0,Old
Duplex,SFoyer,6,5,1975,1975,Flat,Tar&Grv,WdShing,Plywood,BrkFace,250.0,127500,50,50,0,Moderate
1Fam,1Story,5,7,1952,1952,Gable,CompShg,Wd Sdng,Wd Sdng,,0.0,123500,73,73,0,Old
1Fam,1Story,6,7,1964,1964,Hip,CompShg,HdBoard,HdBoard,Stone,260.0,145000,61,61,0,Old
1Fam,2Story,8,5,2006,2006,Gable,CompShg,VinylSd,VinylSd,,0.0,233230,19,19,0,New
1Fam,1.5Fin,5,5,1941,1960,Gable,CompShg,Wd Sdng,Wd Sdng,,0.0,117000,84,65,1,Old
Duplex,SFoyer,5,5,1979,1979,Gable,CompShg,MetalSd,MetalSd,,0.0,135960,46,46,0,Moderate
1Fam,2Story,9,5,2008,2008,Hip,CompShg,VinylSd,VinylSd,Stone,268.0,446261,17,17,0,New
TwnhsE,2Story,4,4,1970,1970,Gable,CompShg,CemntBd,CmentBd,,0.0,88000,55,55,0,Old
Duplex,1Story,5,5,1979,1979,Gable,CompShg,HdBoard,HdBoard,,0.0,118964,46,46,0,Moderate
1Fam,1Story,5,7,1954,2003,Gable,CompShg,Wd Sdng,Wd Sdng,BrkFace,104.0,144900,71,22,1,Old
1Fam,2Story,7,6,1920,1950,Gable,CompShg,Stucco,Stucco,,0.0,200100,105,75,1,Very Old
1Fam,1Story,5,7,1959,1959,Gable,CompShg,MetalSd,MetalSd,,0.0,106500,66,66,0,Old
1Fam,1Story,5,3,1959,1959,Gable,CompShg,Wd Sdng,Plywood,,0.0,80000,66,66,0,Old
1Fam,2Story,6,5,1988,1989,Gable,CompShg,Plywood,Plywood,BrkFace,268.0,211000,37,36,1,Moderate
1Fam,1Story,7,5,2004,2005,Gable,CompShg,VinylSd,VinylSd,BrkFace,109.0,213000,21,20,1,Moderate
1Fam,2Story,10,5,2008,2008,Gable,CompShg,VinylSd,VinylSd,Stone,160.0,310000,17,17,0,New
1Fam,SLvl,6,5,1964,1964,Gable,WdShngl,Plywood,Wd Sdng,BrkFace,259.0,168500,61,61,0,Old
1Fam,2Story,6,6,1968,1968,Gable,CompShg,VinylSd,VinylSd,BrkFace,576.0,193500,57,57,0,Old
1Fam,1Story,5,5,1948,1950,Gable,CompShg,Wd Sdng,Wd Sdng,,0.0,160000,77,75,1,Old
1Fam,1Story,6,5,1979,1998,Gable,CompShg,HdBoard,HdBoard,,0.0,181000,46,27,1,Moderate
1Fam,1Story,7,5,2006,2007,Gable,CompShg,VinylSd,VinylSd,Stone,306.0,279500,19,18,1,New
TwnhsE,1Story,6,5,2003,2003,Gable,CompShg,VinylSd,VinylSd,BrkFace,170.0,131500,22,22,0,Moderate
1Fam,1Story,6,5,1953,1953,Hip,CompShg,Wd Sdng,Wd Sdng,Stone,216.0,155000,72,72,0,Old
1Fam,2Story,7,7,1976,1976,Gable,CompShg,Plywood,Plywood,BrkFace,233.0,197900,49,49,0,Moderate
1Fam,1Story,6,6,1981,1981,Gable,CompShg,MetalSd,MetalSd,BrkFace,210.0,175500,44,44,0,Moderate
1Fam,1.5Fin,7,6,1925,1950,Gable,CompShg,Wd Sdng,Wd Sdng,,0.0,184000,100,75,1,Old
1Fam,1Story,6,4,1953,1953,Hip,CompShg,Wd Sdng,Wd Sdng,BrkFace,90.0,149500,72,72,0,Old
1Fam,SLvl,7,5,1995,1996,Gable,CompShg,HdBoard,HdBoard,BrkFace,22.0,168500,30,29,1,Moderate
TwnhsE,2Story,6,6,1976,1976,Gable,CompShg,Plywood,Brk Cmn,,0.0,155000,49,49,0,Moderate
TwnhsE,1Story,9,5,1999,2000,Gable,CompShg,MetalSd,MetalSd,BrkFace,60.0,328900,26,25,1,Moderate
Twnhs,2Story,6,6,1970,1970,Gable,CompShg,HdBoard,HdBoard,BrkFace,127.0,106000,55,55,0,Old
TwnhsE,2Story,7,5,2004,2004,Gable,CompShg,MetalSd,MetalSd,,0.0,148800,21,21,0,Moderate
1Fam,1.5Fin,6,5,1936,1950,Gable,CompShg,MetalSd,MetalSd,,0.0,115000,89,75,1,Old
1Fam,1Story,5,3,1951,1951,Hip,CompShg,Wd Sdng,Wd Sdng,BrkFace,44.0,137900,74,74,0,Old
1Fam,SLvl,6,5,1976,1976,Gable,CompShg,HdBoard,HdBoard,BrkFace,335.0,169900,49,49,0,Moderate
1Fam,1.5Fin,6,7,1941,1950,Gable,CompShg,Wd Sdng,Wd Sdng,,0.0,133000,84,75,1,Old
1Fam,1Story,6,7,1958,1958,Hip,CompShg,MetalSd,MetalSd,BrkFace,135.0,136000,67,67,0,Old
1Fam,2Story,7,5,2007,2007,Gable,CompShg,VinylSd,VinylSd,Stone,220.0,383970,18,18,0,New
2fmCon,2Story,6,8,1910,1950,Gable,CompShg,AsbShng,AsbShng,,0.0,137000,115,75,1,Very Old
1Fam,1Story,6,8,1950,2004,Gable,CompShg,HdBoard,HdBoard,,0.0,158500,75,21,1,Old
1Fam,SLvl,6,6,1972,1972,Gable,CompShg,HdBoard,HdBoard,BrkFace,333.0,158000,53,53,0,Old
1Fam,1Story,6,5,1956,1956,Gable,CompShg,Wd Sdng,Wd Sdng,BrkFace,74.0,139000,69,69,0,Old
1Fam,2Story,6,5,1998,1998,Gable,CompShg,VinylSd,VinylSd,,0.0,192000,27,27,0,Moderate
1Fam,2Story,7,6,1996,1996,Gable,CompShg,VinylSd,VinylSd,,0.0,212000,29,29,0,Moderate
1Fam,2Story,7,5,2005,2005,Gable,CompShg,CemntBd,CmentBd,,0.0,250000,20,20,0,New
1Fam,2Story,6,5,2005,2006,Gable,CompShg,VinylSd,VinylSd,,0.0,173900,20,19,1,New
1Fam,1Story,5,8,1940,1997,Gable,CompShg,Wd Sdng,Wd Sdng,,0.0,108000,85,28,1,Old
2fmCon,2Story,5,9,1900,1996,Gable,CompShg,Wd Sdng,Wd Sdng,,0.0,140000,125,29,1,Very Old
1Fam,2Story,7,5,1989,1990,Hip,CompShg,MetalSd,MetalSd,BrkFace,293.0,335000,36,35,1,Moderate
TwnhsE,2Story,6,5,2009,2009,Gable,CompShg,VinylSd,VinylSd,Stone,76.0,164500,16,16,0,New
1Fam,1Story,7,5,2006,2006,Gable,CompShg,VinylSd,VinylSd,Stone,84.0,194000,19,19,0,New
1Fam,2Story,7,5,1993,1994,Gable,CompShg,MetalSd,MetalSd,BrkFace,246.0,236000,32,31,1,Moderate
1Fam,1Story,5,6,1959,1959,Gable,CompShg,VinylSd,VinylSd,,0.0,170000,66,66,0,Old
1Fam,1Story,5,5,2005,2006,Gable,CompShg,VinylSd,VinylSd,,0.0,157000,20,19,1,New
1Fam,1Story,6,5,1948,1950,Gable,CompShg,MetalSd,MetalSd,BrkFace,206.0,119200,77,75,1,Old
1Fam,2Story,7,5,2007,2007,Hip,CompShg,VinylSd,VinylSd,,0.0,179540,18,18,0,New
1Fam,SLvl,5,7,1971,2005,Gambrel,CompShg,MetalSd,AsphShn,BrkFace,82.0,139000,54,20,1,Old
1Fam,1Story,4,6,1971,1971,Gable,CompShg,HdBoard,HdBoard,,0.0,120500,54,54,0,Old
1Fam,2Story,8,5,1999,1999,Gable,CompShg,VinylSd,VinylSd,BrkFace,673.0,337000,26,26,0,Moderate
TwnhsE,SLvl,5,5,2005,2005,Gable,CompShg,VinylSd,VinylSd,BrkFace,80.0,145000,20,20,0,New
1Fam,1Story,7,6,1970,1970,Hip,CompShg,Plywood,Plywood,BrkFace,288.0,174000,55,55,0,Old
2fmCon,1.5Fin,6,7,1905,2000,Gable,CompShg,Wd Sdng,Wd Sdng,,0.0,163000,120,25,1,Very Old
1Fam,2Story,7,5,2003,2003,Gable,CompShg,VinylSd,VinylSd,,0.0,162000,22,22,0,Moderate
1Fam,2Story,6,5,1972,1972,Gable,CompShg,VinylSd,VinylSd,,288.0,165150,53,53,0,Old
1Fam,1Story,5,5,1957,1957,Gable,CompShg,Wd Sdng,Wd Sdng,,0.0,141000,68,68,0,Old
1Fam,2Story,6,5,1996,1997,Hip,CompShg,VinylSd,VinylSd,BrkFace,42.0,204000,29,28,1,Moderate
1Fam,1.5Fin,3,4,1915,1950,Gable,CompShg,Wd Sdng,Wd Sdng,,0.0,105000,110,75,1,Very Old
1Fam,1.5Fin,4,5,1925,1950,Gable,CompShg,MetalSd,MetalSd,,0.0,103000,100,75,1,Old
1Fam,1Story,7,5,1990,1990,Hip,CompShg,HdBoard,HdBoard,BrkFace,54.0,180000,35,35,0,Moderate
1Fam,1Story,7,5,2004,2005,Hip,CompShg,VinylSd,VinylSd,Stone,108.0,240000,21,20,1,Moderate
1Fam,1Story,8,5,2007,2007,Gable,CompShg,VinylSd,VinylSd,Stone,640.0,256300,18,18,0,New
1Fam,1Story,6,5,1984,1985,Hip,CompShg,HdBoard,Plywood,,0.0,152000,41,40,1,Moderate
1Fam,2Story,6,5,2004,2004,Gable,CompShg,VinylSd,VinylSd,,0.0,193000,21,21,0,Moderate
1Fam,1.5Fin,5,8,1900,1950,Gable,CompShg,MetalSd,MetalSd,,0.0,119000,125,75,1,Very Old
1Fam,1Story,8,5,2005,2006,Gable,CompShg,VinylSd,VinylSd,,0.0,423000,20,19,1,New
1Fam,2Story,6,5,2000,2000,Gable,CompShg,VinylSd,VinylSd,BrkFace,16.0,179000,25,25,0,Moderate
1Fam,1Story,6,7,1926,2004,Gable,CompShg,MetalSd,MetalSd,,0.0,152000,99,21,1,Old
1Fam,2Story,7,6,2007,2007,Gable,CompShg,CemntBd,CmentBd,,,205950,18,18,0,New
1Fam,1Story,10,5,2009,2009,Hip,CompShg,CemntBd,CmentBd,BrkFace,305.0,402861,16,16,0,New
1Fam,1.5Fin,5,4,1950,1950,Gable,CompShg,MetalSd,MetalSd,BrkCmn,161.0,110000,75,75,0,Old
2fmCon,2Story,3,5,1900,1970,Gable,CompShg,HdBoard,HdBoard,,0.0,95000,125,55,1,Very Old
TwnhsE,1Story,7,5,2005,2006,Gable,CompShg,VinylSd,VinylSd,BrkFace,16.0,167240,20,19,1,New
1Fam,2Story,8,5,2006,2007,Hip,CompShg,VinylSd,VinylSd,Stone,340.0,424870,19,18,1,New
1Fam,1Story,5,6,1957,1997,Gable,CompShg,MetalSd,MetalSd,,0.0,207500,68,28,1,Old
1Fam,1Story,8,5,2008,2009,Gable,CompShg,VinylSd,VinylSd,Stone,72.0,244600,17,16,1,New
1Fam,1Story,6,5,1991,1991,Gable,CompShg,HdBoard,HdBoard,BrkFace,88.0,179200,34,34,0,Moderate
Duplex,1Story,4,5,1955,1955,Gable,CompShg,AsbShng,Plywood,,0.0,82000,70,70,0,Old
1Fam,1.5Fin,5,7,1930,1992,Gable,CompShg,MetalSd,MetalSd,,0.0,162900,95,33,1,Old
1Fam,1Story,6,6,1959,1959,Hip,CompShg,MetalSd,MetalSd,BrkFace,220.0,148000,66,66,0,Old
1Fam,1.5Fin,7,5,2003,2003,Gable,CompShg,VinylSd,VinylSd,,0.0,200000,22,22,0,Moderate
1Fam,1Story,5,6,1960,1960,Gable,CompShg,BrkFace,Wd Sdng,,0.0,155000,65,65,0,Old
1Fam,1Story,7,7,1990,1991,Hip,CompShg,HdBoard,HdBoard,BrkFace,234.0,271900,35,34,1,Moderate
1Fam,SLvl,6,7,1976,1994,Hip,CompShg,Plywood,Plywood,BrkFace,360.0,187000,49,31,1,Moderate
1Fam,2Story,6,6,1964,1978,Gable,CompShg,VinylSd,VinylSd,BrkCmn,272.0,165000,61,47,1,Old
1Fam,1Story,7,5,2001,2001,Gable,CompShg,VinylSd,VinylSd,,0.0,189000,24,24,0,Moderate
1Fam,1Story,6,5,1960,1960,Hip,CompShg,BrkFace,Plywood,Stone,112.0,215000,65,65,0,Old
1Fam,1Story,4,5,1965,1965,Hip,CompShg,HdBoard,HdBoard,BrkFace,48.0,94750,60,60,0,Old
Twnhs,2Story,4,6,1970,2008,Gable,CompShg,CemntBd,CmentBd,,0.0,97000,55,17,1,Old
1Fam,SLvl,6,6,1978,1978,Gable,CompShg,HdBoard,HdBoard,BrkFace,233.0,148000,47,47,0,Moderate
1Fam,2Story,6,5,2006,2007,Gable,CompShg,VinylSd,VinylSd,,0.0,156932,19,18,1,New
1Fam,1Story,5,5,1967,1967,Gable,CompShg,MetalSd,MetalSd,BrkFace,31.0,122000,58,58,0,Old
1Fam,2Story,7,5,2006,2006,Gable,CompShg,VinylSd,VinylSd,,0.0,219210,19,19,0,New
TwnhsE,1Story,8,5,1995,1996,Hip,CompShg,BrkFace,BrkFace,,0.0,270000,30,29,1,Moderate
1Fam,2Story,8,5,1990,1990,Gable,CompShg,Wd Sdng,Wd Sdng,BrkFace,336.0,302000,35,35,0,Moderate
1Fam,2Story,8,5,2003,2004,Hip,CompShg,VinylSd,VinylSd,BrkFace,340.0,285000,22,21,1,Moderate
1Fam,2Story,7,9,1926,2004,Gambrel,CompShg,MetalSd,MetalSd,,0.0,234000,99,21,1,Old
1Fam,2Story,8,5,2000,2000,Gable,CompShg,VinylSd,VinylSd,BrkFace,40.0,230500,25,25,0,Moderate
1Fam,1Story,5,7,1967,2004,Hip,CompShg,HdBoard,HdBoard,BrkFace,89.0,130000,58,21,1,Old
1Fam,1Story,5,6,1963,1963,Hip,CompShg,MetalSd,MetalSd,BrkFace,148.0,155000,62,62,0,Old
1Fam,1.5Unf,5,7,1930,1950,Gable,CompShg,WdShing,Wd Sdng,,0.0,87000,95,75,1,Old
1Fam,1Story,8,5,2003,2003,Hip,CompShg,VinylSd,VinylSd,BrkFace,171.0,232000,22,22,0,Moderate
1Fam,1.5Fin,3,2,1915,1982,Hip,CompShg,Plywood,Plywood,,0.0,85000,110,43,1,Very Old
1Fam,1.5Fin,5,7,1919,2005,Gable,CompShg,CemntBd,CmentBd,,0.0,115000,106,20,1,Very Old
1Fam,2Story,6,7,1993,1994,Gable,CompShg,VinylSd,VinylSd,,0.0,178000,32,31,1,Moderate
1Fam,1Story,5,7,1950,2007,Gable,CompShg,MetalSd,MetalSd,,0.0,147000,75,18,1,Old
TwnhsE,1Story,7,5,2006,2007,Gable,CompShg,VinylSd,VinylSd,,,199900,19,18,1,New
1Fam,SLvl,5,5,1955,1955,Gable,CompShg,MetalSd,MetalSd,,0.0,130000,70,70,0,Old
1Fam,1Story,5,7,1931,1993,Gable,CompShg,Wd Sdng,Wd Sdng,,0.0,105000,94,32,1,Old
1Fam,1Story,5,7,1965,1965,Hip,CompShg,MetalSd,MetalSd,,0.0,140000,60,60,0,Old
1Fam,2.5Fin,6,7,1922,1994,Gable,CompShg,MetalSd,MetalSd,,0.0,191000,103,31,1,Very Old
1Fam,2Story,7,5,1999,1999,Gable,CompShg,VinylSd,VinylSd,,344.0,225000,26,26,0,Moderate
TwnhsE,2Story,4,5,1973,1973,Gable,CompShg,CemntBd,CmentBd,,0.0,83500,52,52,0,Old
1Fam,1Story,5,5,1968,1968,Hip,CompShg,HdBoard,HdBoard,BrkFace,168.0,138500,57,57,0,Old
1Fam,1Story,8,5,2006,2006,Gable,CompShg,VinylSd,VinylSd,Stone,248.0,250000,19,19,0,New
1Fam,1Story,6,6,1959,1959,Hip,CompShg,Wd Sdng,Wd Sdng,,0.0,127500,66,66,0,Old
1Fam,1.5Fin,6,6,1924,1950,Gable,CompShg,MetalSd,MetalSd,,0.0,112000,101,75,1,Very Old
1Fam,1.5Fin,4,7,1910,2004,Gable,CompShg,Wd Sdng,Wd Sdng,,0.0,96500,115,21,1,Very Old
1Fam,2Story,6,7,1977,1977,Gable,CompShg,HdBoard,HdBoard,BrkFace,153.0,161750,48,48,0,Moderate
1Fam,2Story,6,5,2004,2004,Gable,CompShg,VinylSd,VinylSd,,0.0,173000,21,21,0,Moderate
Twnhs,2Story,6,5,1971,1971,Gable,CompShg,HdBoard,ImStucc,BrkFace,381.0,88000,54,54,0,Old
1Fam,1Story,5,5,1959,1959,Hip,CompShg,Plywood,Plywood,BrkFace,180.0,142000,66,66,0,Old
1Fam,1.5Fin,5,5,1932,2000,Gable,CompShg,VinylSd,Stucco,,0.0,159434,93,25,1,Old
1Fam,1Story,5,5,1994,1994,Gable,CompShg,VinylSd,VinylSd,,0.0,126000,31,31,0,Moderate
1Fam,1Story,5,8,1965,2008,Gable,CompShg,VinylSd,VinylSd,BrkFace,300.0,147000,60,17,1,Old
TwnhsE,2Story,7,7,1987,1987,Gable,CompShg,HdBoard,HdBoard,,0.0,239000,38,38,0,Moderate
1Fam,1Story,5,7,1967,2003,Gable,CompShg,VinylSd,VinylSd,,0.0,130000,58,22,1,Old
1Fam,2Story,7,5,1995,1995,Gable,CompShg,VinylSd,VinylSd,BrkFace,290.0,290000,30,30,0,Moderate
2fmCon,1.5Fin,5,6,1965,1965,Gable,CompShg,Plywood,Plywood,,0.0,228950,60,60,0,Old
1Fam,1.5Fin,5,8,1936,1989,Gable,CompShg,Wd Sdng,Wd Sdng,,0.0,170000,89,36,1,Old
1Fam,1Story,3,2,1940,1966,Gable,CompShg,Wd Sdng,Plywood,,0.0,76500,85,59,1,Old
1Fam,2.5Unf,5,5,1898,1965,Hip,CompShg,AsbShng,AsbShng,,0.0,106000,127,60,1,Very Old
1Fam,2Story,6,7,1969,1969,Gable,CompShg,HdBoard,HdBoard,Stone,143.0,158000,56,56,0,Old
1Fam,1.5Fin,6,8,1910,2003,Hip,CompShg,VinylSd,VinylSd,,0.0,117000,115,22,1,Very Old
TwnhsE,1Story,6,5,2005,2006,Gable,CompShg,VinylSd,VinylSd,Stone,256.0,194700,20,19,1,New
1Fam,1Story,5,5,1996,1996,Gable,CompShg,VinylSd,VinylSd,,0.0,152000,29,29,0,Moderate
1Fam,1.5Fin,4,3,1945,1950,Gable,CompShg,WdShing,Wd Shng,,0.0,98000,80,75,1,Old
1Fam,1Story,6,5,2003,2004,Gable,CompShg,VinylSd,VinylSd,,0.0,155000,22,21,1,Moderate
1Fam,1Story,3,6,1935,2003,Gable,CompShg,VinylSd,VinylSd,,0.0,52000,90,22,1,Old
1Fam,1.5Fin,5,7,1947,1950,Gable,CompShg,AsbShng,AsbShng,,0.0,110000,78,75,1,Old
1Fam,1Story,5,6,1940,1955,Gable,CompShg,VinylSd,VinylSd,,0.0,120500,85,70,1,Old
1Fam,2Story,7,5,1996,1997,Gable,CompShg,VinylSd,VinylSd,BrkFace,921.0,265000,29,28,1,Moderate
1Fam,2.5Unf,7,5,1941,1950,Gable,CompShg,MetalSd,MetalSd,,0.0,164000,84,75,1,Old
TwnhsE,2Story,7,5,2006,2007,Gable,CompShg,MetalSd,MetalSd,,0.0,171900,19,18,1,New
1Fam,2Story,7,5,1997,1998,Gable,CompShg,VinylSd,VinylSd,BrkFace,573.0,219500,28,27,1,Moderate
1Fam,1Story,7,5,2000,2001,Gable,CompShg,VinylSd,VinylSd,BrkFace,108.0,179000,25,24,1,Moderate
1Fam,1Story,5,7,1953,2007,Gable,CompShg,VinylSd,VinylSd,,0.0,109000,72,18,1,Old
1Fam,1Story,7,5,1968,1968,Hip,CompShg,BrkFace,BrkFace,,0.0,244000,57,57,0,Old
1Fam,2Story,8,6,1934,1998,Gable,CompShg,BrkFace,Wd Sdng,,0.0,359100,91,27,1,Old
1Fam,1.5Fin,6,6,1937,1950,Gable,CompShg,Wd Sdng,Wd Sdng,,0.0,141000,88,75,1,Old
1Fam,1Story,5,5,1984,1985,Gable,CompShg,HdBoard,Plywood,,0.0,119500,41,40,1,Moderate
1Fam,1.5Fin,6,7,1929,1950,Gable,CompShg,WdShing,Wd Shng,,0.0,120000,96,75,1,Old
1Fam,2Story,8,5,2000,2000,Gable,CompShg,VinylSd,VinylSd,BrkFace,350.0,250000,25,25,0,Moderate
1Fam,2Story,8,5,2000,2000,Gable,CompShg,VinylSd,VinylSd,BrkFace,72.0,248000,25,25,0,Moderate
1Fam,1Story,5,5,1956,1956,Hip,CompShg,MetalSd,MetalSd,BrkFace,120.0,135000,69,69,0,Old
1Fam,1Story,6,5,1960,1960,Hip,CompShg,MetalSd,MetalSd,BrkFace,212.0,157000,65,65,0,Old
1Fam,1Story,7,5,2007,2007,Gable,CompShg,VinylSd,VinylSd,,0.0,200141,18,18,0,New
1Fam,1Story,5,7,1948,2005,Gable,CompShg,MetalSd,MetalSd,,0.0,147000,77,20,1,Old
1Fam,SLvl,6,8,1958,1958,Hip,CompShg,VinylSd,VinylSd,BrkFace,63.0,145000,67,67,0,Old
1Fam,1Story,7,5,2000,2001,Gable,CompShg,VinylSd,VinylSd,BrkFace,171.0,213000,25,24,1,Moderate
TwnhsE,1Story,7,5,2009,2010,Gable,CompShg,VinylSd,VinylSd,Stone,128.0,224000,16,15,1,New
TwnhsE,1Story,7,5,2005,2005,Gable,CompShg,VinylSd,VinylSd,Stone,240.0,185850,20,20,0,New
1Fam,1Story,5,9,1982,2008,Gable,CompShg,VinylSd,VinylSd,,0.0,130500,43,17,1,Moderate
1Fam,2Story,7,5,1996,1997,Gable,CompShg,VinylSd,VinylSd,BrkFace,594.0,315750,29,28,1,Moderate
1Fam,2Story,7,5,2006,2006,Gable,CompShg,VinylSd,VinylSd,,0.0,179665,19,19,0,New
1Fam,1Story,5,7,1921,2006,Gable,CompShg,Wd Sdng,Wd Sdng,,0.0,163500,104,19,1,Very Old
1Fam,1Story,6,6,1959,1959,Hip,CompShg,BrkFace,BrkFace,,0.0,159500,66,66,0,Old
1Fam,1Story,5,7,1961,1994,Gable,CompShg,HdBoard,Plywood,,0.0,135000,64,31,1,Old
Twnhs,2Story,7,5,2003,2003,Gable,CompShg,VinylSd,Wd Shng,Stone,106.0,175500,22,22,0,Moderate
1Fam,1.5Fin,7,4,1953,1953,Gable,CompShg,BrkFace,AsbShng,,0.0,225000,72,72,0,Old
Twnhs,1Story,6,5,1998,1998,Hip,CompShg,VinylSd,VinylSd,BrkFace,116.0,164000,27,27,0,Moderate
1Fam,SFoyer,5,6,1978,1978,Gable,CompShg,Plywood,Plywood,BrkFace,104.0,165500,47,47,0,Moderate
1Fam,SFoyer,5,5,1962,1962,Gable,CompShg,MetalSd,MetalSd,,0.0,134500,63,63,0,Old
1Fam,1Story,7,5,1969,1969,Hip,CompShg,HdBoard,HdBoard,BrkFace,168.0,140000,56,56,0,Old
1Fam,1Story,5,8,1982,2003,Gable,CompShg,HdBoard,HdBoard,,0.0,138000,43,22,1,Moderate
1Fam,1.5Fin,5,8,1925,1997,Gable,CompShg,Wd Sdng,Wd Sdng,,0.0,117000,100,28,1,Old
1Fam,2Story,6,5,1965,1979,Flat,Tar&Grv,Plywood,Plywood,BrkCmn,113.0,129000,60,46,1,Old
1Fam,2Story,7,6,1986,1991,Gable,CompShg,Plywood,Plywood,BrkFace,123.0,215000,39,34,1,Moderate
1Fam,1Story,8,5,2006,2007,Gable,CompShg,VinylSd,VinylSd,BrkFace,304.0,440000,19,18,1,New
1Fam,1Story,7,5,2005,2006,Gable,CompShg,VinylSd,VinylSd,BrkFace,196.0,212900,20,19,1,New
1Fam,1Story,5,7,1959,2006,Gable,CompShg,HdBoard,HdBoard,BrkFace,54.0,145500,66,19,1,Old
1Fam,1.5Fin,5,7,1916,1987,Gable,CompShg,HdBoard,HdBoard,,0.0,135000,109,38,1,Very Old
TwnhsE,1Story,6,5,1999,1999,Hip,CompShg,VinylSd,VinylSd,BrkFace,425.0,165000,26,26,0,Moderate
1Fam,1Story,5,6,1957,1996,Gable,CompShg,HdBoard,HdBoard,BrkFace,64.0,134450,68,29,1,Old
1Fam,1Story,10,5,2007,2008,Hip,CompShg,CemntBd,CmentBd,BrkFace,816.0,385000,18,17,1,New
1Fam,1.5Fin,6,7,1940,1985,Gable,CompShg,VinylSd,VinylSd,,0.0,160000,85,40,1,Old
1Fam,1Story,5,6,1920,1950,Hip,CompShg,Stucco,Stucco,,0.0,120000,105,75,1,Very Old
1Fam,1Story,4,6,1954,1994,Flat,Tar&Grv,Plywood,Plywood,,0.0,256000,71,31,1,Old
1Fam,2.5Fin,7,9,1880,2002,Gable,CompShg,CemntBd,CmentBd,,0.0,295000,145,23,1,Very Old
1Fam,1Story,7,8,1959,1997,Gable,CompShg,BrkFace,Wd Sdng,,0.0,289000,66,28,1,Old
1Fam,1Story,5,8,1922,1950,Gable,CompShg,Wd Sdng,Wd Sdng,,0.0,99900,103,75,1,Very Old
1Fam,1Story,8,5,2002,2002,Hip,CompShg,VinylSd,VinylSd,BrkFace,630.0,312500,23,23,0,Moderate
1Fam,1.5Fin,4,5,1957,1989,Gable,CompShg,Wd Sdng,Wd Sdng,,0.0,161500,68,36,1,Old
1Fam,2Story,4,7,1910,2000,Gable,CompShg,MetalSd,HdBoard,,0.0,112000,115,25,1,Very Old
Duplex,1Story,7,5,1988,1989,Gable,CompShg,VinylSd,VinylSd,BrkFace,70.0,171000,37,36,1,Moderate
Duplex,1Story,5,5,1987,1988,Gable,CompShg,Plywood,Plywood,,0.0,179000,38,37,1,Moderate
1Fam,1.5Fin,5,3,1910,1996,Gambrel,CompShg,Wd Sdng,VinylSd,,0.0,81000,115,29,1,Very Old
1Fam,1Story,7,5,1996,1996,Hip,CompShg,VinylSd,VinylSd,BrkFace,338.0,260400,29,29,0,Moderate
1Fam,1Story,4,5,2005,2005,Gable,CompShg,VinylSd,VinylSd,,0.0,176000,20,20,0,New
TwnhsE,1Story,6,5,1998,1998,Hip,CompShg,VinylSd,VinylSd,BrkFace,320.0,162000,27,27,0,Moderate
1Fam,1.5Fin,5,6,1941,1950,Gable,CompShg,VinylSd,VinylSd,,0.0,95000,84,75,1,Old
1Fam,SFoyer,5,5,1982,1982,Hip,CompShg,Wd Sdng,Wd Sdng,,0.0,134900,43,43,0,Moderate
1Fam,1Story,5,6,1950,1996,Hip,CompShg,MetalSd,MetalSd,,0.0,142125,75,29,1,Old
1Fam,2Story,4,7,1910,1950,Gable,CompShg,VinylSd,VinylSd,,0.0,125500,115,75,1,Very Old
1Fam,2Story,8,5,2003,2003,Hip,CompShg,CemntBd,Wd Shng,BrkFace,603.0,538000,22,22,0,Moderate
1Fam,SLvl,5,7,1964,1964,Hip,CompShg,Wd Sdng,HdBoard,BrkFace,86.0,180500,61,61,0,Old
1Fam,1.5Fin,6,6,1928,1950,Gable,CompShg,BrkFace,Stone,,0.0,177000,97,75,1,Old
1Fam,1Story,6,5,1960,1960,Gable,CompShg,Wd Sdng,Wd Sdng,BrkFace,30.0,157500,65,65,0,Old
1Fam,2Story,6,8,1966,2007,Gable,CompShg,HdBoard,HdBoard,BrkFace,157.0,187500,59,18,1,Old
1Fam,2.5Unf,6,6,1916,1994,Gable,CompShg,Wd Sdng,Wd Shng,,0.0,214500,109,31,1,Very Old
1Fam,2Story,7,6,1965,1990,Gable,CompShg,HdBoard,HdBoard,BrkFace,176.0,205000,60,35,1,Old
1Fam,2Story,7,5,1998,1999,Gable,CompShg,VinylSd,VinylSd,,0.0,188000,27,26,1,Moderate
1Fam,1Story,5,7,1958,1985,Gable,CompShg,MetalSd,MetalSd,,0.0,120000,67,40,1,Old
1Fam,1Story,5,6,1957,2006,Hip,CompShg,Wd Sdng,Wd Sdng,BrkFace,98.0,120000,68,19,1,Old
1Fam,2Story,8,5,2002,2002,Gable,CompShg,VinylSd,VinylSd,,,237000,23,23,0,Moderate
Twnhs,2Story,7,5,1999,1999,Gable,CompShg,MetalSd,MetalSd,BrkFace,360.0,179400,26,26,0,Moderate
1Fam,1.5Unf,5,5,1926,1950,Gable,CompShg,Wd Sdng,Wd Sdng,,0.0,96500,99,75,1,Old
1Fam,1Story,8,5,2007,2007,Gable,CompShg,VinylSd,VinylSd,Stone,84.0,282922,18,18,0,New
1Fam,1Story,5,6,1958,1965,Hip,CompShg,BrkFace,Plywood,,0.0,139000,67,60,1,Old
TwnhsE,2Story,6,5,1974,1974,Gable,CompShg,Plywood,Brk Cmn,,0.0,147000,51,51,0,Old
1Fam,2Story,7,7,1880,2003,Mansard,CompShg,Stucco,Stucco,,0.0,265979,145,22,1,Very Old
1Fam,1.5Fin,4,6,1920,1950,Gable,CompShg,CBlock,CBlock,,0.0,105000,105,75,1,Very Old
1Fam,SLvl,7,5,1990,1991,Gable,CompShg,HdBoard,HdBoard,,0.0,173000,35,34,1,Moderate
1Fam,1.5Fin,6,7,1919,1990,Gable,CompShg,Wd Sdng,Wd Shng,,0.0,169000,106,35,1,Very Old
1Fam,2Story,7,5,1978,1978,Gable,CompShg,Plywood,Plywood,BrkFace,184.0,250000,47,47,0,Moderate
1Fam,SFoyer,5,7,1970,1970,Gable,CompShg,VinylSd,VinylSd,,0.0,129500,55,55,0,Old
1Fam,1Story,7,5,2006,2006,Gable,CompShg,VinylSd,VinylSd,,0.0,193879,19,19,0,New
1Fam,1Story,7,5,2002,2003,Gable,CompShg,VinylSd,VinylSd,BrkFace,113.0,214000,23,22,1,Moderate
TwnhsE,1Story,8,5,2006,2006,Gable,CompShg,VinylSd,VinylSd,Stone,178.0,202500,19,19,0,New
1Fam,SFoyer,7,9,1961,2007,Gable,CompShg,CemntBd,CmentBd,Stone,210.0,178400,64,18,1,Old
1Fam,1Story,7,5,2006,2006,Gable,CompShg,VinylSd,VinylSd,Stone,180.0,220000,19,19,0,New
1Fam,1Story,8,5,2006,2006,Hip,CompShg,VinylSd,VinylSd,Stone,420.0,290000,19,19,0,New
Duplex,2Story,5,5,1969,1969,Gable,CompShg,MetalSd,MetalSd,BrkFace,368.0,200000,56,56,0,Old
1Fam,1Story,7,5,2007,2007,Gable,CompShg,VinylSd,VinylSd,,0.0,176485,18,18,0,New
1Fam,1Story,8,5,2006,2006,Hip,CompShg,VinylSd,VinylSd,BrkFace,32.0,265900,19,19,0,New
1Fam,1Story,5,7,1964,1999,Hip,CompShg,MetalSd,MetalSd,,0.0,167000,61,26,1,Old
1Fam,2Story,6,5,1999,2000,Gable,CompShg,VinylSd,VinylSd,,0.0,175000,26,25,1,Moderate
Duplex,1Story,5,6,1976,1976,Gable,CompShg,VinylSd,VinylSd,BrkFace,164.0,136905,49,49,0,Moderate
1Fam,1Story,7,5,2001,2001,Gable,CompShg,VinylSd,VinylSd,,0.0,178000,24,24,0,Moderate
2fmCon,2.5Unf,6,6,1910,1998,Hip,CompShg,MetalSd,MetalSd,,0.0,133900,115,27,1,Very Old
Twnhs,1Story,7,5,2007,2008,Gable,CompShg,VinylSd,VinylSd,Stone,166.0,207500,18,17,1,New
1Fam,1.5Unf,5,7,1949,2003,Gable,CompShg,MetalSd,MetalSd,,0.0,135000,76,22,1,Old
1Fam,1Story,5,5,1950,1950,Hip,CompShg,MetalSd,MetalSd,,0.0,98300,75,75,0,Old
1Fam,1Story,6,7,1977,2001,Gable,CompShg,Plywood,Plywood,BrkFace,28.0,205000,48,24,1,Moderate
1Fam,1Story,5,6,1977,1977,Gable,CompShg,Plywood,Plywood,BrkFace,153.0,135000,48,48,0,Moderate
1Fam,1Story,7,6,1979,1979,Shed,WdShake,Plywood,Plywood,,0.0,260000,46,46,0,Moderate
1Fam,1Story,8,5,2004,2005,Hip,CompShg,VinylSd,VinylSd,BrkFace,262.0,274900,21,20,1,Moderate
1Fam,1Story,4,6,1970,1970,Gable,CompShg,HdBoard,Plywood,,0.0,120500,55,55,0,Old
1Fam,1Story,7,5,2005,2005,Gable,CompShg,VinylSd,VinylSd,,0.0,164990,20,20,0,New
1Fam,1Story,5,5,1962,1962,Hip,CompShg,MetalSd,MetalSd,,0.0,132000,63,63,0,Old
1Fam,2Story,6,8,1964,1993,Hip,CompShg,Wd Sdng,Wd Sdng,BrkFace,340.0,187000,61,32,1,Old
1Fam,1Story,9,5,2008,2009,Hip,CompShg,Stucco,CmentBd,,0.0,378500,17,16,1,New
