Foundation,BsmtQual,BsmtCond,BsmtExposure,BsmtFinType1,BsmtFinSF1,BsmtFinType2,BsmtFinSF2,BsmtUnfSF,TotalBsmtSF,Heating,HeatingQC,CentralAir,Electrical,1stFlrSF,2ndFlrSF,LowQualFinSF,GrLivArea,SalePrice
CBlock,TA,TA,No,Rec,922,Unf,0,392,1314,GasA,TA,Y,SBrkr,1314,0,0,1314,145000
PConc,Gd,TA,No,Unf,0,Unf,0,799,799,GasA,Gd,Y,SBrkr,799,772,0,1571,178000
CBlock,Fa,TA,No,Unf,0,Unf,0,796,796,GasA,Gd,Y,FuseA,796,0,0,796,85000
BrkTil,Gd,TA,No,ALQ,569,Unf,0,162,731,GasA,Ex,Y,SBrkr,981,787,0,1768,175000
BrkTil,TA,TA,No,LwQ,218,Unf,0,808,1026,GasA,TA,Y,SBrkr,1026,665,0,1691,127000
PConc,TA,TA,No,ALQ,894,Unf,0,0,894,GasA,TA,Y,SBrkr,894,0,0,894,149900
PConc,Gd,TA,Av,Unf,0,Unf,0,684,684,GasA,Ex,Y,SBrkr,684,876,0,1560,174000
BrkTil,TA,TA,No,BLQ,735,Unf,0,61,796,GasA,Gd,Y,SBrkr,796,358,0,1154,125500
CBlock,Gd,TA,No,GLQ,588,LwQ,228,606,1422,GasA,TA,Y,SBrkr,1422,0,0,1422,175500
PConc,Gd,TA,Av,Unf,0,Unf,0,1496,1496,GasA,Ex,Y,SBrkr,1496,0,0,1496,225000
CBlock,TA,TA,Gd,LwQ,187,Rec,627,0,814,GasA,Gd,Y,SBrkr,913,0,0,913,129000
CBlock,TA,TA,Av,ALQ,516,BLQ,128,380,1024,GasA,TA,Y,SBrkr,1086,0,0,1086,159950
CBlock,Gd,TA,No,ALQ,704,Unf,0,567,1271,GasA,TA,Y,SBrkr,1601,0,0,1601,157000
CBlock,TA,TA,No,BLQ,454,Unf,0,314,768,GasA,TA,Y,SBrkr,1186,800,0,1986,205000
CBlock,TA,TA,No,Unf,0,Unf,0,1164,1164,GasA,TA,Y,SBrkr,1164,0,0,1164,140000
PConc,Gd,TA,No,Unf,0,Unf,0,1010,1010,GasA,Ex,Y,SBrkr,1010,1257,0,2267,200000
CBlock,Gd,TA,Mn,ALQ,35,Rec,869,905,1809,GasA,TA,Y,SBrkr,2259,0,0,2259,217000
CBlock,TA,TA,No,LwQ,180,Rec,645,0,825,GasA,TA,Y,SBrkr,825,0,0,825,125000
CBlock,TA,TA,No,BLQ,535,Unf,0,155,690,GasA,TA,Y,SBrkr,698,728,0,1426,159500
CBlock,Gd,Fa,No,ALQ,1398,LwQ,208,0,1606,GasA,TA,Y,SBrkr,1651,0,0,1651,184000
BrkTil,TA,TA,No,Unf,0,Unf,0,768,768,Grav,Fa,N,SBrkr,789,0,0,789,96500
CBlock,TA,TA,No,LwQ,500,Unf,0,748,1248,GasA,TA,Y,SBrkr,1338,1296,0,2634,200000
BrkTil,TA,TA,No,Unf,0,Unf,0,1042,1042,GasA,Ex,Y,SBrkr,1042,534,0,1576,149000
PConc,Gd,TA,No,Unf,0,Unf,0,783,783,GasA,Ex,Y,SBrkr,783,701,0,1484,178900
PConc,Gd,TA,No,GLQ,833,Unf,0,343,1176,GasA,Ex,Y,SBrkr,1200,0,0,1200,184900
PConc,Gd,TA,No,Unf,0,Unf,0,625,625,GasA,Ex,Y,SBrkr,625,625,0,1250,164700
PConc,Gd,TA,Av,GLQ,1406,Unf,0,496,1902,GasA,TA,Y,SBrkr,1902,0,0,1902,335000
Slab,,,,,0,,0,0,0,Wall,Fa,N,FuseA,1040,0,0,1040,87500
PConc,Gd,TA,No,Unf,0,Unf,0,1502,1502,GasA,Ex,Y,SBrkr,1502,0,0,1502,233170
CBlock,TA,TA,No,Unf,0,Unf,0,1228,1228,GasA,Gd,Y,SBrkr,1228,0,0,1228,149350
CBlock,TA,TA,No,Rec,375,Unf,0,457,832,GasA,Gd,Y,SBrkr,1036,0,232,1268,133000
CBlock,TA,TA,No,Rec,468,Unf,0,396,864,GasA,TA,N,FuseA,864,0,0,864,98000
CBlock,Gd,TA,No,BLQ,625,LwQ,1061,0,1686,GasA,TA,Y,SBrkr,1686,0,0,1686,207500
CBlock,TA,TA,No,BLQ,1116,Unf,0,165,1281,GasA,Ex,Y,SBrkr,1620,0,0,1620,150000
CBlock,Gd,TA,Av,GLQ,685,Unf,0,173,858,GasA,TA,Y,SBrkr,858,0,0,858,134900
PConc,Gd,Gd,No,Unf,0,Unf,0,1293,1293,GasA,Ex,Y,SBrkr,1301,0,0,1301,187750
CBlock,TA,TA,No,BLQ,1024,Unf,0,481,1505,GasA,Ex,Y,SBrkr,1505,0,0,1505,149500
CBlock,TA,TA,No,Unf,0,Unf,0,864,864,GasA,Gd,Y,SBrkr,864,0,0,864,116050
CBlock,Gd,TA,Av,GLQ,1086,Unf,0,0,1086,GasA,TA,Y,SBrkr,1224,0,0,1224,153337
PConc,Gd,TA,Mn,BLQ,1064,Unf,0,319,1383,GasA,TA,Y,SBrkr,1383,0,0,1383,165000
CBlock,TA,TA,No,ALQ,641,Unf,0,175,816,GasA,Ex,Y,SBrkr,816,0,0,816,130500
PConc,Gd,Gd,Gd,GLQ,1309,Unf,0,35,1344,GasA,Ex,Y,SBrkr,1344,0,0,1344,206300
PConc,Gd,TA,No,Unf,0,Unf,0,689,689,GasA,Ex,Y,SBrkr,703,689,0,1392,146000
CBlock,TA,TA,No,Unf,0,Unf,0,1065,1065,GasA,Gd,Y,SBrkr,1065,0,0,1065,126500
PConc,TA,TA,No,Unf,0,Unf,0,661,661,GasA,Ex,Y,SBrkr,661,589,0,1250,139000
BrkTil,TA,TA,No,Unf,0,Unf,0,736,736,GasA,Gd,Y,SBrkr,736,716,0,1452,113000
BrkTil,TA,TA,No,Unf,0,Unf,0,572,572,Grav,Fa,N,FuseF,572,524,0,1096,79000
PConc,Gd,TA,No,Unf,0,Unf,0,1428,1428,GasA,Ex,Y,SBrkr,1428,0,0,1428,182000
PConc,Gd,TA,No,GLQ,219,Unf,0,554,773,GasA,Gd,Y,SBrkr,773,885,0,1658,188000
CBlock,TA,TA,No,ALQ,398,BLQ,149,317,864,GasA,Gd,Y,SBrkr,864,0,0,864,129000
PConc,TA,TA,Mn,Unf,0,Unf,0,686,686,GasA,Gd,Y,SBrkr,948,980,0,1928,160000
CBlock,TA,TA,No,Unf,0,Unf,0,1319,1319,GasA,TA,Y,SBrkr,1537,0,0,1537,174000
PConc,Gd,TA,Av,Unf,0,Unf,0,879,879,GasA,Ex,Y,SBrkr,879,984,0,1863,219210
PConc,Ex,TA,Av,GLQ,765,Unf,0,252,1017,GasA,Ex,Y,SBrkr,1026,981,0,2007,310000
PConc,Ex,TA,Gd,GLQ,1567,Unf,0,225,1792,GasA,Ex,Y,SBrkr,1792,0,0,1792,374000
CBlock,TA,TA,No,Unf,0,Unf,0,968,968,GasA,TA,Y,SBrkr,968,0,0,968,100000
CBlock,TA,TA,Mn,BLQ,619,Unf,0,435,1054,GasA,TA,Y,SBrkr,1512,1142,0,2654,250000
CBlock,TA,Gd,Av,GLQ,648,Unf,0,0,648,GasA,Ex,Y,SBrkr,960,0,0,960,145000
BrkTil,TA,TA,No,Unf,0,Unf,0,1237,1237,GasA,Gd,Y,SBrkr,1521,1254,0,2775,325000
PConc,Gd,TA,Av,Unf,0,Unf,0,2153,2153,GasA,Ex,Y,SBrkr,2069,574,0,2643,380000
PConc,Ex,TA,Gd,GLQ,1373,Unf,0,221,1594,GasA,Ex,Y,SBrkr,1646,0,0,1646,275000
CBlock,Gd,TA,No,GLQ,1258,Unf,0,40,1298,GasA,TA,Y,SBrkr,1298,0,0,1298,180000
PConc,Gd,TA,Av,Unf,0,Unf,0,1694,1694,GasA,Ex,Y,SBrkr,1694,0,0,1694,245350
CBlock,TA,TA,Mn,BLQ,498,Unf,0,460,958,GasA,TA,Y,SBrkr,958,0,0,958,151500
CBlock,TA,TA,Av,BLQ,784,Unf,0,141,925,GasA,TA,Y,SBrkr,999,0,0,999,134500
CBlock,TA,TA,No,Unf,0,Unf,0,780,780,GasA,Gd,N,SBrkr,780,240,0,1020,94000
PConc,Gd,TA,No,GLQ,533,Unf,0,281,814,GasA,Ex,Y,SBrkr,814,860,0,1674,216000
PConc,Gd,TA,Gd,GLQ,1696,Unf,0,413,2109,GasA,Ex,Y,SBrkr,2113,0,0,2113,350000
CBlock,TA,TA,No,LwQ,156,Unf,0,692,848,GasA,TA,Y,SBrkr,1118,912,0,2030,195000
CBlock,Gd,TA,No,Unf,0,Unf,0,626,626,GasA,TA,Y,SBrkr,626,591,0,1217,120000
PConc,Gd,TA,No,Unf,0,Unf,0,1284,1284,GasA,Ex,Y,SBrkr,1284,885,0,2169,228500
PConc,Gd,TA,No,GLQ,595,Unf,0,378,973,GasA,Ex,Y,SBrkr,979,871,0,1850,248000
CBlock,TA,TA,No,BLQ,25,Rec,872,247,1144,GasA,TA,Y,SBrkr,1144,0,0,1144,124000
PConc,Gd,Gd,No,GLQ,16,Unf,0,1330,1346,GasA,Ex,Y,SBrkr,1504,0,0,1504,191000
CBlock,TA,TA,No,ALQ,663,LwQ,377,0,1040,GasA,Fa,Y,SBrkr,1309,0,0,1309,181000
BrkTil,TA,TA,Mn,Rec,204,Unf,0,356,560,GasA,TA,Y,SBrkr,698,560,0,1258,105000
CBlock,TA,TA,No,Unf,0,Unf,0,978,978,GasA,TA,Y,SBrkr,1422,0,0,1422,139900
CBlock,TA,TA,No,Rec,608,Unf,0,834,1442,GasA,Gd,Y,SBrkr,1442,0,0,1442,157900
CBlock,TA,TA,No,BLQ,352,Unf,0,416,768,GasA,Ex,Y,SBrkr,768,432,0,1200,130500
PConc,Gd,TA,No,Unf,0,Unf,0,953,953,GasA,Ex,Y,SBrkr,953,711,0,1664,172400
CBlock,TA,TA,No,ALQ,384,Unf,0,0,384,GasA,TA,Y,SBrkr,1360,0,0,1360,130000
PConc,Ex,Gd,Av,Unf,0,Unf,0,707,707,GasA,Ex,Y,SBrkr,707,707,0,1414,178000
CBlock,TA,TA,No,Rec,251,LwQ,630,491,1372,GasA,TA,Y,SBrkr,1342,0,0,1342,161500
CBlock,Gd,TA,Mn,Rec,507,Unf,0,286,793,GasA,TA,Y,SBrkr,793,325,0,1118,119900
BrkTil,Gd,TA,No,Rec,503,Unf,0,449,952,GasA,TA,Y,SBrkr,1170,1175,0,2345,239000
CBlock,Gd,TA,No,BLQ,705,Unf,0,1139,1844,GasA,Ex,Y,SBrkr,1844,0,0,1844,190000
CBlock,TA,TA,No,ALQ,387,Unf,0,96,483,GasA,TA,Y,SBrkr,483,504,0,987,85400
PConc,TA,TA,Mn,ALQ,1200,Unf,0,410,1610,GasA,Gd,Y,SBrkr,1610,0,0,1610,205000
PConc,TA,TA,No,ALQ,336,Unf,0,748,1084,GasA,TA,Y,SBrkr,1080,0,0,1080,134000
CBlock,TA,TA,Av,BLQ,1159,Unf,0,90,1249,GasA,Ex,Y,SBrkr,1622,0,0,1622,168000
PConc,Gd,TA,Av,GLQ,714,Unf,0,88,802,GasA,Gd,Y,SBrkr,802,709,0,1511,185000
PConc,TA,TA,Av,GLQ,1014,Unf,0,138,1152,GasA,TA,Y,SBrkr,1152,0,0,1152,180500
CBlock,TA,TA,No,BLQ,420,Unf,0,490,910,GasA,TA,Y,FuseA,910,648,0,1558,152000
PConc,Gd,TA,No,GLQ,380,Unf,0,397,777,GasA,Ex,Y,SBrkr,1065,846,0,1911,215000
CBlock,TA,TA,Mn,BLQ,860,Unf,0,132,992,GasA,TA,Y,SBrkr,1306,0,0,1306,153000
PConc,TA,TA,No,Unf,0,Unf,0,849,849,GasA,TA,N,FuseA,1075,1063,0,2138,106000
PConc,Gd,TA,No,Unf,0,Unf,0,1580,1580,GasA,Ex,Y,SBrkr,1580,886,0,2466,340000
CBlock,TA,TA,No,Rec,600,Unf,0,312,912,GasA,TA,Y,SBrkr,1085,649,0,1734,159000
BrkTil,TA,TA,No,Unf,0,Unf,0,862,862,GasA,TA,Y,SBrkr,950,208,0,1158,120000
Slab,,,,,0,,0,0,0,GasA,TA,Y,SBrkr,1771,0,0,1771,115000
CBlock,Gd,TA,No,ALQ,120,Unf,0,958,1078,GasA,TA,Y,SBrkr,958,0,0,958,128000
PConc,Ex,TA,Av,GLQ,48,Unf,0,1774,1822,GasA,Ex,Y,SBrkr,1828,0,0,1828,314813
CBlock,TA,TA,No,LwQ,292,Unf,0,476,768,GasA,Gd,Y,SBrkr,1148,568,0,1716,131000
PConc,Ex,TA,Av,GLQ,1330,Unf,0,122,1452,GasA,Ex,Y,SBrkr,1476,1237,0,2713,446261
BrkTil,TA,Fa,No,LwQ,425,Unf,0,459,884,GasA,TA,Y,FuseA,959,408,0,1367,127500
PConc,TA,TA,No,ALQ,299,Unf,0,611,910,GasA,Ex,Y,SBrkr,916,910,0,1826,155000
PConc,Gd,Gd,No,ALQ,334,BLQ,544,322,1200,GasA,Ex,Y,SBrkr,1200,0,0,1200,177500
CBlock,TA,TA,No,Rec,360,Unf,0,360,720,GasA,TA,Y,SBrkr,854,0,528,1382,128500
PConc,Gd,TA,No,Unf,0,Unf,0,728,728,GasA,Ex,Y,SBrkr,728,728,0,1456,176000
PConc,Gd,Gd,No,GLQ,1361,Rec,180,88,1629,GasA,Ex,Y,SBrkr,1686,762,0,2448,402000
PConc,TA,TA,Av,Unf,0,Unf,0,940,940,GasA,TA,N,FuseA,1024,940,0,1964,130000
CBlock,Gd,TA,No,Rec,787,Unf,0,305,1092,GasA,Ex,Y,SBrkr,1092,0,0,1092,145000
CBlock,TA,TA,No,ALQ,607,Unf,0,506,1113,GasA,Gd,Y,SBrkr,1113,0,0,1113,147000
CBlock,TA,TA,No,ALQ,432,Unf,0,432,864,GasA,TA,Y,SBrkr,864,0,0,864,115000
PConc,TA,TA,No,Unf,0,Unf,0,994,994,GasA,Gd,Y,SBrkr,1028,776,0,1804,189000
CBlock,TA,TA,Av,Unf,0,Unf,0,1632,1632,GasA,TA,Y,SBrkr,1632,0,0,1632,143000
CBlock,TA,TA,No,ALQ,956,Rec,182,384,1522,GasA,TA,Y,SBrkr,1548,1066,0,2614,240000
PConc,Gd,TA,No,GLQ,904,Unf,0,410,1314,GasA,Ex,Y,SBrkr,1314,0,0,1314,230000
PConc,Gd,TA,No,GLQ,674,Unf,0,76,750,GasA,Ex,Y,SBrkr,1061,862,0,1923,190000
PConc,Gd,TA,Av,GLQ,712,Unf,0,761,1473,GasA,Ex,Y,SBrkr,1484,0,0,1484,213000
CBlock,TA,TA,No,LwQ,280,Unf,0,140,420,GasA,Gd,Y,SBrkr,708,0,0,708,82500
PConc,Ex,TA,Av,GLQ,1088,Unf,0,625,1713,GasA,Ex,Y,SBrkr,1713,0,0,1713,274900
CBlock,TA,TA,No,BLQ,374,LwQ,532,363,1269,GasA,TA,Y,FuseA,1269,0,0,1269,155000
PConc,Ex,TA,Mn,GLQ,1721,Unf,0,356,2077,GasA,Ex,Y,SBrkr,2097,0,0,2097,423000
CBlock,TA,TA,Mn,Rec,360,Unf,0,504,864,GasA,Ex,Y,SBrkr,864,0,0,864,128500
PConc,Ex,TA,Av,GLQ,936,Unf,0,168,1104,GasA,Ex,Y,SBrkr,1130,1054,0,2184,335000
PConc,Gd,TA,No,GLQ,1456,Unf,0,168,1624,GasA,Ex,Y,SBrkr,1624,0,0,1624,262000
CBlock,TA,TA,No,Rec,906,Unf,0,134,1040,GasA,Ex,Y,SBrkr,1040,0,0,1040,129500
PConc,Gd,TA,No,Unf,0,Unf,0,884,884,GasA,Ex,Y,SBrkr,884,1151,0,2035,222500
PConc,Gd,Gd,Av,LwQ,437,GLQ,1057,0,1494,GasA,Ex,Y,SBrkr,1494,0,0,1494,270000
PConc,Gd,TA,No,GLQ,904,Unf,0,410,1314,GasA,Ex,Y,SBrkr,1314,0,0,1314,207500
CBlock,TA,TA,No,ALQ,384,Rec,175,143,702,GasA,Gd,Y,SBrkr,1041,702,0,1743,175000
PConc,Ex,TA,Mn,BLQ,48,GLQ,634,422,1104,GasA,Ex,Y,SBrkr,912,1215,0,2127,238000
PConc,TA,Fa,No,Rec,210,Unf,0,570,780,GasA,Ex,N,SBrkr,936,780,0,1716,135900
PConc,Gd,TA,Mn,GLQ,733,Unf,0,625,1358,GasA,Ex,Y,SBrkr,1358,0,0,1358,224000
PConc,Gd,TA,No,Unf,0,Unf,0,384,384,GasA,Ex,Y,SBrkr,774,656,0,1430,170000
PConc,Gd,TA,No,GLQ,410,Unf,0,811,1221,GasA,Ex,Y,SBrkr,1221,0,0,1221,185000
PConc,Gd,TA,No,Unf,0,Unf,0,912,912,GasA,Ex,Y,SBrkr,912,1182,0,2094,263000
CBlock,TA,TA,No,Rec,553,BLQ,311,0,864,GasA,Gd,Y,SBrkr,864,0,0,864,62383
CBlock,TA,TA,No,Rec,567,BLQ,28,413,1008,GasA,TA,Y,FuseA,1053,0,0,1053,150000
CBlock,Gd,TA,Gd,ALQ,1390,Unf,0,0,1390,GasA,TA,Y,SBrkr,1701,0,0,1701,171000
CBlock,TA,TA,No,Rec,846,Unf,0,210,1056,GasA,Fa,Y,SBrkr,1056,0,0,1056,139000
CBlock,TA,TA,No,ALQ,256,Unf,0,906,1162,GasA,Ex,Y,SBrkr,1163,0,0,1163,126175
PConc,Gd,TA,No,Unf,0,Unf,0,813,813,GasA,Ex,Y,SBrkr,822,843,0,1665,205950
BrkTil,TA,Fa,Mn,Unf,0,Unf,0,684,684,GasA,Gd,Y,SBrkr,684,512,0,1196,110000
PConc,Ex,TA,No,Unf,0,Unf,0,1926,1926,GasA,Ex,Y,SBrkr,1966,1174,0,3140,485000
PConc,TA,TA,No,Unf,0,Unf,0,1304,1304,GasA,Gd,Y,SBrkr,1682,0,0,1682,174000
PConc,Gd,TA,Gd,GLQ,547,Unf,0,0,547,GasA,Gd,Y,SBrkr,1072,0,0,1072,145000
PConc,Gd,TA,Mn,GLQ,24,Unf,0,732,756,GasA,Ex,Y,SBrkr,764,783,0,1547,215200
PConc,Ex,Gd,No,Unf,0,Unf,0,1905,1905,GasA,Ex,Y,SBrkr,1905,0,0,1905,320000
PConc,Gd,TA,Av,GLQ,385,ALQ,344,70,799,GasA,Ex,Y,SBrkr,827,834,0,1661,212000
CBlock,TA,TA,Gd,GLQ,624,Rec,336,288,1248,GasA,TA,Y,SBrkr,1350,0,0,1350,168500
PConc,Gd,TA,No,Unf,0,Unf,0,1055,1055,GasA,Ex,Y,SBrkr,1055,790,0,1845,189000
CBlock,TA,TA,No,Unf,0,Unf,0,533,533,GasA,TA,Y,SBrkr,1021,580,0,1601,140000
PConc,Gd,TA,No,ALQ,592,Unf,0,99,691,GasA,Gd,Y,SBrkr,691,807,0,1498,187500
PConc,Gd,TA,No,GLQ,222,Unf,0,769,991,GasA,Ex,Y,SBrkr,991,956,0,1947,254900
CBlock,TA,TA,No,ALQ,902,Unf,0,196,1098,GasA,TA,Y,SBrkr,1098,0,0,1098,135000
CBlock,Gd,TA,No,ALQ,602,LwQ,438,14,1054,GasA,Gd,Y,SBrkr,1054,0,0,1054,151000
CBlock,TA,TA,No,Rec,308,Unf,0,620,928,GasA,Gd,Y,FuseA,928,0,0,928,112500
PConc,TA,TA,No,Rec,329,Unf,0,697,1026,GasA,Ex,Y,SBrkr,1133,687,0,1820,184000
BrkTil,TA,TA,No,GLQ,523,Unf,0,301,824,GasA,Ex,Y,SBrkr,1687,998,397,3082,197000
CBlock,TA,TA,Av,Unf,0,Unf,0,1104,1104,GasA,Ex,Y,FuseA,1104,684,0,1788,161500
BrkTil,TA,TA,No,ALQ,247,Rec,465,310,1022,GasW,TA,N,SBrkr,1022,0,0,1022,85000
PConc,Gd,TA,No,GLQ,925,Unf,0,349,1274,GasA,Ex,Y,SBrkr,1274,0,0,1274,203000
PConc,Gd,Gd,No,Unf,0,Unf,0,1122,1122,GasA,Ex,Y,SBrkr,1134,1370,0,2504,325000
PConc,Ex,TA,Mn,GLQ,904,Unf,0,536,1440,GasA,Ex,Y,SBrkr,1476,677,0,2153,313000
PConc,Gd,TA,No,GLQ,804,Unf,0,324,1128,GasA,Ex,Y,SBrkr,1128,903,0,2031,237000
PConc,TA,TA,No,Unf,0,Unf,0,764,764,GasA,Ex,Y,FuseA,1060,764,0,1824,180500
CBlock,TA,TA,No,BLQ,486,Unf,0,522,1008,GasA,Gd,Y,SBrkr,1008,0,0,1008,137000
PConc,TA,TA,No,LwQ,365,Unf,0,75,440,GasA,TA,N,SBrkr,694,0,0,694,90350
CBlock,TA,TA,Gd,Rec,936,LwQ,396,396,1728,GasA,TA,Y,SBrkr,1728,0,0,1728,150900
PConc,Gd,TA,Av,ALQ,1162,Unf,0,426,1588,GasA,Ex,Y,SBrkr,1588,0,0,1588,214000
CBlock,Gd,TA,No,ALQ,1302,Unf,0,90,1392,GasA,TA,Y,SBrkr,1392,0,0,1392,121500
PConc,Ex,TA,Av,GLQ,2096,Unf,0,300,2396,GasA,Ex,Y,SBrkr,2411,2065,0,4476,745000
CBlock,Gd,TA,No,Unf,0,Unf,0,808,808,GasA,TA,Y,SBrkr,1161,808,0,1969,190000
PConc,Gd,TA,No,GLQ,16,Unf,0,1330,1346,GasA,Ex,Y,SBrkr,1504,0,0,1504,181000
CBlock,TA,Fa,No,Unf,0,Unf,0,1276,1276,GasA,TA,Y,FuseA,1276,0,0,1276,60000
PConc,Ex,TA,No,Unf,0,Unf,0,1800,1800,GasA,Ex,Y,SBrkr,1800,0,0,1800,239000
CBlock,Gd,TA,Av,GLQ,816,Unf,0,0,816,GasA,TA,Y,SBrkr,816,0,0,816,118500
CBlock,,,,,0,,0,0,0,GasA,TA,Y,FuseF,1040,0,0,1040,109500
CBlock,Gd,TA,No,Unf,0,Unf,0,924,924,GasA,TA,Y,SBrkr,924,0,0,924,110000
CBlock,TA,TA,No,Unf,0,Unf,0,832,832,GasA,Gd,Y,SBrkr,832,0,0,832,105500
PConc,Gd,TA,No,Unf,0,Unf,0,930,930,GasA,Gd,Y,SBrkr,956,930,0,1886,199900
CBlock,Gd,TA,Mn,ALQ,485,BLQ,177,1496,2158,GasA,Gd,Y,SBrkr,2196,0,0,2196,271900
PConc,TA,TA,Mn,BLQ,841,Unf,0,198,1039,GasA,Ex,Y,SBrkr,1039,0,0,1039,131500
CBlock,TA,TA,No,Unf,0,Unf,0,720,720,GasA,TA,Y,SBrkr,720,551,0,1271,135000
BrkTil,TA,Gd,No,Rec,241,BLQ,391,229,861,GasA,Ex,Y,SBrkr,961,406,0,1367,119000
CBlock,Gd,TA,No,Unf,0,Unf,0,791,791,GasA,Gd,Y,SBrkr,1236,857,0,2093,215000
CBlock,TA,TA,Av,BLQ,460,Unf,0,404,864,GasA,Ex,Y,SBrkr,864,0,0,864,133500
PConc,TA,TA,No,Unf,0,Unf,0,804,804,GasA,Ex,Y,SBrkr,1699,748,0,2447,169000
PConc,TA,TA,Gd,GLQ,763,Unf,0,173,936,GasA,Ex,Y,SBrkr,1054,0,0,1054,137500
PConc,Gd,TA,No,ALQ,206,Unf,0,914,1120,GasA,Ex,Y,SBrkr,1120,0,0,1120,147000
PConc,Gd,TA,Av,Unf,0,Unf,0,1616,1616,GasA,Ex,Y,SBrkr,1616,0,0,1616,232000
CBlock,TA,TA,No,ALQ,836,Unf,0,237,1073,GasA,TA,Y,SBrkr,1073,0,0,1073,156000
CBlock,Gd,TA,Av,ALQ,1071,LwQ,123,195,1389,GasA,Gd,Y,SBrkr,1389,0,0,1389,170000
CBlock,TA,TA,No,BLQ,262,Unf,0,599,861,GasA,Ex,Y,SBrkr,861,0,0,861,82500
PConc,Gd,Gd,No,ALQ,350,BLQ,210,0,560,GasA,Ex,Y,SBrkr,575,560,0,1135,155000
PConc,Ex,TA,Gd,GLQ,1150,Unf,0,316,1466,GasA,Ex,Y,SBrkr,1466,1362,0,2828,424870
PConc,Gd,TA,No,GLQ,1180,Unf,0,415,1595,GasA,Ex,Y,SBrkr,1616,0,0,1616,236500
CBlock,Gd,TA,Gd,ALQ,1157,Unf,0,280,1437,GasA,TA,Y,SBrkr,1437,0,0,1437,218000
PConc,Gd,TA,No,Unf,0,Unf,0,1630,1630,GasA,Ex,Y,SBrkr,1630,0,0,1630,213000
PConc,Ex,TA,Gd,GLQ,1274,Unf,0,526,1800,GasA,Ex,Y,SBrkr,1800,0,0,1800,312500
CBlock,TA,TA,No,Unf,0,Unf,0,528,528,GasA,Ex,Y,SBrkr,1094,761,0,1855,187000
PConc,Gd,TA,No,Unf,0,Unf,0,841,841,GasA,Ex,Y,SBrkr,892,783,0,1675,181000
PConc,Gd,TA,No,GLQ,656,Unf,0,300,956,GasA,Ex,Y,SBrkr,956,1128,0,2084,233000
CBlock,TA,Fa,Mn,LwQ,236,Rec,380,0,616,GasA,TA,N,SBrkr,616,495,0,1111,95000
CBlock,TA,TA,No,Unf,0,Unf,0,270,270,GasA,Gd,Y,SBrkr,729,0,0,729,52000
CBlock,Gd,Fa,No,Unf,0,Unf,0,1362,1362,GasA,TA,Y,SBrkr,1586,0,0,1586,181000
PConc,Ex,TA,No,GLQ,1904,Unf,0,312,2216,GasA,Ex,Y,SBrkr,2234,0,0,2234,501837
CBlock,TA,TA,No,BLQ,614,Unf,0,244,858,GasA,TA,Y,SBrkr,858,0,0,858,88000
CBlock,TA,TA,No,ALQ,625,Unf,0,208,833,GasA,Ex,Y,SBrkr,833,0,0,833,112000
CBlock,TA,TA,No,Rec,504,BLQ,108,319,931,GasA,TA,Y,SBrkr,1283,0,0,1283,140000
CBlock,TA,TA,No,GLQ,1285,Unf,0,131,1416,GasA,TA,Y,SBrkr,1644,0,0,1644,167000
CBlock,TA,TA,No,Rec,565,Unf,0,818,1383,GasA,TA,Y,SBrkr,1383,0,0,1383,145250
CBlock,Gd,TA,No,ALQ,790,Rec,163,589,1542,GasA,TA,Y,SBrkr,2073,0,0,2073,210000
PConc,TA,TA,No,Unf,0,Unf,0,650,650,GasA,Gd,Y,SBrkr,958,581,0,1539,157500
PConc,Gd,TA,Av,GLQ,24,Unf,0,1528,1552,GasA,Ex,Y,SBrkr,1552,0,0,1552,212900
CBlock,TA,TA,No,BLQ,338,Rec,466,121,925,GasA,Ex,Y,SBrkr,925,0,0,925,117500
PConc,Gd,TA,Av,GLQ,24,Unf,0,1390,1414,GasA,Ex,Y,SBrkr,1414,0,0,1414,185500
CBlock,TA,Fa,No,Unf,0,Unf,0,1013,1013,GasA,TA,N,SBrkr,1013,0,513,1526,85000
CBlock,TA,TA,No,LwQ,528,Unf,0,1098,1626,GasA,Ex,Y,SBrkr,1712,0,0,1712,145000
PConc,Ex,TA,Av,Unf,0,Unf,0,1709,1709,GasA,Ex,Y,SBrkr,1717,0,0,1717,255500
BrkTil,Fa,Fa,No,Unf,0,Unf,0,636,636,GasA,TA,Y,FuseA,1089,661,0,1750,124000
BrkTil,TA,TA,No,Unf,0,Unf,0,698,698,GasA,TA,Y,SBrkr,786,390,0,1176,134900
PConc,Gd,TA,No,Unf,0,Unf,0,1406,1406,GasA,Ex,Y,SBrkr,1454,482,0,1936,230500
CBlock,TA,TA,No,ALQ,322,Unf,0,536,858,GasA,TA,Y,SBrkr,858,0,0,858,110000
PConc,Gd,TA,Av,Unf,0,Unf,0,1079,1079,GasA,Ex,Y,SBrkr,1079,840,0,1919,233230
BrkTil,Fa,TA,No,Unf,0,Unf,0,596,596,GasA,Ex,Y,SBrkr,998,764,0,1762,157000
CBlock,TA,TA,No,LwQ,231,Unf,0,1497,1728,GasA,TA,Y,SBrkr,1728,0,0,1728,142600
PConc,Gd,TA,No,GLQ,573,Unf,0,191,764,GasA,Ex,Y,SBrkr,764,862,0,1626,154000
PConc,Gd,Gd,Av,GLQ,554,Unf,0,100,654,GasA,Ex,Y,SBrkr,664,832,0,1496,179665
BrkTil,Gd,TA,Mn,Rec,384,Unf,0,384,768,GasA,TA,N,SBrkr,790,0,0,790,91000
CBlock,Gd,TA,No,Unf,0,Unf,0,793,793,GasA,TA,Y,SBrkr,1142,793,0,1935,197900
CBlock,TA,TA,No,ALQ,403,Unf,0,400,803,GasA,TA,Y,SBrkr,1098,866,0,1964,205000
PConc,TA,TA,No,Unf,0,Unf,0,588,588,GasA,Fa,Y,SBrkr,833,833,0,1666,161000
CBlock,Gd,Gd,Av,GLQ,595,Unf,0,390,985,GasA,TA,Y,SBrkr,985,0,0,985,149900
PConc,Gd,TA,Av,GLQ,720,Unf,0,638,1358,GasA,Ex,Y,SBrkr,1358,0,0,1358,207000
PConc,Gd,TA,Av,GLQ,662,Unf,0,186,848,GasA,Ex,Y,SBrkr,848,0,0,848,143000
PConc,Gd,TA,Mn,Unf,0,Unf,0,1085,1085,GasA,Ex,Y,SBrkr,1120,850,0,1970,281000
PConc,Ex,TA,Mn,Unf,0,Unf,0,2046,2046,GasA,Ex,Y,SBrkr,2046,0,0,2046,372500
PConc,Gd,TA,No,GLQ,735,Unf,0,257,992,GasA,Ex,Y,SBrkr,992,873,0,1865,235000
BrkTil,TA,TA,No,Unf,0,Unf,0,844,844,GasA,Gd,N,FuseA,1445,689,0,2134,214500
PConc,Gd,TA,Gd,GLQ,987,Unf,0,360,1347,GasA,Ex,Y,SBrkr,1372,1274,0,2646,260000
CBlock,TA,TA,No,GLQ,600,Unf,0,312,912,GasA,TA,Y,FuseA,1236,0,0,1236,149700
CBlock,Gd,TA,Av,BLQ,301,ALQ,324,239,864,GasA,TA,Y,SBrkr,902,0,0,902,131000
CBlock,TA,TA,No,ALQ,737,Unf,0,175,912,GasA,TA,Y,SBrkr,912,0,0,912,144000
CBlock,TA,Gd,Gd,BLQ,639,Unf,0,441,1080,GasA,Fa,Y,SBrkr,1656,0,0,1656,215000
CBlock,TA,TA,Gd,Rec,672,ALQ,690,0,1362,GasA,TA,Y,SBrkr,1382,0,0,1382,176000
Slab,,,,,0,,0,0,0,GasA,TA,Y,SBrkr,2020,0,0,2020,144000
CBlock,TA,TA,Av,GLQ,504,Unf,0,506,1010,GasA,Gd,Y,SBrkr,1052,0,0,1052,155000
PConc,Gd,TA,Av,LwQ,56,ALQ,64,1198,1318,GasA,Ex,Y,SBrkr,1328,1203,0,2531,290000
PConc,Gd,TA,Mn,GLQ,668,Unf,0,336,1004,GasA,Ex,Y,SBrkr,1004,848,0,1852,230000
PConc,Ex,TA,Mn,GLQ,1220,Unf,0,440,1660,GasA,Ex,Y,SBrkr,1660,0,0,1660,290000
PConc,Ex,TA,Av,GLQ,1238,Unf,0,460,1698,GasA,Ex,Y,SBrkr,1709,0,0,1709,328900
CBlock,TA,TA,Mn,GLQ,832,Unf,0,80,912,GasA,Gd,Y,SBrkr,912,0,0,912,142000
PConc,Gd,TA,No,GLQ,821,Unf,0,107,928,GasA,Ex,Y,SBrkr,928,836,0,1764,231500
CBlock,TA,Gd,No,BLQ,593,Unf,0,130,723,GasA,TA,Y,SBrkr,735,660,0,1395,162000
CBlock,TA,TA,No,ALQ,824,Unf,0,216,1040,GasA,Fa,Y,SBrkr,1040,0,0,1040,133000
PConc,Ex,TA,Gd,GLQ,56,Unf,0,2336,2392,GasA,Ex,Y,SBrkr,2392,0,0,2392,386250
BrkTil,TA,TA,No,BLQ,397,Unf,0,706,1103,GasA,Gd,Y,SBrkr,1103,0,0,1103,110500
PConc,Ex,TA,No,GLQ,789,Unf,0,245,1034,GasA,Ex,Y,SBrkr,1050,1028,0,2078,339750
CBlock,TA,TA,Av,BLQ,116,Unf,0,604,720,GasA,Po,N,FuseF,803,0,0,803,87000
CBlock,TA,TA,No,Unf,0,Unf,0,1092,1092,GasA,Ex,Y,SBrkr,1152,0,0,1152,158500
CBlock,Gd,TA,Gd,GLQ,885,LwQ,168,0,1053,GasA,TA,Y,SBrkr,1173,0,0,1173,170000
Slab,,,,,0,,0,0,0,GasA,Fa,N,SBrkr,372,720,0,1092,55000
BrkTil,Gd,TA,Mn,Unf,0,Unf,0,747,747,GasA,Gd,Y,FuseF,892,892,0,1784,138887
CBlock,TA,TA,No,Unf,0,Unf,0,570,570,GasA,Gd,Y,SBrkr,1222,698,0,1920,170000
PConc,Gd,TA,No,Unf,0,Unf,0,1670,1670,GasA,Ex,Y,SBrkr,1670,0,0,1670,240000
PConc,Gd,TA,No,Unf,0,Unf,0,600,600,GasA,Ex,Y,SBrkr,520,623,80,1223,147400
CBlock,TA,TA,No,ALQ,1247,Unf,0,254,1501,GasA,TA,Y,SBrkr,1801,0,0,1801,289000
CBlock,TA,TA,No,Unf,0,Unf,0,1656,1656,GasA,TA,Y,SBrkr,1656,0,0,1656,135000
BrkTil,TA,Gd,No,ALQ,216,Unf,0,540,756,GasA,Gd,Y,SBrkr,961,756,0,1717,140000
PConc,Gd,TA,No,Unf,0,Unf,0,1393,1393,GasA,Ex,Y,SBrkr,1422,1177,0,2599,333168
CBlock,TA,TA,No,LwQ,386,Unf,0,342,728,GasA,Ex,Y,SBrkr,888,756,0,1644,146500
PConc,Ex,TA,Av,GLQ,970,Unf,0,166,1136,GasA,Ex,Y,SBrkr,1136,1332,0,2468,354000
Wood,Gd,TA,No,GLQ,732,Unf,0,64,796,GasA,Ex,Y,SBrkr,796,566,0,1362,143000
PConc,Gd,TA,Av,GLQ,428,Unf,0,1048,1476,GasA,Ex,Y,SBrkr,1484,0,0,1484,265900
CBlock,TA,TA,Mn,GLQ,661,Unf,0,203,864,GasA,Gd,Y,SBrkr,1200,0,0,1200,146000
CBlock,Gd,TA,No,Unf,0,Unf,0,1064,1064,GasA,TA,Y,SBrkr,1350,0,0,1350,165000
PConc,,,,,0,,0,0,0,GasA,TA,N,FuseP,1152,0,0,1152,82000
PConc,Ex,TA,No,LwQ,144,GLQ,1127,379,1650,GasA,Ex,Y,SBrkr,1680,0,0,1680,213250
BrkTil,TA,TA,No,Unf,0,Unf,0,540,540,GasA,Gd,N,FuseA,889,551,0,1440,79000
CBlock,TA,TA,No,BLQ,695,Unf,0,519,1214,GasA,TA,Y,SBrkr,1214,0,0,1214,143000
CBlock,TA,TA,No,GLQ,533,Unf,0,192,725,GasA,Ex,Y,SBrkr,725,754,0,1479,130500
PConc,Gd,TA,No,Unf,0,Unf,0,893,893,GasA,Ex,Y,SBrkr,901,900,0,1801,239900
CBlock,TA,TA,No,BLQ,547,Unf,0,224,771,GasA,Fa,Y,SBrkr,753,741,0,1494,177500
PConc,Gd,TA,No,GLQ,1085,Unf,0,390,1475,GasA,Ex,Y,SBrkr,1532,797,0,2329,262280
PConc,Gd,Gd,Av,Unf,0,Unf,0,1588,1588,GasA,Ex,Y,SBrkr,1588,0,0,1588,227000
CBlock,TA,TA,Mn,ALQ,655,Unf,0,0,655,GasA,Ex,Y,SBrkr,1194,0,0,1194,159500
PConc,Gd,TA,Gd,GLQ,1200,Unf,0,279,1479,GasA,Ex,Y,SBrkr,1494,0,0,1494,217000
PConc,Gd,TA,Av,GLQ,816,Unf,0,1217,2033,GasA,Ex,Y,SBrkr,2053,1185,0,3238,410000
PConc,Gd,TA,Av,GLQ,298,Unf,0,572,870,GasA,Ex,Y,SBrkr,914,0,0,914,148000
BrkTil,TA,Gd,No,LwQ,16,Unf,0,712,728,GasA,Ex,Y,SBrkr,832,809,0,1641,178000
PConc,TA,TA,No,Unf,0,Unf,0,1078,1078,GasA,TA,Y,SBrkr,1128,445,0,1573,162900
CBlock,Gd,TA,Av,GLQ,1036,Unf,0,336,1372,GasA,TA,Y,SBrkr,1472,0,0,1472,187500
CBlock,Gd,TA,Mn,ALQ,660,Unf,0,323,983,GasA,Ex,Y,SBrkr,983,767,0,1750,160000
PConc,Gd,TA,Av,GLQ,20,Unf,0,846,866,GasA,Ex,Y,SBrkr,866,902,0,1768,212000
CBlock,Gd,TA,No,LwQ,616,Unf,0,580,1196,GasA,Gd,Y,FuseA,1196,0,0,1196,139000
CBlock,,,,,0,,0,0,0,GasA,Ex,Y,SBrkr,1126,0,0,1126,108000
Slab,,,,,0,,0,0,0,GasA,Ex,N,SBrkr,845,0,0,845,84000
CBlock,TA,TA,Av,ALQ,562,LwQ,193,29,784,GasA,Ex,Y,SBrkr,1168,800,0,1968,172000
BrkTil,TA,TA,No,BLQ,392,Unf,0,392,784,GasA,Gd,Y,SBrkr,949,272,0,1221,104900
CBlock,TA,TA,No,Unf,0,Unf,0,684,684,GasA,Ex,N,FuseA,684,684,0,1368,114504
CBlock,TA,TA,No,Rec,321,Unf,0,162,483,GasA,TA,Y,SBrkr,483,504,0,987,106000
PConc,Gd,TA,Mn,GLQ,738,Unf,0,172,910,GasA,Gd,Y,SBrkr,1442,0,0,1442,179900
CBlock,Fa,Fa,No,LwQ,836,Unf,0,0,836,GasA,TA,Y,FuseF,1220,0,0,1220,102000
PConc,Gd,TA,Av,GLQ,20,Unf,0,1480,1500,GasA,Ex,Y,SBrkr,1500,0,0,1500,190000
PConc,Gd,TA,Mn,GLQ,781,Unf,0,503,1284,GasA,Ex,Y,SBrkr,1310,1140,0,2450,340000
CBlock,Gd,TA,Gd,GLQ,912,Unf,0,1035,1947,GasA,TA,Y,SBrkr,2207,0,0,2207,180000
PConc,Gd,TA,Av,GLQ,686,Unf,0,501,1187,GasA,Ex,Y,SBrkr,1208,0,0,1208,206000
BrkTil,TA,TA,No,Unf,0,Unf,0,1050,1050,GasA,Ex,N,FuseF,1050,745,0,1795,131500
PConc,Gd,TA,Gd,GLQ,1440,Unf,0,0,1440,GasA,TA,Y,SBrkr,1440,0,0,1440,150000
PConc,Gd,TA,Mn,GLQ,36,Unf,0,1176,1212,GasA,Ex,Y,SBrkr,1212,0,0,1212,186000
PConc,TA,TA,No,Unf,0,Unf,0,572,572,GasA,TA,Y,SBrkr,572,539,0,1111,116900
CBlock,TA,Gd,No,GLQ,575,ALQ,80,487,1142,GasA,Ex,Y,SBrkr,1175,1540,0,2715,299800
PConc,Gd,TA,Av,Unf,0,Unf,0,880,880,GasA,Ex,Y,SBrkr,880,844,0,1724,188000
CBlock,TA,TA,No,ALQ,569,Rec,81,678,1328,GasA,TA,Y,SBrkr,1328,0,0,1328,143000
CBlock,TA,TA,Av,BLQ,1016,Unf,0,36,1052,GasA,Gd,Y,SBrkr,1052,0,0,1052,138500
CBlock,Gd,TA,No,Unf,0,Unf,0,1288,1288,GasA,Ex,Y,SBrkr,1301,1116,0,2417,260000
CBlock,TA,TA,No,Rec,732,Unf,0,216,948,GasA,Ex,Y,SBrkr,948,0,0,948,119000
BrkTil,Gd,TA,No,Unf,0,Unf,0,728,728,GasA,TA,N,SBrkr,1136,883,0,2019,167500
PConc,Gd,TA,No,Unf,0,Unf,0,440,440,GasA,TA,Y,FuseA,869,0,0,869,85500
PConc,Gd,Gd,Mn,GLQ,24,Unf,0,1530,1554,GasA,Ex,Y,SBrkr,1554,0,0,1554,209500
CBlock,Fa,TA,Mn,ALQ,500,LwQ,276,176,952,GasA,TA,Y,SBrkr,1092,1020,0,2112,206900
BrkTil,TA,TA,No,Unf,0,Unf,0,816,816,GasA,Ex,Y,SBrkr,1416,0,0,1416,112000
PConc,TA,TA,No,GLQ,759,Unf,0,80,839,GasA,Ex,Y,SBrkr,864,729,0,1593,193000
CBlock,TA,TA,No,ALQ,982,Unf,0,179,1161,GasA,TA,Y,SBrkr,1381,0,0,1381,197500
CBlock,TA,TA,No,Rec,620,LwQ,620,0,1240,GasA,Gd,Y,SBrkr,1632,0,0,1632,139000
PConc,Fa,Fa,No,Unf,0,Unf,0,920,920,GasA,Ex,Y,SBrkr,954,0,0,954,119750
Slab,,,,,0,,0,0,0,GasA,Ex,Y,SBrkr,495,1427,0,1922,198500
CBlock,TA,TA,No,BLQ,560,Unf,0,420,980,GasA,TA,Y,SBrkr,980,0,0,980,135000
PConc,Gd,TA,Mn,GLQ,486,Unf,0,434,920,GasA,Ex,Y,SBrkr,920,866,0,1786,223500
PConc,Ex,TA,Av,GLQ,1369,Unf,0,317,1686,GasA,Ex,Y,SBrkr,1694,0,0,1694,307000
CBlock,TA,TA,No,ALQ,680,Unf,0,292,972,GasA,Ex,Y,SBrkr,972,0,0,972,132000
CBlock,TA,TA,No,Rec,988,Unf,0,200,1188,GasA,Gd,Y,SBrkr,1437,0,0,1437,168000
PConc,Gd,TA,No,Unf,0,Unf,0,1055,1055,GasA,Ex,Y,SBrkr,1055,1208,0,2263,287000
CBlock,TA,TA,No,GLQ,315,Rec,110,114,539,GasA,TA,Y,SBrkr,1040,685,0,1725,197000
CBlock,TA,TA,No,BLQ,360,Unf,0,710,1070,GasA,TA,Y,SBrkr,1236,0,0,1236,134450
CBlock,TA,TA,No,LwQ,369,Unf,0,671,1040,GasA,TA,Y,FuseA,1040,0,0,1040,133700
PConc,Ex,TA,No,GLQ,1218,Unf,0,486,1704,GasA,Ex,Y,SBrkr,1704,0,0,1704,306000
CBlock,Gd,TA,No,ALQ,644,Unf,0,549,1193,GasA,TA,Y,SBrkr,1523,0,0,1523,180000
PConc,Gd,Gd,No,Unf,0,Unf,0,1489,1489,GasA,Ex,Y,SBrkr,1489,0,0,1489,232600
PConc,Gd,TA,No,ALQ,988,Unf,0,398,1386,GasA,Ex,Y,SBrkr,1569,0,0,1569,175900
PConc,Gd,TA,No,Unf,0,Unf,0,1212,1212,GasA,Ex,Y,SBrkr,1212,0,0,1212,178000
PConc,Gd,TA,No,GLQ,788,Unf,0,785,1573,GasA,Ex,Y,SBrkr,1573,0,0,1573,227000
CBlock,TA,TA,No,Rec,247,Unf,0,485,732,GasA,Gd,Y,SBrkr,1012,778,0,1790,165150
CBlock,TA,TA,Gd,GLQ,1309,Unf,0,15,1324,GasA,Ex,Y,SBrkr,1072,504,0,1576,223500
PConc,Gd,TA,No,Rec,503,Unf,0,361,864,GasA,Ex,Y,SBrkr,864,864,0,1728,207500
PConc,Gd,TA,No,Unf,0,Unf,0,1566,1566,GasA,Ex,Y,SBrkr,1600,0,0,1600,256300
PConc,Ex,TA,Gd,GLQ,1249,Unf,0,673,1922,GasA,Ex,Y,SBrkr,1922,0,0,1922,377426
PConc,Ex,TA,Av,Unf,0,Unf,0,846,846,GasA,Gd,Y,SBrkr,846,846,0,1692,224500
PConc,Gd,TA,Av,GLQ,24,Unf,0,1632,1656,GasA,Ex,Y,SBrkr,1656,0,0,1656,249700
BrkTil,Fa,TA,No,Unf,0,Unf,0,641,641,GasA,Gd,Y,SBrkr,1047,0,0,1047,100000
PConc,Ex,TA,No,GLQ,1410,Unf,0,438,1848,GasA,Ex,Y,SBrkr,1848,880,0,2728,437154
CBlock,TA,TA,No,BLQ,490,Unf,0,935,1425,GasA,Gd,Y,SBrkr,1425,0,0,1425,180500
BrkTil,TA,TA,No,Unf,0,Unf,0,952,952,Grav,Fa,N,FuseF,952,0,0,952,121000
PConc,Gd,TA,No,ALQ,716,Unf,0,274,990,GasA,Ex,Y,SBrkr,990,0,0,990,156000
CBlock,TA,TA,Gd,ALQ,938,Unf,0,0,938,GasA,Ex,Y,SBrkr,988,0,0,988,180000
CBlock,TA,TA,No,Rec,1056,Unf,0,0,1056,GasA,TA,Y,SBrkr,1056,0,0,1056,107000
PConc,Ex,TA,Gd,GLQ,1320,Unf,0,426,1746,GasA,Ex,Y,SBrkr,1746,0,0,1746,377500
PConc,Gd,TA,No,Unf,0,Unf,0,832,832,GasA,Gd,Y,SBrkr,885,833,0,1718,185000
CBlock,Gd,TA,Av,ALQ,444,Unf,0,76,520,GasA,Ex,Y,SBrkr,1464,0,0,1464,175000
PConc,Gd,TA,No,Unf,0,Unf,0,831,831,GasA,Ex,Y,SBrkr,831,829,0,1660,195000
PConc,Ex,TA,No,GLQ,456,Unf,0,1296,1752,GasA,Ex,Y,SBrkr,1752,0,0,1752,319900
CBlock,Gd,TA,No,GLQ,498,Rec,211,652,1361,GasA,Ex,Y,SBrkr,1361,1259,0,2620,190000
PConc,Ex,TA,Gd,GLQ,2260,Unf,0,878,3138,GasA,Ex,Y,SBrkr,3138,1538,0,4676,184750
BrkTil,TA,TA,No,ALQ,784,Unf,0,0,784,GasA,Gd,Y,SBrkr,784,0,0,784,109500
CBlock,TA,TA,No,ALQ,932,Unf,0,108,1040,GasA,TA,Y,SBrkr,1120,0,0,1120,129000
CBlock,TA,TA,No,Rec,547,Unf,0,504,1051,GasA,Gd,Y,SBrkr,1382,0,0,1382,148000
CBlock,TA,TA,Mn,Rec,438,Unf,0,234,672,GasA,TA,Y,SBrkr,672,714,0,1386,158900
Slab,,,,,0,,0,0,0,GasA,Fa,N,FuseF,334,0,0,334,39300
PConc,Gd,TA,No,Unf,0,Unf,0,600,600,GasA,Ex,Y,SBrkr,600,600,0,1200,151000
PConc,Gd,TA,No,Unf,0,Unf,0,1375,1375,GasA,Ex,Y,SBrkr,1414,0,0,1414,178740
CBlock,TA,TA,No,Unf,0,Unf,0,1584,1584,GasA,TA,Y,SBrkr,1584,0,0,1584,124000
PConc,Gd,TA,No,Unf,0,Unf,0,792,792,GasA,Fa,Y,SBrkr,792,725,0,1517,230000
CBlock,TA,TA,No,ALQ,656,Unf,0,602,1258,GasA,Ex,Y,SBrkr,1258,0,0,1258,145000
CBlock,TA,TA,No,GLQ,599,Unf,0,277,876,GasA,TA,Y,SBrkr,902,0,0,902,125500
PConc,Gd,TA,No,ALQ,941,Unf,0,217,1158,GasA,Ex,Y,SBrkr,1158,0,0,1158,158000
BrkTil,Gd,TA,No,ALQ,713,Unf,0,163,876,GasA,Ex,Y,SBrkr,964,0,0,964,163500
CBlock,Gd,TA,No,LwQ,187,Rec,723,111,1021,GasA,TA,Y,SBrkr,1465,915,0,2380,129000
PConc,Gd,TA,Av,GLQ,724,Unf,0,508,1232,GasA,Ex,Y,SBrkr,1232,0,0,1232,194500
CBlock,TA,TA,Av,ALQ,390,Unf,0,474,864,GasA,TA,Y,SBrkr,864,0,0,864,127000
CBlock,Gd,TA,Av,GLQ,421,Unf,0,386,807,GasA,Gd,Y,SBrkr,1175,807,0,1982,228500
PConc,Gd,TA,Av,GLQ,956,Unf,0,130,1086,GasA,Ex,Y,SBrkr,1086,838,0,1924,280000
BrkTil,Gd,TA,No,Unf,0,Unf,0,1276,1276,GasA,Ex,Y,SBrkr,1276,804,0,2080,234000
PConc,Gd,TA,No,Unf,0,Unf,0,953,953,GasA,Ex,Y,SBrkr,953,694,0,1647,175000
PConc,Gd,TA,No,LwQ,165,GLQ,841,598,1604,GasA,Ex,Y,SBrkr,1617,0,0,1617,193000
PConc,,,,,0,,0,0,0,GasA,Ex,Y,SBrkr,1340,0,0,1340,120000
PConc,Ex,TA,Av,GLQ,1646,Unf,0,284,1930,GasA,Ex,Y,SBrkr,1940,0,0,1940,395192
CBlock,TA,Fa,No,Rec,444,Unf,0,550,994,GasA,Gd,Y,SBrkr,1216,639,0,1855,136900
CBlock,Gd,TA,Av,ALQ,747,LwQ,93,0,840,GasA,Gd,Y,SBrkr,884,0,0,884,144000
PConc,Gd,TA,No,Unf,0,Unf,0,764,764,GasA,Ex,Y,SBrkr,764,862,0,1626,175500
CBlock,TA,TA,No,LwQ,312,Unf,0,408,720,GasA,TA,Y,SBrkr,720,564,0,1284,110000
PConc,Gd,TA,Mn,Unf,0,Unf,0,1128,1128,GasA,Ex,Y,SBrkr,1149,1141,0,2290,255900
CBlock,Gd,TA,Gd,LwQ,104,GLQ,712,0,816,GasA,TA,N,SBrkr,816,0,0,816,110000
PConc,Gd,Gd,No,GLQ,1002,LwQ,202,0,1204,GasA,Gd,Y,SBrkr,1377,806,0,2183,229000
BrkTil,TA,TA,No,LwQ,1088,Unf,0,0,1088,GasA,TA,Y,SBrkr,1188,561,120,1869,124900
CBlock,TA,TA,No,Rec,364,Unf,0,554,918,GasA,Gd,Y,SBrkr,918,728,0,1646,164000
PConc,Gd,Gd,No,GLQ,976,Unf,0,868,1844,GasA,Ex,Y,SBrkr,1844,0,0,1844,257000
PConc,Gd,TA,Gd,Unf,0,Unf,0,1571,1571,GasA,Ex,Y,SBrkr,1571,0,0,1571,239000
PConc,Gd,TA,No,Unf,0,Unf,0,1362,1362,GasA,Ex,Y,SBrkr,1362,720,0,2082,200000
CBlock,TA,TA,No,Unf,0,Unf,0,1907,1907,GasA,Gd,Y,SBrkr,1959,0,0,1959,171000
PConc,Gd,TA,No,Unf,0,Unf,0,1181,1181,GasA,Ex,Y,SBrkr,1234,1140,0,2374,285000
CBlock,Gd,TA,No,Rec,448,Unf,0,448,896,GasA,TA,Y,SBrkr,1182,960,0,2142,193500
PConc,Gd,TA,No,Unf,0,Unf,0,600,600,GasA,Ex,Y,SBrkr,520,600,80,1200,144152
PConc,Ex,TA,No,Unf,0,Unf,0,1053,1053,GasA,Ex,Y,SBrkr,1053,939,0,1992,250000
PConc,Gd,TA,No,Unf,0,Unf,0,969,969,GasA,Ex,Y,SBrkr,997,1288,0,2285,248000
CBlock,Gd,TA,Gd,GLQ,1219,Unf,0,424,1643,GasA,TA,Y,SBrkr,1824,0,0,1824,302000
PConc,Ex,TA,Gd,GLQ,1261,Unf,0,572,1833,GasA,Ex,Y,SBrkr,1850,0,0,1850,326000
BrkTil,TA,TA,No,ALQ,351,Rec,181,112,644,GasA,Gd,Y,SBrkr,808,547,0,1355,127500
PConc,Gd,TA,No,Unf,0,Unf,0,840,840,GasA,Ex,Y,SBrkr,840,828,0,1668,180000
CBlock,TA,TA,No,Unf,0,Unf,0,319,319,GasA,TA,Y,FuseA,1035,371,0,1406,89500
CBlock,TA,TA,No,ALQ,247,Rec,713,557,1517,GasA,Ex,Y,SBrkr,1888,0,0,1888,190000
PConc,Gd,TA,Mn,GLQ,767,Unf,0,461,1228,GasA,Gd,Y,SBrkr,1228,0,0,1228,189000
PConc,Gd,TA,Gd,GLQ,828,Unf,0,115,943,GasA,Gd,Y,SBrkr,943,695,0,1638,192000
CBlock,TA,TA,No,Rec,520,Unf,0,440,960,GasA,TA,Y,FuseF,960,0,0,960,94750
PConc,Ex,TA,No,GLQ,1234,Unf,0,464,1698,GasA,Ex,Y,SBrkr,1698,0,0,1698,320000
CBlock,TA,TA,No,Rec,354,LwQ,290,412,1056,GasA,TA,Y,SBrkr,1063,0,0,1063,128000
CBlock,TA,TA,No,BLQ,465,Unf,0,447,912,GasA,TA,Y,SBrkr,1236,0,0,1236,135000
Slab,,,,,0,,0,0,0,GasA,TA,Y,SBrkr,1535,0,0,1535,118964
CBlock,Gd,TA,Av,ALQ,495,Unf,0,135,630,GasA,Gd,Y,SBrkr,630,0,0,630,81000
CBlock,TA,TA,No,BLQ,273,LwQ,273,0,546,GasA,TA,Y,SBrkr,546,546,0,1092,88000
PConc,Ex,TA,No,GLQ,1572,Unf,0,80,1652,GasA,Ex,Y,SBrkr,1652,0,0,1652,325000
CBlock,TA,TA,No,Rec,572,Unf,0,572,1144,GasA,Gd,Y,SBrkr,1144,0,0,1144,139950
PConc,Ex,TA,Av,Unf,0,Unf,0,1795,1795,GasA,Ex,Y,SBrkr,1795,0,0,1795,147000
PConc,Gd,TA,No,Unf,0,Unf,0,1541,1541,GasA,Ex,Y,SBrkr,1541,0,0,1541,205000
CBlock,TA,TA,No,ALQ,666,Unf,0,409,1075,GasA,Gd,Y,SBrkr,1507,0,0,1507,127000
PConc,Gd,TA,No,Unf,0,Unf,0,776,776,GasA,Ex,Y,SBrkr,764,677,0,1441,174000
PConc,Gd,TA,No,Unf,0,Unf,0,1468,1468,GasA,Ex,Y,SBrkr,1479,0,0,1479,191000
CBlock,TA,TA,No,ALQ,358,Unf,0,125,483,GasA,TA,Y,SBrkr,483,504,0,987,89500
CBlock,TA,TA,No,Rec,344,Unf,0,328,672,GasA,TA,Y,SBrkr,672,0,0,672,113000
PConc,TA,TA,No,LwQ,378,Unf,0,342,720,GasA,Ex,Y,SBrkr,1052,720,420,2192,179500
PConc,Gd,TA,No,GLQ,1464,Unf,0,536,2000,GasA,Ex,Y,SBrkr,2000,0,0,2000,305900
PConc,Gd,TA,No,Unf,0,Unf,0,1125,1125,GasA,Gd,Y,SBrkr,1125,0,0,1125,155000
Slab,,,,,0,,0,0,0,GasA,Gd,Y,SBrkr,1124,0,0,1124,93000
PConc,TA,TA,No,GLQ,1186,Unf,0,291,1477,GasA,Ex,Y,SBrkr,1839,0,0,1839,257500
CBlock,Gd,TA,Gd,Rec,697,Unf,0,747,1444,GasA,Gd,Y,SBrkr,1444,700,0,2144,277000
PConc,Ex,TA,Gd,GLQ,1201,Unf,0,105,1306,GasA,Ex,Y,SBrkr,1306,954,0,2260,328000
CBlock,TA,TA,No,Rec,442,Unf,0,374,816,GasA,TA,Y,SBrkr,1127,850,0,1977,165000
CBlock,TA,TA,No,ALQ,565,Unf,0,280,845,GasA,TA,Y,SBrkr,845,0,0,845,129500
PConc,Gd,TA,No,GLQ,648,Unf,0,176,824,GasA,Ex,Y,SBrkr,905,881,0,1786,204750
BrkTil,Ex,TA,No,Unf,0,Unf,0,588,588,GasA,Fa,Y,SBrkr,1423,748,384,2555,191000
CBlock,TA,TA,No,Rec,1018,Unf,0,380,1398,GasA,Gd,Y,SBrkr,1700,0,0,1700,165500
PConc,Gd,TA,No,GLQ,786,Unf,0,173,959,GasA,Ex,Y,SBrkr,959,712,0,1671,173000
BrkTil,TA,TA,No,Unf,0,Unf,0,780,780,GasA,TA,Y,SBrkr,780,596,0,1376,119500
CBlock,TA,TA,No,Unf,0,Unf,0,1436,1436,GasA,Fa,Y,SBrkr,1689,0,0,1689,127500
BrkTil,TA,TA,No,Unf,0,Unf,0,718,718,GasA,Ex,Y,SBrkr,1576,978,0,2554,159500
BrkTil,TA,TA,Mn,Unf,0,Unf,0,876,876,GasA,Gd,Y,SBrkr,876,540,0,1416,153900
CBlock,TA,TA,No,GLQ,708,Unf,0,108,816,GasA,TA,Y,FuseA,816,0,0,816,129900
CBlock,Gd,TA,No,Unf,0,Unf,0,1090,1090,GasA,TA,Y,SBrkr,1370,0,0,1370,152000
CBlock,TA,TA,No,Unf,0,Unf,0,1442,1442,GasA,TA,Y,SBrkr,1442,0,0,1442,185000
CBlock,TA,TA,No,BLQ,336,GLQ,41,295,672,GasA,TA,Y,SBrkr,1072,213,0,1285,127000
PConc,Gd,TA,No,Unf,0,Unf,0,384,384,GasA,Gd,Y,SBrkr,804,670,0,1474,168500
PConc,Gd,TA,Av,GLQ,862,Unf,0,255,1117,GasA,Ex,Y,SBrkr,1127,886,0,2013,269790
PConc,Gd,TA,No,GLQ,33,Unf,0,1530,1563,GasA,Ex,Y,SBrkr,1563,0,0,1563,245000
CBlock,Gd,TA,Gd,BLQ,1116,Unf,0,248,1364,GasA,Ex,Y,SBrkr,1663,0,0,1663,256000
CBlock,TA,TA,No,Unf,0,Unf,0,720,720,GasA,TA,N,FuseA,720,472,0,1192,135000
BrkTil,TA,Fa,No,Unf,0,Unf,0,1095,1095,GasW,Fa,N,SBrkr,1095,679,0,1774,87000
PConc,Gd,Gd,Mn,GLQ,464,Unf,0,927,1391,GasA,Ex,Y,SBrkr,1391,571,0,1962,239799
PConc,Gd,TA,Av,Unf,0,Unf,0,1302,1302,GasA,Ex,Y,SBrkr,1302,0,0,1302,176485
BrkTil,Fa,TA,No,Unf,0,Unf,0,648,648,GasA,TA,Y,FuseA,734,384,0,1118,116000
PConc,Ex,TA,Mn,GLQ,1121,Unf,0,645,1766,GasA,Ex,Y,SBrkr,1766,0,0,1766,370878
PConc,Gd,Gd,No,Unf,0,Unf,0,1237,1237,GasA,Gd,Y,SBrkr,1253,0,0,1253,176000
PConc,Gd,TA,No,GLQ,338,Unf,0,702,1040,GasA,TA,Y,SBrkr,1097,0,0,1097,152000
CBlock,TA,TA,No,GLQ,734,Unf,0,344,1078,GasA,Ex,Y,SBrkr,1078,0,0,1078,149900
PConc,Gd,TA,No,Unf,0,Unf,0,806,806,GasA,Gd,Y,SBrkr,806,766,0,1572,168000
PConc,Gd,TA,Gd,GLQ,1258,Unf,0,74,1332,GasA,TA,Y,SBrkr,1332,192,0,1524,260000
PConc,Gd,TA,No,ALQ,772,Unf,0,220,992,GasA,Ex,Y,SBrkr,1022,1038,0,2060,214000
CBlock,TA,TA,No,GLQ,111,Rec,354,354,819,GasA,Gd,Y,FuseA,1344,0,0,1344,137500
PConc,TA,TA,No,LwQ,224,Unf,0,816,1040,GasA,Ex,Y,FuseF,1226,592,0,1818,169500
CBlock,TA,TA,Mn,Rec,903,Unf,0,126,1029,GasA,Gd,Y,SBrkr,1029,0,0,1029,118500
CBlock,Gd,TA,No,ALQ,837,Unf,0,105,942,GasA,Gd,Y,SBrkr,1291,1230,0,2521,151400
PConc,Gd,TA,No,Unf,0,Unf,0,750,750,GasA,Ex,Y,SBrkr,750,750,0,1500,173900
PConc,TA,Gd,Gd,ALQ,351,Rec,823,1043,2217,GasA,Ex,Y,SBrkr,2217,0,0,2217,268000
PConc,Gd,Gd,Mn,GLQ,24,Unf,0,1346,1370,GasA,Ex,Y,SBrkr,1370,0,0,1370,202500
PConc,Gd,TA,No,GLQ,905,Unf,0,357,1262,GasA,Gd,Y,SBrkr,1262,0,0,1262,185000
PConc,Gd,TA,No,GLQ,624,Unf,0,193,817,GasA,Ex,Y,SBrkr,824,1070,0,1894,214900
PConc,Ex,TA,No,Unf,0,Unf,0,1694,1694,GasA,Ex,Y,SBrkr,1694,0,0,1694,318000
CBlock,TA,TA,No,ALQ,524,LwQ,180,160,864,GasA,Gd,Y,SBrkr,864,0,0,864,97000
PConc,Gd,TA,No,Unf,0,Unf,0,970,970,GasA,Ex,Y,SBrkr,970,739,0,1709,130000
BrkTil,TA,Fa,No,Unf,0,Unf,0,715,715,GasA,Gd,Y,SBrkr,1281,457,0,1738,104900
PConc,TA,TA,No,BLQ,428,LwQ,180,0,608,GasA,TA,Y,SBrkr,1319,0,0,1319,123000
PConc,Gd,TA,Mn,GLQ,1470,Unf,0,203,1673,GasA,Gd,Y,SBrkr,1699,1523,0,3222,320000
PConc,TA,TA,No,Unf,0,Unf,0,684,684,GasA,TA,Y,SBrkr,773,582,0,1355,127000
CBlock,TA,TA,No,Unf,0,Unf,0,728,728,GasA,Ex,Y,SBrkr,1306,0,0,1306,76500
CBlock,Gd,TA,Av,GLQ,656,Unf,0,112,768,GasA,TA,Y,SBrkr,768,0,0,768,133000
BrkTil,TA,TA,No,GLQ,851,Unf,0,140,991,GasA,Ex,Y,SBrkr,1077,0,0,1077,118000
CBlock,TA,TA,No,ALQ,331,Unf,0,318,649,GasA,Ex,Y,SBrkr,679,504,0,1183,120000
PConc,Gd,TA,Av,Unf,0,Unf,0,728,728,GasA,Ex,Y,SBrkr,728,728,0,1456,179540
PConc,Gd,TA,No,Unf,0,Unf,0,975,975,GasA,Ex,Y,SBrkr,1005,1286,0,2291,230000
PConc,Gd,TA,Av,GLQ,685,Unf,0,163,848,GasA,Ex,Y,SBrkr,848,0,0,848,140000
PConc,Ex,TA,Av,GLQ,1280,Unf,0,402,1682,GasA,Ex,Y,SBrkr,1742,590,0,2332,426000
BrkTil,TA,TA,No,Unf,0,Unf,0,884,884,GasA,Ex,Y,SBrkr,884,464,0,1348,117000
CBlock,TA,TA,No,Rec,626,Unf,0,501,1127,GasA,Ex,Y,SBrkr,1236,872,0,2108,235000
CBlock,TA,TA,No,Rec,637,Unf,0,0,637,GasA,Gd,Y,SBrkr,897,439,0,1336,108000
PConc,Ex,TA,Gd,GLQ,5644,Unf,0,466,6110,GasA,Ex,Y,SBrkr,4692,950,0,5642,160000
CBlock,TA,TA,No,ALQ,457,Rec,374,193,1024,GasA,TA,Y,SBrkr,1344,0,0,1344,144000
PConc,Gd,TA,No,GLQ,544,Unf,0,288,832,GasA,Ex,Y,SBrkr,832,1103,0,1935,263435
PConc,TA,TA,No,Unf,0,Unf,0,941,941,GasA,Ex,Y,SBrkr,997,473,0,1470,135000
CBlock,TA,TA,No,BLQ,297,Rec,68,1203,1568,GasA,TA,Y,SBrkr,2156,0,0,2156,262500
CBlock,TA,TA,No,Rec,1332,Unf,0,396,1728,GasA,TA,Y,SBrkr,1728,0,0,1728,125000
PConc,Gd,TA,No,GLQ,400,Unf,0,466,866,GasA,Gd,Y,SBrkr,866,902,0,1768,226700
CBlock,TA,TA,No,BLQ,586,Unf,0,462,1048,GasA,TA,Y,SBrkr,1048,0,0,1048,135000
PConc,Gd,TA,No,Unf,0,Unf,0,864,864,GasA,Ex,Y,SBrkr,864,864,0,1728,190000
BrkTil,TA,Fa,No,LwQ,259,Unf,0,425,684,OthW,Fa,N,SBrkr,938,1215,205,2358,122000
PConc,Ex,TA,Av,GLQ,786,Unf,0,82,868,GasA,Ex,Y,SBrkr,1146,0,0,1146,187500
PConc,Gd,TA,Av,GLQ,1358,Unf,0,223,1581,GasA,Ex,Y,SBrkr,1601,0,0,1601,272000
CBlock,TA,TA,No,ALQ,57,BLQ,441,554,1052,GasA,Ex,Y,SBrkr,1252,668,0,1920,172500
CBlock,Fa,TA,No,Unf,0,Unf,0,622,622,GasA,Gd,Y,SBrkr,741,622,0,1363,125500
PConc,Ex,Gd,Mn,LwQ,210,ALQ,551,219,980,GasA,Fa,Y,FuseA,1148,0,0,1148,123500
PConc,Gd,Gd,Av,Unf,0,Unf,0,1286,1286,GasA,Ex,Y,SBrkr,1294,0,0,1294,193879
CBlock,TA,TA,No,LwQ,324,Unf,0,588,912,GasA,Gd,Y,FuseA,912,336,0,1248,87000
PConc,Gd,TA,No,GLQ,353,Unf,0,55,408,GasA,Ex,Y,SBrkr,779,640,0,1419,184100
CBlock,Gd,TA,No,BLQ,678,Unf,0,762,1440,GasA,Ex,Y,SBrkr,1440,0,0,1440,182900
PConc,Gd,TA,No,Unf,0,Unf,0,1140,1140,GasA,Ex,Y,SBrkr,1140,0,0,1140,84500
CBlock,Gd,TA,Mn,ALQ,859,BLQ,32,216,1107,GasA,Ex,Y,SBrkr,1107,983,0,2090,200000
PConc,Gd,TA,No,Unf,0,Unf,0,798,798,GasA,Ex,Y,SBrkr,798,842,0,1640,183000
PConc,Gd,TA,No,GLQ,1138,Unf,0,270,1408,GasA,Ex,Y,SBrkr,1679,0,0,1679,193500
BrkTil,TA,Gd,No,ALQ,375,Unf,0,360,735,GasA,Ex,Y,SBrkr,869,349,0,1218,131000
PConc,Gd,TA,No,ALQ,874,Unf,0,268,1142,GasA,TA,Y,SBrkr,1142,0,0,1142,134000
PConc,Gd,TA,Av,GLQ,1097,Unf,0,0,1097,GasA,Ex,Y,SBrkr,1110,0,0,1110,165500
CBlock,TA,TA,No,ALQ,1040,Unf,0,124,1164,GasW,TA,N,SBrkr,1164,0,0,1164,125000
PConc,TA,TA,Mn,Unf,0,Unf,0,596,596,GasA,TA,N,SBrkr,596,596,0,1192,78000
PConc,Gd,TA,Av,Unf,0,Unf,0,1422,1422,GasA,Ex,Y,SBrkr,1422,0,0,1422,179600
CBlock,TA,TA,No,BLQ,702,Unf,0,192,894,GasA,Ex,Y,SBrkr,894,0,0,894,130000
PConc,Gd,TA,Mn,Unf,0,Unf,0,1082,1082,GasA,Ex,Y,SBrkr,1082,871,0,1953,252000
PConc,Gd,TA,No,GLQ,361,Unf,0,602,963,GasA,Ex,Y,SBrkr,963,829,0,1792,231500
BrkTil,Gd,TA,No,BLQ,348,Unf,0,324,672,Grav,Fa,N,FuseA,672,252,0,924,80000
CBlock,Gd,TA,No,ALQ,623,LwQ,121,0,744,GasA,TA,Y,SBrkr,752,0,0,752,125000
CBlock,TA,TA,No,BLQ,410,Unf,0,390,800,GasA,TA,Y,SBrkr,960,780,0,1740,219500
PConc,Gd,TA,No,Unf,0,Unf,0,808,808,GasA,Gd,Y,SBrkr,808,785,0,1593,178000
CBlock,TA,TA,No,Rec,507,Unf,0,403,910,GasA,Fa,Y,SBrkr,910,475,0,1385,166000
PConc,Gd,TA,No,Unf,0,Unf,0,1257,1257,GasA,Ex,Y,SBrkr,1266,0,0,1266,176000
PConc,Ex,Gd,No,Unf,0,Unf,0,868,868,GasA,Ex,Y,SBrkr,887,1134,0,2021,274725
CBlock,Gd,TA,No,ALQ,686,Unf,0,664,1350,GasA,TA,Y,SBrkr,1334,0,0,1334,167900
PConc,Gd,TA,No,BLQ,510,Unf,0,90,600,GasA,Ex,Y,SBrkr,624,628,0,1252,160000
BrkTil,TA,TA,No,Rec,168,LwQ,546,0,714,GasW,TA,N,SBrkr,1664,862,0,2526,136000
PConc,Ex,TA,Gd,GLQ,1767,ALQ,539,788,3094,GasA,Ex,Y,SBrkr,2402,0,0,2402,555000
BrkTil,Fa,Fa,Mn,Unf,0,Unf,0,611,611,GasA,Ex,Y,SBrkr,751,611,0,1362,128000
PConc,Ex,TA,Gd,GLQ,1387,Unf,0,543,1930,GasA,Ex,Y,SBrkr,1831,1796,0,3627,625000
PConc,Gd,TA,No,GLQ,565,Unf,0,638,1203,GasA,Ex,Y,SBrkr,1214,1306,0,2520,290000
Slab,,,,,0,,0,0,0,GasW,Fa,N,FuseF,944,0,0,944,82000
CBlock,TA,TA,No,ALQ,842,Unf,0,70,912,GasA,TA,Y,SBrkr,912,0,0,912,125000
PConc,Gd,TA,No,Unf,0,Unf,0,756,756,GasA,Ex,Y,SBrkr,756,797,0,1553,186500
PConc,TA,TA,No,ALQ,492,Unf,0,372,864,GasA,Ex,Y,SBrkr,948,0,0,948,111000
PConc,Gd,TA,No,GLQ,822,Unf,0,78,900,GasA,Ex,Y,SBrkr,932,920,0,1852,252678
PConc,TA,TA,No,Unf,0,Unf,0,440,440,GasA,Gd,Y,SBrkr,682,548,0,1230,110000
PConc,Gd,TA,No,GLQ,680,Unf,0,400,1080,GasA,Ex,Y,SBrkr,1080,0,0,1080,141000
BrkTil,TA,TA,No,Unf,0,Unf,0,686,686,GasW,Gd,Y,SBrkr,686,564,0,1250,116000
CBlock,TA,TA,Gd,GLQ,674,LwQ,106,0,780,GasA,TA,Y,SBrkr,798,813,0,1611,167900
PConc,Gd,TA,No,GLQ,750,Unf,0,300,1050,GasA,Ex,Y,SBrkr,1062,887,0,1949,236000
BrkTil,TA,TA,No,BLQ,551,Unf,0,121,672,GasA,TA,N,SBrkr,697,672,0,1369,103600
PConc,Gd,TA,No,Unf,0,Unf,0,384,384,GasA,Gd,Y,SBrkr,812,670,0,1482,163900
BrkTil,TA,Fa,No,Unf,0,Unf,0,993,993,GasA,TA,Y,FuseA,1048,0,0,1048,113000
PConc,Ex,TA,No,Unf,0,Unf,0,1372,1372,GasA,Ex,Y,SBrkr,1372,0,0,1372,250580
PConc,Ex,TA,No,GLQ,1005,Unf,0,262,1267,GasA,Ex,Y,SBrkr,1296,0,0,1296,220000
PConc,Gd,TA,No,GLQ,495,Unf,0,495,990,GasA,Gd,Y,SBrkr,990,0,0,990,126000
BrkTil,TA,TA,No,Unf,0,Unf,0,778,778,GasA,TA,Y,SBrkr,944,545,0,1489,139500
PConc,Ex,Gd,No,Unf,0,Unf,0,1063,1063,GasA,Ex,Y,SBrkr,1071,1101,0,2172,280000
PConc,Gd,TA,Av,Unf,0,Unf,0,1266,1266,GasA,Ex,Y,SBrkr,1266,0,0,1266,159895
PConc,Gd,TA,No,GLQ,27,Unf,0,1191,1218,GasA,Ex,Y,SBrkr,1218,0,0,1218,208300
CBlock,TA,TA,No,Unf,0,Unf,0,932,932,GasA,Ex,Y,FuseA,932,0,0,932,124000
CBlock,TA,TA,No,ALQ,257,Rec,495,103,855,GasA,TA,Y,SBrkr,855,467,0,1322,147000
CBlock,TA,Fa,No,Unf,0,Unf,0,485,485,GasA,Gd,Y,SBrkr,1001,634,0,1635,117000
CBlock,TA,TA,No,BLQ,1270,Unf,0,208,1478,GasA,Ex,Y,FuseA,1478,0,0,1478,157500
PConc,TA,TA,No,Unf,0,Unf,0,658,658,GasA,TA,Y,SBrkr,658,526,0,1184,81000
PConc,Gd,TA,No,GLQ,706,Unf,0,150,856,GasA,Ex,Y,SBrkr,856,854,0,1710,208500
CBlock,Gd,TA,Av,GLQ,773,Unf,0,115,888,GasA,Ex,Y,SBrkr,912,0,0,912,156000
PConc,TA,Gd,Gd,LwQ,249,ALQ,764,0,1013,GasA,TA,Y,SBrkr,1160,966,0,2126,185000
PConc,Gd,TA,No,Unf,0,Unf,0,384,384,GasA,Gd,Y,,754,640,0,1394,167500
CBlock,TA,TA,No,GLQ,630,Unf,0,340,970,GasA,TA,Y,SBrkr,970,0,0,970,132500
CBlock,TA,TA,Av,GLQ,539,Unf,0,473,1012,GasA,TA,Y,SBrkr,1034,0,0,1034,169900
PConc,Gd,TA,No,Unf,0,Unf,0,860,860,GasA,Ex,Y,SBrkr,860,860,0,1720,196500
CBlock,TA,TA,No,Unf,0,Unf,0,811,811,GasA,TA,Y,FuseA,811,576,0,1387,93000
CBlock,TA,TA,Av,ALQ,719,Unf,0,300,1019,GasA,Gd,Y,SBrkr,1357,0,0,1357,177000
CBlock,TA,TA,No,Rec,697,Unf,0,571,1268,GasA,TA,Y,SBrkr,1264,0,0,1264,167500
PConc,Gd,TA,No,Unf,0,Unf,0,742,742,GasA,Ex,Y,SBrkr,742,742,0,1484,174000
PConc,Gd,Gd,No,GLQ,495,Rec,215,354,1064,GasA,Gd,Y,SBrkr,1064,703,0,1767,239000
BrkTil,TA,TA,No,Unf,0,Unf,0,813,813,GasA,Ex,Y,FuseA,813,0,0,813,110000
CBlock,TA,TA,Av,GLQ,490,Unf,0,30,520,GasA,Gd,N,SBrkr,520,0,234,754,84500
CBlock,Gd,TA,Gd,GLQ,425,Unf,0,160,585,GasA,Ex,Y,SBrkr,2069,0,0,2069,242000
CBlock,Gd,TA,Av,GLQ,783,Unf,0,678,1461,GasA,Ex,Y,SBrkr,1509,0,0,1509,175000
PConc,Gd,TA,No,Unf,0,Unf,0,702,702,GasA,Gd,Y,SBrkr,702,779,0,1481,174000
CBlock,TA,TA,Av,ALQ,789,Unf,0,171,960,GasW,TA,N,SBrkr,960,0,0,960,129000
Slab,,,,,0,,0,0,0,GasA,TA,Y,FuseA,1040,0,0,1040,109900
Slab,,,,,0,,0,0,0,Wall,Fa,N,FuseF,1040,0,0,1040,90000
BrkTil,Fa,TA,No,LwQ,352,Unf,0,441,793,GasA,Gd,Y,SBrkr,901,901,0,1802,200100
PConc,Gd,TA,Av,GLQ,64,Unf,0,1120,1184,GasA,Ex,Y,SBrkr,1184,1426,0,2610,303477
CBlock,TA,TA,No,BLQ,176,Unf,0,1290,1466,GasA,TA,Y,SBrkr,1466,0,0,1466,149900
PConc,Fa,TA,No,LwQ,686,Unf,0,0,686,GasA,TA,Y,SBrkr,966,686,0,1652,139000
PConc,Gd,TA,No,BLQ,50,GLQ,531,499,1080,GasA,Ex,Y,SBrkr,1080,1017,0,2097,228000
PConc,Gd,TA,Gd,GLQ,1573,Unf,0,0,1573,GasA,Ex,Y,SBrkr,1625,0,0,1625,235000
CBlock,TA,TA,No,BLQ,603,Unf,0,701,1304,GasW,TA,Y,SBrkr,1304,983,0,2287,225000
PConc,Ex,TA,Gd,Unf,0,Unf,0,1734,1734,GasA,Ex,Y,SBrkr,1734,1088,0,2822,582933
PConc,Gd,TA,No,GLQ,695,Unf,0,297,992,GasA,Ex,Y,SBrkr,1022,1032,0,2054,244000
CBlock,TA,TA,Mn,BLQ,841,Unf,0,324,1165,GasA,TA,Y,SBrkr,1336,0,0,1336,157000
CBlock,TA,TA,No,LwQ,552,Unf,0,342,894,GasA,Ex,Y,SBrkr,894,0,0,894,110000
PConc,Gd,TA,Gd,GLQ,1619,Unf,0,100,1719,GasA,Ex,Y,SBrkr,1719,0,0,1719,324000
PConc,Gd,TA,No,GLQ,1000,Unf,0,223,1223,GasA,Ex,Y,SBrkr,1223,904,0,2127,271000
CBlock,TA,TA,No,BLQ,553,Unf,0,698,1251,GasA,TA,Y,SBrkr,1251,0,0,1251,160000
CBlock,TA,TA,No,BLQ,111,LwQ,279,522,912,GasA,Fa,Y,SBrkr,912,0,0,912,120000
BrkTil,TA,TA,No,Unf,0,Unf,0,600,600,Grav,Fa,N,SBrkr,600,368,0,968,37900
PConc,Gd,TA,No,GLQ,483,Unf,0,458,941,GasA,Ex,Y,SBrkr,941,888,0,1829,237000
PConc,Gd,TA,Mn,GLQ,712,Unf,0,84,796,GasA,TA,Y,SBrkr,790,784,0,1574,190000
CBlock,TA,TA,No,Rec,495,Unf,0,225,720,GasA,TA,N,FuseA,720,0,0,720,34900
PConc,Ex,TA,Av,GLQ,1447,Unf,0,533,1980,GasA,Ex,Y,SBrkr,1980,0,0,1980,315000
CBlock,Gd,TA,Mn,ALQ,213,Unf,0,995,1208,GasA,Ex,Y,SBrkr,1621,0,0,1621,202500
CBlock,Gd,TA,No,ALQ,1246,Unf,0,356,1602,GasA,Gd,Y,SBrkr,1602,0,0,1602,215000
BrkTil,TA,TA,Mn,LwQ,370,Unf,0,779,1149,GasA,Gd,Y,FuseA,1149,467,0,1616,152000
CBlock,TA,TA,Gd,BLQ,1277,Unf,0,207,1484,GasA,TA,Y,SBrkr,1600,0,0,1600,207500
CBlock,TA,TA,No,Unf,0,Unf,0,689,689,GasA,TA,Y,SBrkr,1378,741,0,2119,158000
PConc,Gd,TA,No,Unf,0,Unf,0,970,970,GasA,Ex,Y,SBrkr,970,739,0,1709,130000
CBlock,TA,TA,No,ALQ,1065,Unf,0,1045,2110,GasA,Ex,Y,SBrkr,2110,0,0,2110,244000
BrkTil,TA,TA,No,Rec,544,Unf,0,0,544,GasA,Ex,Y,SBrkr,774,0,0,774,79000
BrkTil,TA,Fa,No,Unf,0,Unf,0,796,796,GasA,Fa,N,SBrkr,796,0,0,796,55000
CBlock,Gd,TA,No,Unf,0,Unf,0,1686,1686,GasA,TA,Y,SBrkr,1707,0,0,1707,228000
PConc,Ex,TA,No,GLQ,1288,Unf,0,294,1582,GasA,Ex,Y,SBrkr,1610,551,0,2161,325624
PConc,Gd,TA,No,Unf,0,Unf,0,880,880,GasA,Ex,Y,SBrkr,909,807,0,1716,191000
CBlock,TA,TA,No,ALQ,288,Rec,374,700,1362,GasA,TA,Y,SBrkr,1362,0,0,1362,163000
PConc,Gd,TA,Mn,GLQ,706,Unf,0,88,794,GasA,Ex,Y,SBrkr,882,914,0,1796,211000
PConc,Ex,TA,Gd,GLQ,1480,Unf,0,120,1600,GasA,Ex,Y,SBrkr,1652,0,0,1652,392500
PConc,TA,TA,No,ALQ,624,Unf,0,26,650,GasA,Ex,Y,SBrkr,832,650,0,1482,143000
BrkTil,TA,TA,No,Rec,489,Unf,0,279,768,GasA,TA,N,SBrkr,1015,0,0,1015,88000
CBlock,TA,TA,No,BLQ,403,Rec,165,238,806,GasA,TA,Y,FuseA,958,620,0,1578,133000
CBlock,TA,TA,No,ALQ,320,BLQ,362,404,1086,GasA,Gd,Y,SBrkr,1086,0,0,1086,144900
CBlock,TA,TA,No,Unf,0,Unf,0,672,672,GasA,TA,Y,SBrkr,672,546,0,1218,91500
CBlock,TA,TA,Av,ALQ,672,Unf,0,168,840,GasA,TA,Y,SBrkr,860,0,0,860,137000
BrkTil,TA,Fa,No,Unf,0,Unf,0,576,576,GasA,Gd,Y,SBrkr,792,348,0,1140,96500
BrkTil,Gd,TA,No,Unf,0,Unf,0,776,776,GasA,TA,Y,SBrkr,851,651,0,1502,149000
CBlock,TA,TA,Gd,Rec,312,ALQ,539,276,1127,GasA,TA,Y,SBrkr,1165,0,0,1165,174900
PConc,Gd,TA,No,GLQ,625,Unf,0,235,860,GasA,Ex,Y,SBrkr,860,1100,0,1960,216500
PConc,Gd,TA,Av,ALQ,252,Unf,0,901,1153,GasA,Ex,Y,SBrkr,1153,878,0,2031,222500
CBlock,Gd,TA,No,GLQ,378,Unf,0,311,689,GasA,Ex,Y,SBrkr,689,703,0,1392,161750
PConc,Gd,TA,Mn,BLQ,1201,Unf,0,340,1541,GasA,Ex,Y,SBrkr,1541,0,0,1541,220000
CBlock,TA,TA,No,Rec,405,Unf,0,658,1063,GasA,Gd,Y,SBrkr,1327,0,0,1327,150750
BrkTil,TA,TA,No,BLQ,672,Unf,0,0,672,GasA,TA,Y,SBrkr,757,567,0,1324,128000
CBlock,Gd,TA,No,ALQ,550,Unf,0,163,713,GasA,TA,Y,SBrkr,811,741,0,1552,179900
PConc,Ex,TA,No,GLQ,482,Unf,0,971,1453,GasA,Ex,Y,SBrkr,1453,1357,0,2810,302000
BrkTil,TA,TA,Mn,Unf,0,Unf,0,1107,1107,GasA,Ex,Y,SBrkr,1518,1518,572,3608,475000
CBlock,TA,TA,Gd,BLQ,967,Unf,0,383,1350,GasA,Gd,Y,SBrkr,1328,0,0,1328,170000
PConc,Gd,TA,Gd,GLQ,965,Unf,0,245,1210,GasA,Ex,Y,SBrkr,1238,1281,0,2519,335000
CBlock,TA,TA,No,Unf,0,Unf,0,793,793,GasW,TA,N,FuseF,997,520,0,1517,115000
CBlock,TA,TA,No,GLQ,731,Unf,0,326,1057,GasA,TA,Y,SBrkr,1057,0,0,1057,109000
CBlock,Gd,TA,Gd,GLQ,1441,Unf,0,55,1496,GasA,Ex,Y,SBrkr,1496,636,0,2132,316600
PConc,Gd,TA,Av,GLQ,1300,Unf,0,316,1616,GasA,Ex,Y,SBrkr,1629,0,0,1629,270000
CBlock,TA,TA,No,Rec,1000,Unf,0,188,1188,GasA,Fa,Y,SBrkr,1188,0,0,1188,142000
PConc,Gd,TA,Gd,GLQ,929,Unf,0,556,1485,GasA,Ex,Y,SBrkr,1464,0,0,1464,282922
PConc,Ex,TA,No,GLQ,897,Unf,0,319,1216,GasA,Ex,Y,SBrkr,1216,0,0,1216,164000
PConc,Gd,TA,No,Unf,0,Unf,0,1626,1626,GasA,Ex,Y,SBrkr,1634,0,0,1634,250000
CBlock,TA,TA,Mn,Unf,0,Unf,0,672,672,GasA,Ex,Y,SBrkr,672,252,0,924,122900
CBlock,TA,TA,Mn,Rec,188,ALQ,668,204,1060,GasA,Ex,Y,SBrkr,1060,0,0,1060,154000
CBlock,Gd,TA,No,ALQ,556,Unf,0,248,804,GasA,TA,Y,SBrkr,804,744,0,1548,155000
CBlock,TA,Fa,No,Rec,290,Unf,0,0,290,GasA,TA,N,FuseF,438,0,0,438,60000
CBlock,TA,TA,No,Unf,0,Unf,0,747,747,GasA,TA,Y,SBrkr,747,0,0,747,80000
CBlock,TA,TA,No,BLQ,432,Unf,0,460,892,GasA,TA,Y,SBrkr,892,0,0,892,100000
CBlock,TA,TA,Av,ALQ,803,Unf,0,303,1106,GasA,TA,Y,SBrkr,1190,0,0,1190,132500
CBlock,Gd,TA,No,BLQ,609,Unf,0,785,1394,GasA,Gd,Y,SBrkr,1394,0,0,1394,159000
CBlock,TA,TA,No,Unf,0,Unf,0,960,960,GasA,Gd,Y,SBrkr,960,1000,0,1960,124500
PConc,Gd,TA,Av,GLQ,659,Unf,0,189,848,GasA,Ex,Y,SBrkr,848,0,0,848,131500
CBlock,Gd,TA,No,ALQ,1053,Unf,0,256,1309,GasA,TA,Y,SBrkr,1339,0,0,1339,180000
BrkTil,Fa,Fa,No,Unf,0,Unf,0,784,784,GasA,TA,N,FuseA,784,0,0,784,76000
PConc,TA,TA,No,Unf,0,Unf,0,948,948,GasA,TA,Y,SBrkr,948,0,0,948,108000
CBlock,Gd,TA,No,BLQ,1084,Unf,0,92,1176,GasA,Gd,Y,SBrkr,1178,0,0,1178,157000
PConc,Gd,TA,No,GLQ,694,Unf,0,284,978,GasA,Ex,Y,SBrkr,1005,978,0,1983,225000
CBlock,TA,TA,No,ALQ,1606,Unf,0,122,1728,GasA,TA,Y,SBrkr,1728,0,0,1728,188000
BrkTil,Fa,TA,No,Unf,0,Unf,0,680,680,GasA,Gd,N,FuseP,764,0,0,764,73000
CBlock,Gd,TA,Gd,GLQ,462,Unf,0,0,462,GasA,TA,Y,SBrkr,526,462,0,988,91000
PConc,Gd,TA,Av,GLQ,294,Unf,0,318,612,GasA,Ex,Y,SBrkr,612,612,0,1224,173733
CBlock,TA,TA,No,Unf,0,Unf,0,483,483,GasA,TA,Y,SBrkr,483,504,0,987,94500
PConc,Gd,TA,No,GLQ,642,Unf,0,273,915,GasA,Ex,Y,SBrkr,933,975,0,1908,210000
CBlock,TA,TA,Av,BLQ,739,Unf,0,405,1144,GasA,TA,Y,SBrkr,1144,0,0,1144,129000
CBlock,Gd,TA,Av,ALQ,605,Unf,0,427,1032,GasA,TA,Y,SBrkr,1032,0,0,1032,148000
PConc,Gd,TA,No,GLQ,831,Unf,0,320,1151,GasA,TA,Y,SBrkr,1164,896,0,2060,211000
PConc,TA,TA,No,GLQ,646,Unf,0,468,1114,GasA,Ex,Y,SBrkr,1114,0,0,1114,159000
CBlock,Gd,TA,Av,ALQ,528,Unf,0,1152,1680,GasA,Fa,Y,SBrkr,1724,0,0,1724,197900
CBlock,TA,TA,No,BLQ,317,Unf,0,355,672,GasA,Gd,Y,SBrkr,672,546,0,1218,118000
CBlock,TA,Fa,No,Unf,0,Unf,0,721,721,GasA,Gd,Y,SBrkr,841,0,0,841,82000
CBlock,Gd,TA,No,Unf,0,Unf,0,1074,1074,GasA,Ex,Y,SBrkr,1088,0,0,1088,170000
CBlock,TA,TA,No,ALQ,646,Unf,0,218,864,GasA,Ex,Y,SBrkr,864,0,0,864,136500
PConc,Gd,TA,Gd,GLQ,1422,Unf,0,392,1814,GasA,Ex,Y,SBrkr,1826,0,0,1826,319000
BrkTil,TA,Fa,No,Unf,0,Unf,0,530,530,GasA,TA,N,SBrkr,581,530,0,1111,101000
CBlock,TA,TA,No,ALQ,595,Unf,0,317,912,GasA,Ex,Y,SBrkr,912,0,0,912,147000
PConc,Gd,TA,No,GLQ,524,Unf,0,628,1152,GasA,Ex,Y,SBrkr,1164,1106,0,2270,290000
CBlock,TA,TA,No,ALQ,658,Unf,0,218,876,GasA,TA,Y,SBrkr,923,0,0,923,119500
Stone,TA,TA,Av,Unf,0,Unf,0,105,105,GasA,Gd,Y,SBrkr,910,0,0,910,116000
Slab,,,,,0,,0,0,0,Wall,Fa,N,FuseA,1040,0,0,1040,92900
PConc,TA,TA,No,ALQ,315,Rec,105,420,840,GasA,Ex,Y,SBrkr,840,534,0,1374,105000
PConc,Ex,TA,Gd,Unf,0,Unf,0,2121,2121,GasA,Ex,Y,SBrkr,2121,0,0,2121,415298
PConc,Gd,TA,Av,Unf,0,Unf,0,847,847,GasA,Ex,Y,SBrkr,847,1112,0,1959,215000
BrkTil,TA,TA,No,Unf,0,Unf,0,927,927,GasA,TA,Y,SBrkr,1067,472,0,1539,141500
PConc,TA,TA,No,LwQ,540,Unf,0,728,1268,GasA,Gd,Y,SBrkr,1268,0,0,1268,132000
PConc,TA,TA,No,ALQ,250,Unf,0,710,960,GasA,Gd,Y,FuseA,960,0,0,960,108500
PConc,Gd,TA,No,Unf,0,Unf,0,1097,1097,GasA,Ex,Y,SBrkr,1097,0,0,1097,145000
BrkTil,Gd,TA,Mn,Rec,390,Unf,0,490,880,GasW,Fa,N,SBrkr,880,888,0,1768,163000
CBlock,TA,TA,No,BLQ,120,Unf,0,736,856,GasA,Ex,Y,SBrkr,1112,556,0,1668,140000
CBlock,Fa,Fa,No,Unf,0,Unf,0,1392,1392,GasA,Gd,Y,SBrkr,1392,0,0,1392,110000
CBlock,TA,TA,No,Unf,0,Unf,0,780,780,GasA,Ex,Y,FuseF,825,587,0,1412,132500
PConc,Ex,TA,Gd,Unf,0,Unf,0,1622,1622,GasA,Ex,Y,SBrkr,1630,0,0,1630,295493
PConc,Gd,TA,No,GLQ,1106,Unf,0,135,1241,GasA,Ex,Y,SBrkr,1241,0,0,1241,199900
CBlock,Gd,TA,Av,ALQ,619,Unf,0,149,768,GasA,Ex,Y,SBrkr,768,0,0,768,129500
CBlock,TA,TA,No,BLQ,728,Unf,0,568,1296,GasA,Ex,Y,SBrkr,1640,0,0,1640,224000
PConc,Gd,TA,Av,GLQ,945,Unf,0,474,1419,GasA,Ex,Y,SBrkr,1419,0,0,1419,392000
CBlock,Gd,Gd,Gd,GLQ,1200,Unf,0,0,1200,GasA,TA,Y,SBrkr,1200,0,0,1200,179000
CBlock,TA,TA,No,ALQ,626,Unf,0,99,725,GasA,Gd,Y,SBrkr,725,754,0,1479,184000
CBlock,Gd,TA,No,ALQ,528,BLQ,411,245,1184,GasA,Ex,Y,SBrkr,1414,0,0,1414,176500
BrkTil,TA,TA,No,Unf,0,Unf,0,624,624,GasA,Fa,N,SBrkr,624,720,0,1344,98000
Slab,,,,,0,,0,0,0,GasA,Gd,Y,SBrkr,1547,720,53,2320,169000
CBlock,TA,TA,No,Rec,266,Unf,0,522,788,GasA,TA,Y,FuseA,788,0,0,788,100000
CBlock,TA,TA,No,ALQ,311,Unf,0,544,855,GasA,TA,Y,SBrkr,855,586,0,1441,148500
CBlock,TA,TA,No,Rec,612,Unf,0,252,864,GasA,Ex,Y,SBrkr,864,0,0,864,127500
PConc,TA,TA,No,ALQ,616,Unf,0,248,864,GasA,TA,Y,SBrkr,864,0,0,864,120500
CBlock,TA,TA,No,Unf,0,Unf,0,1584,1584,GasA,TA,Y,SBrkr,1776,0,0,1776,110000
CBlock,TA,TA,No,BLQ,775,Unf,0,281,1056,GasA,Ex,Y,SBrkr,1056,0,0,1056,142000
BrkTil,Fa,Po,Gd,BLQ,350,Unf,0,333,683,GasA,Gd,N,FuseA,904,0,0,904,61000
PConc,Ex,TA,Av,GLQ,578,Unf,0,892,1470,GasA,Ex,Y,SBrkr,1478,0,0,1478,222000
CBlock,Fa,TA,No,Unf,0,Unf,0,840,840,GasA,Gd,N,SBrkr,840,765,0,1605,107400
PConc,Gd,TA,No,GLQ,633,Unf,0,240,873,GasA,Ex,Y,SBrkr,882,908,0,1790,193000
CBlock,TA,TA,No,ALQ,381,Unf,0,399,780,GasA,Ex,Y,SBrkr,1088,780,0,1868,197500
CBlock,TA,TA,No,BLQ,356,Unf,0,316,672,GasA,TA,Y,SBrkr,672,546,0,1218,113000
PConc,Ex,TA,Av,GLQ,1636,Unf,0,442,2078,GasA,Ex,Y,SBrkr,2084,0,0,2084,385000
CBlock,Gd,TA,No,ALQ,566,Unf,0,289,855,GasA,TA,Y,SBrkr,855,601,0,1456,148500
CBlock,TA,TA,No,BLQ,830,LwQ,290,136,1256,GasA,Gd,Y,SBrkr,1256,0,0,1256,147500
PConc,Gd,TA,No,GLQ,457,Unf,0,326,783,GasA,Ex,Y,SBrkr,807,702,0,1509,183200
CBlock,TA,TA,No,ALQ,774,LwQ,150,104,1028,GasA,Ex,Y,SBrkr,1436,884,0,2320,259500
BrkTil,Gd,TA,No,BLQ,1128,Unf,0,242,1370,GasW,TA,N,FuseA,1370,1254,0,2624,239000
PConc,TA,TA,No,Unf,0,Unf,0,780,780,GasA,TA,Y,SBrkr,780,595,0,1375,141000
CBlock,TA,TA,Gd,ALQ,513,Unf,0,75,588,GasA,TA,Y,SBrkr,1095,0,0,1095,140000
CBlock,TA,TA,No,ALQ,1084,Unf,0,188,1272,GasA,Gd,Y,SBrkr,1272,928,0,2200,145900
PConc,Gd,TA,Mn,GLQ,922,Unf,0,572,1494,GasA,Ex,Y,SBrkr,1494,0,0,1494,221000
CBlock,Fa,TA,No,Unf,0,Unf,0,560,560,GasA,Gd,N,SBrkr,796,550,0,1346,112000
PConc,Gd,TA,No,GLQ,588,Unf,0,402,990,GasA,Ex,Y,SBrkr,990,0,0,990,123600
BrkTil,TA,TA,No,Unf,0,Unf,0,907,907,GasA,TA,Y,SBrkr,1307,1051,0,2358,240000
CBlock,TA,TA,No,Rec,415,Unf,0,418,833,GasA,Ex,Y,SBrkr,833,0,0,833,117000
PConc,Gd,Gd,Gd,Unf,0,Unf,0,1094,1094,GasA,Ex,Y,SBrkr,1133,1349,0,2482,281213
PConc,Gd,TA,Mn,Unf,0,Unf,0,1030,1030,GasA,Gd,Y,SBrkr,1038,1060,0,2098,275500
PConc,TA,TA,No,ALQ,450,Unf,0,414,864,GasA,Ex,Y,SBrkr,899,0,0,899,130000
PConc,Ex,TA,No,GLQ,998,Unf,0,177,1175,GasA,Ex,Y,SBrkr,1182,1142,0,2324,345000
CBlock,TA,TA,Av,Rec,777,Unf,0,117,894,GasA,TA,Y,SBrkr,894,0,0,894,123000
PConc,Gd,TA,No,GLQ,430,Unf,0,1145,1575,GasA,Gd,Y,SBrkr,1575,0,0,1575,179200
PConc,Gd,TA,Gd,GLQ,697,Unf,0,151,848,GasA,Ex,Y,SBrkr,848,0,0,848,141000
BrkTil,TA,TA,No,Unf,0,Unf,0,815,815,GasA,Ex,Y,SBrkr,815,875,0,1690,144000
PConc,TA,TA,No,ALQ,548,Rec,173,36,757,GasA,Ex,Y,SBrkr,925,550,0,1475,127000
PConc,Gd,TA,Av,ALQ,20,Unf,0,1342,1362,GasA,Ex,Y,SBrkr,1362,0,0,1362,194700
PConc,Gd,TA,Gd,Unf,0,Unf,0,1273,1273,GasA,Ex,Y,SBrkr,1456,0,0,1456,215000
PConc,Gd,TA,Mn,GLQ,57,Unf,0,1335,1392,GasA,Ex,Y,SBrkr,1392,1070,0,2462,320000
CBlock,TA,TA,No,BLQ,400,Unf,0,380,780,GasA,TA,Y,SBrkr,983,813,0,1796,140000
PConc,TA,TA,Mn,Unf,0,Unf,0,702,702,GasA,Gd,Y,SBrkr,842,630,0,1472,125000
PConc,Gd,TA,No,GLQ,1334,Unf,0,270,1604,GasA,Ex,Y,SBrkr,1604,0,0,1604,220000
CBlock,TA,TA,Gd,ALQ,1249,BLQ,147,103,1499,GasA,Ex,Y,SBrkr,1619,167,0,1786,228950
CBlock,TA,TA,Av,BLQ,831,Unf,0,161,992,GasA,Gd,Y,SBrkr,1661,0,0,1661,165500
CBlock,Gd,TA,Av,GLQ,509,Unf,0,121,630,GasA,TA,Y,SBrkr,630,0,0,630,80000
CBlock,Ex,TA,No,GLQ,1436,Unf,0,570,2006,GasA,Ex,Y,SBrkr,2020,0,0,2020,402861
PConc,Gd,TA,No,GLQ,643,Unf,0,167,810,GasA,Ex,Y,SBrkr,810,855,0,1665,227000
PConc,Gd,TA,No,GLQ,24,Unf,0,1836,1860,GasA,Ex,Y,SBrkr,1836,0,0,1836,216837
Stone,TA,TA,No,Unf,0,Unf,0,994,994,GasA,TA,N,SBrkr,1378,994,0,2372,107500
PConc,TA,TA,Mn,LwQ,405,Unf,0,740,1145,GasA,TA,Y,SBrkr,1301,0,0,1301,100000
PConc,Gd,TA,Av,Unf,0,Unf,0,1240,1240,GasA,Ex,Y,SBrkr,1240,0,0,1240,194000
CBlock,TA,TA,No,Rec,777,Unf,0,467,1244,GasA,Ex,Y,FuseA,1244,0,0,1244,150000
PConc,Gd,TA,No,Unf,0,Unf,0,1777,1777,GasA,Ex,Y,SBrkr,1795,0,0,1795,230000
PConc,Gd,TA,No,GLQ,560,Unf,0,598,1158,GasA,Gd,Y,SBrkr,1167,0,0,1167,173000
PConc,Gd,TA,No,Unf,0,Unf,0,1573,1573,GasA,Ex,Y,SBrkr,1578,0,0,1578,287090
PConc,Gd,TA,No,Unf,0,Unf,0,967,967,GasA,Ex,Y,SBrkr,993,915,0,1908,202900
BrkTil,TA,TA,No,Unf,0,Unf,0,901,901,GasA,Gd,Y,SBrkr,1088,110,0,1198,79900
PConc,Ex,TA,Gd,GLQ,1350,Unf,0,626,1976,GasA,Ex,Y,SBrkr,1976,0,0,1976,440000
CBlock,TA,TA,No,Unf,0,Unf,0,686,686,GasA,Fa,N,SBrkr,810,518,0,1328,107000
CBlock,Gd,Gd,Av,ALQ,196,Unf,0,1072,1268,GasA,TA,Y,SBrkr,1268,0,0,1268,143500
PConc,Gd,TA,No,Unf,0,Unf,0,625,625,GasA,Ex,Y,SBrkr,625,625,0,1250,171900
CBlock,,,,,0,,0,0,0,GasA,TA,N,SBrkr,1664,0,0,1664,100000
CBlock,TA,TA,No,ALQ,404,Unf,0,304,708,GasA,Gd,Y,SBrkr,708,708,0,1416,179900
BrkTil,TA,Fa,Mn,Rec,1046,Unf,0,168,1214,GasW,Ex,N,SBrkr,1260,1031,0,2291,133900
PConc,Ex,TA,Mn,Unf,0,Unf,0,1710,1710,GasA,Ex,Y,SBrkr,1710,0,0,1710,240000
CBlock,TA,TA,No,LwQ,616,Unf,0,0,616,GasA,Gd,Y,SBrkr,616,0,0,616,89000
CBlock,TA,TA,No,Rec,915,Unf,0,135,1050,GasA,TA,Y,SBrkr,1050,0,0,1050,136500
CBlock,Gd,TA,Gd,BLQ,429,ALQ,1080,93,1602,GasA,Gd,Y,SBrkr,1252,0,0,1252,235000
PConc,Gd,Gd,No,ALQ,746,Unf,0,244,990,GasA,Ex,Y,SBrkr,990,0,0,990,138000
CBlock,TA,TA,Mn,GLQ,49,Rec,1029,0,1078,GasA,Gd,Y,FuseA,1078,0,0,1078,142125
CBlock,TA,Fa,Gd,LwQ,568,Unf,0,264,832,GasA,Gd,Y,SBrkr,976,1111,0,2087,187500
CBlock,TA,TA,No,BLQ,594,Rec,219,331,1144,GasA,Ex,Y,SBrkr,1429,0,0,1429,181900
BrkTil,Gd,TA,No,Unf,0,Unf,0,360,360,GasA,Gd,Y,SBrkr,1032,780,0,1812,140000
CBlock,TA,TA,Av,GLQ,507,Unf,0,81,588,GasA,Ex,Y,SBrkr,1138,0,0,1138,145000
CBlock,Gd,TA,Av,ALQ,998,Unf,0,486,1484,GasA,Gd,Y,SBrkr,1484,0,0,1484,175000
PConc,Gd,TA,Gd,Unf,0,Unf,0,1374,1374,GasA,Ex,Y,SBrkr,1557,0,0,1557,234000
CBlock,TA,TA,No,LwQ,197,Unf,0,999,1196,GasA,Ex,Y,FuseA,1196,0,0,1196,109900
CBlock,TA,TA,No,BLQ,521,LwQ,174,169,864,GasA,TA,Y,SBrkr,864,0,0,864,129900
CBlock,TA,TA,No,BLQ,480,LwQ,468,108,1056,GasA,TA,Y,SBrkr,1056,0,0,1056,139400
PConc,Gd,TA,No,GLQ,740,Unf,0,425,1165,GasA,Ex,Y,SBrkr,1203,1323,0,2526,290000
PConc,Gd,TA,No,GLQ,16,Unf,0,1129,1145,GasA,Ex,Y,SBrkr,1145,0,0,1145,160200
CBlock,TA,TA,No,LwQ,170,BLQ,670,252,1092,GasA,TA,Y,SBrkr,1092,0,0,1092,139000
BrkTil,Fa,Fa,No,Unf,0,Unf,0,264,264,GasA,Ex,Y,SBrkr,768,664,0,1432,132000
CBlock,TA,TA,No,Rec,1040,Unf,0,352,1392,GasA,TA,Y,FuseA,1392,0,0,1392,166000
PConc,Gd,TA,No,Unf,0,Unf,0,728,728,GasA,Ex,Y,SBrkr,728,728,0,1456,163990
CBlock,TA,TA,No,ALQ,806,Unf,0,247,1053,GasA,Ex,Y,SBrkr,1053,0,0,1053,145500
CBlock,TA,Fa,No,LwQ,256,Unf,0,1184,1440,GasA,Ex,Y,FuseA,1440,1440,515,3395,200000
CBlock,TA,TA,No,ALQ,72,Rec,258,733,1063,GasA,Ex,Y,SBrkr,1287,0,0,1287,162000
CBlock,TA,TA,No,ALQ,403,Rec,125,212,740,GasA,Ex,Y,SBrkr,778,0,0,778,120500
CBlock,TA,TA,No,Unf,0,Unf,0,525,525,GasA,TA,Y,SBrkr,525,567,0,1092,88000
PConc,Fa,TA,Mn,Unf,0,Unf,0,600,600,GasA,Gd,Y,SBrkr,747,0,0,747,79900
PConc,Gd,TA,Gd,Unf,0,Unf,0,847,847,GasA,Ex,Y,SBrkr,847,886,0,1733,225000
PConc,Gd,TA,Av,Unf,0,Unf,0,1638,1638,GasA,Ex,Y,SBrkr,1646,0,0,1646,248900
PConc,Ex,TA,No,GLQ,1351,Unf,0,83,1434,GasA,Ex,Y,SBrkr,1518,631,0,2149,239686
CBlock,TA,TA,Av,Rec,812,Unf,0,812,1624,GasA,Fa,Y,SBrkr,1582,0,0,1582,190000
BrkTil,TA,TA,No,BLQ,216,Unf,0,700,916,GasA,Gd,Y,SBrkr,916,826,0,1742,168000
PConc,TA,TA,Gd,ALQ,633,Unf,0,431,1064,GasA,Gd,Y,SBrkr,1040,0,0,1040,132250
CBlock,TA,TA,No,Rec,456,Unf,0,456,912,GasA,Ex,Y,FuseA,912,0,0,912,114500
PConc,Gd,TA,Av,GLQ,655,Unf,0,490,1145,GasA,Ex,Y,SBrkr,1145,1053,0,2198,250000
CBlock,TA,TA,No,Unf,0,Unf,0,1680,1680,GasA,Fa,Y,SBrkr,1680,0,0,1680,136905
CBlock,TA,TA,Mn,Rec,192,Unf,0,536,728,GasA,Ex,Y,SBrkr,1968,1479,0,3447,381000
BrkTil,TA,TA,No,LwQ,234,ALQ,692,0,926,GasA,TA,Y,SBrkr,926,0,390,1316,130000
BrkTil,TA,Fa,No,Unf,0,Unf,0,612,612,GasA,Ex,Y,SBrkr,990,1611,0,2601,189000
CBlock,TA,TA,No,LwQ,765,Unf,0,0,765,GasA,TA,Y,SBrkr,765,600,0,1365,125000
PConc,Ex,TA,Av,Unf,0,Unf,0,1258,1258,GasA,Ex,Y,SBrkr,1258,0,0,1258,172500
PConc,Gd,TA,No,GLQ,24,Unf,0,1550,1574,GasA,Ex,Y,SBrkr,1574,0,0,1574,232000
CBlock,TA,TA,Mn,BLQ,75,Rec,791,230,1096,GasA,Ex,Y,SBrkr,1096,0,0,1096,138800
CBlock,TA,TA,No,BLQ,330,Unf,0,153,483,GasA,TA,Y,SBrkr,483,504,0,987,100000
PConc,Gd,TA,No,Unf,0,Unf,0,976,976,GasA,Ex,Y,SBrkr,976,732,0,1708,130000
BrkTil,TA,TA,No,Unf,0,Unf,0,1470,1470,GasA,Ex,Y,SBrkr,1675,1818,0,3493,295000
Wood,Gd,TA,Av,GLQ,427,Unf,0,132,559,GasA,Gd,Y,SBrkr,1080,672,0,1752,164000
CBlock,Gd,TA,Gd,ALQ,1236,Rec,820,80,2136,GasW,TA,Y,SBrkr,2036,0,0,2036,375000
BrkTil,Gd,TA,No,Unf,0,Unf,0,896,896,GasA,Gd,Y,FuseA,896,448,0,1344,115000
CBlock,TA,TA,Av,ALQ,349,Unf,0,23,372,GasA,TA,Y,SBrkr,576,533,0,1109,139000
PConc,Gd,TA,Av,GLQ,182,Unf,0,612,794,GasA,Gd,Y,SBrkr,794,676,0,1470,177000
CBlock,TA,TA,Mn,ALQ,852,Unf,0,100,952,GasA,TA,Y,SBrkr,952,0,0,952,139000
CBlock,Gd,TA,No,GLQ,808,Unf,0,72,880,GasA,Ex,Y,SBrkr,1680,0,0,1680,222000
CBlock,TA,TA,No,Rec,196,BLQ,345,975,1516,GasA,TA,Y,SBrkr,1516,0,0,1516,167000
PConc,Ex,TA,No,GLQ,1004,Unf,0,730,1734,GasA,Ex,Y,SBrkr,1734,0,0,1734,318000
PConc,Gd,TA,Av,GLQ,368,BLQ,1120,0,1488,GasA,TA,Y,SBrkr,1502,0,0,1502,212000
PConc,Gd,TA,No,GLQ,567,Unf,0,197,764,GasA,Ex,Y,SBrkr,764,862,0,1626,173000
CBlock,TA,TA,No,Unf,0,Unf,0,756,756,GasA,Ex,Y,SBrkr,756,713,0,1469,135000
PConc,Gd,TA,No,GLQ,812,Unf,0,280,1092,GasA,Ex,Y,SBrkr,1112,438,0,1550,241000
PConc,Gd,TA,No,Unf,0,Unf,0,1368,1368,GasA,Ex,Y,SBrkr,1368,0,0,1368,202665
PConc,Ex,Gd,Av,Unf,0,Unf,0,1249,1249,GasA,Ex,Y,SBrkr,1249,1347,0,2596,342643
CBlock,TA,TA,No,LwQ,504,Unf,0,525,1029,GasA,TA,Y,SBrkr,1339,0,0,1339,139000
PConc,Gd,TA,No,Unf,0,Unf,0,1195,1195,GasA,Gd,Y,SBrkr,1195,644,0,1839,221000
PConc,Ex,TA,Av,Unf,0,Unf,0,1117,1117,GasA,Ex,Y,SBrkr,1132,1320,0,2452,309000
PConc,Gd,TA,No,Unf,0,Unf,0,783,783,GasA,Ex,Y,SBrkr,807,702,0,1509,180000
PConc,Gd,TA,No,GLQ,20,Unf,0,1434,1454,GasA,Ex,Y,SBrkr,1434,0,0,1434,189000
CBlock,Gd,TA,No,GLQ,1200,Unf,0,78,1278,GasA,Gd,Y,SBrkr,1294,0,0,1294,179200
BrkTil,Gd,TA,No,Unf,0,Unf,0,840,840,GasA,Ex,Y,SBrkr,840,840,0,1680,177000
PConc,Gd,Gd,No,GLQ,814,Unf,0,114,928,GasA,Ex,Y,SBrkr,936,785,0,1721,201000
CBlock,TA,TA,No,BLQ,600,Unf,0,264,864,GasA,TA,Y,SBrkr,864,0,0,864,111250
PConc,Gd,TA,No,ALQ,549,Unf,0,195,744,GasA,Gd,Y,SBrkr,757,744,0,1501,179400
BrkTil,TA,TA,No,Unf,0,Unf,0,662,662,GasA,TA,N,SBrkr,1422,915,0,2337,90000
CBlock,Gd,TA,Av,GLQ,929,Unf,0,916,1845,GasA,Gd,Y,SBrkr,1872,0,0,1872,241500
PConc,Gd,TA,Av,GLQ,1300,Unf,0,230,1530,GasA,Ex,Y,SBrkr,1530,0,0,1530,259000
CBlock,TA,TA,No,Unf,0,Unf,0,742,742,GasA,Ex,Y,SBrkr,742,742,0,1484,128000
CBlock,Gd,TA,Av,GLQ,515,Unf,0,115,630,GasA,TA,Y,SBrkr,630,0,0,630,86000
BrkTil,TA,TA,No,Unf,0,Unf,0,1200,1200,GasA,TA,Y,FuseA,1200,0,0,1200,125000
CBlock,Gd,Gd,No,ALQ,896,Unf,0,434,1330,GasA,TA,Y,SBrkr,1542,1330,0,2872,272000
CBlock,TA,TA,Gd,Rec,564,Unf,0,563,1127,GasA,TA,Y,SBrkr,1445,0,0,1445,158000
CBlock,TA,TA,No,Unf,0,Unf,0,1116,1116,GasA,TA,Y,SBrkr,1116,0,0,1116,160000
CBlock,Gd,TA,Mn,GLQ,828,LwQ,182,180,1190,GasA,Gd,Y,SBrkr,1190,900,0,2090,207500
CBlock,Gd,TA,Gd,GLQ,943,Unf,0,0,943,GasA,TA,Y,SBrkr,943,0,0,943,135960
BrkTil,TA,TA,No,BLQ,264,Unf,0,712,976,GasA,Ex,Y,SBrkr,1160,448,0,1608,137450
Slab,,,,,0,,0,0,0,GasA,TA,Y,SBrkr,1296,0,0,1296,90000
BrkTil,TA,TA,No,LwQ,116,Unf,0,556,672,GasA,Ex,Y,SBrkr,840,0,0,840,87000
CBlock,TA,TA,No,BLQ,552,Unf,0,280,832,GasA,Gd,Y,SBrkr,1098,880,0,1978,176000
CBlock,TA,TA,Av,ALQ,867,Unf,0,77,944,GasA,Gd,Y,SBrkr,999,0,0,999,178400
CBlock,Gd,TA,No,LwQ,958,Unf,0,0,958,GasA,TA,Y,SBrkr,958,0,0,958,143750
CBlock,Gd,Gd,No,Rec,297,Unf,0,556,853,GasA,TA,Y,SBrkr,1549,1178,0,2727,315000
BrkTil,TA,TA,No,BLQ,645,Unf,0,270,915,GasA,TA,Y,SBrkr,1167,0,0,1167,144000
CBlock,TA,TA,Gd,BLQ,536,Rec,117,169,822,GasA,Gd,Y,SBrkr,1020,831,0,1851,187000
CBlock,TA,TA,No,Unf,0,Unf,0,1252,1252,GasA,Ex,Y,SBrkr,1252,0,0,1252,142000
Slab,,,,,0,,0,0,0,GasA,Gd,N,SBrkr,672,240,0,912,80500
PConc,Gd,TA,No,GLQ,732,Unf,0,308,1040,GasA,Gd,Y,SBrkr,1040,0,0,1040,152000
PConc,Gd,TA,No,GLQ,436,Unf,0,320,756,GasA,Ex,Y,SBrkr,769,756,0,1525,177000
PConc,Gd,TA,No,GLQ,281,Unf,0,747,1028,GasA,Ex,Y,SBrkr,1210,1242,0,2452,267000
PConc,Gd,TA,No,GLQ,1231,Unf,0,1969,3200,GasA,Ex,Y,SBrkr,3228,0,0,3228,430000
PConc,Gd,TA,Gd,GLQ,655,Unf,0,201,856,GasA,Ex,Y,SBrkr,1166,0,0,1166,190000
CBlock,TA,TA,Mn,Rec,196,Unf,0,844,1040,GasA,Ex,Y,SBrkr,1168,678,0,1846,143000
CBlock,Gd,TA,No,ALQ,788,Unf,0,268,1056,GasA,Ex,Y,SBrkr,1074,0,0,1074,153500
PConc,Gd,TA,No,Unf,0,Unf,0,1264,1264,GasA,Ex,Y,SBrkr,1277,1067,0,2344,265000
CBlock,TA,TA,No,ALQ,220,Unf,0,625,845,GasA,TA,Y,SBrkr,893,0,0,893,135000
PConc,Gd,TA,Gd,GLQ,994,Unf,0,484,1478,GasA,Ex,Y,SBrkr,1493,0,0,1493,208900
PConc,Ex,TA,No,Unf,0,Unf,0,774,774,GasA,Ex,Y,SBrkr,774,1194,0,1968,269500
CBlock,TA,TA,No,ALQ,578,Unf,0,426,1004,GasA,Ex,Y,SBrkr,1004,0,0,1004,149000
CBlock,Fa,Fa,Mn,Unf,0,Unf,0,810,810,GasA,Fa,Y,FuseA,1002,454,0,1456,91500
BrkTil,Gd,TA,No,Rec,300,Unf,0,765,1065,GasA,Ex,Y,FuseA,915,720,0,1635,210000
CBlock,TA,TA,No,Unf,0,Unf,0,912,912,GasA,TA,Y,SBrkr,912,546,0,1458,97500
PConc,Ex,TA,No,GLQ,883,Unf,0,341,1224,GasA,Ex,Y,SBrkr,1224,0,0,1224,165000
PConc,Gd,TA,Gd,GLQ,16,Unf,0,1346,1362,GasA,Ex,Y,SBrkr,1506,0,0,1506,213490
CBlock,TA,Fa,No,LwQ,756,Unf,0,1380,2136,GasA,TA,N,FuseA,2136,0,0,2136,137900
PConc,Gd,TA,No,ALQ,604,Unf,0,92,696,GasA,Ex,Y,SBrkr,696,720,0,1416,155000
PConc,Ex,TA,Gd,GLQ,1282,Unf,0,1351,2633,GasA,Ex,Y,SBrkr,2633,0,0,2633,466500
PConc,Gd,TA,No,Unf,0,Unf,0,1468,1468,GasA,Ex,Y,SBrkr,1468,0,0,1468,244600
CBlock,TA,TA,No,BLQ,570,Unf,0,203,773,GasA,Gd,Y,SBrkr,773,0,0,773,110000
CBlock,TA,TA,No,Unf,0,Unf,0,630,630,GasA,TA,Y,SBrkr,630,672,0,1302,112000
CBlock,TA,TA,Mn,BLQ,234,Rec,486,180,900,GasA,TA,Y,SBrkr,900,0,0,900,134800
PConc,TA,TA,No,Unf,0,Unf,0,884,884,GasA,Gd,Y,SBrkr,904,0,0,904,119000
CBlock,TA,TA,Av,Rec,1110,Unf,0,734,1844,GasA,Gd,Y,SBrkr,1844,0,0,1844,223000
PConc,Gd,TA,Av,GLQ,16,Unf,0,1357,1373,GasA,Ex,Y,SBrkr,1555,0,0,1555,192500
CBlock,TA,TA,No,Rec,1213,Unf,0,84,1297,GasA,Gd,Y,SBrkr,1297,0,0,1297,153000
Slab,,,,,0,,0,0,0,Wall,TA,N,FuseF,1088,441,0,1529,98000
Slab,,,,,0,,0,0,0,GasA,Ex,Y,FuseA,1733,0,0,1733,139600
PConc,Gd,TA,No,GLQ,426,Unf,0,406,832,GasA,Ex,Y,SBrkr,832,878,0,1710,187000
CBlock,Gd,TA,No,Unf,0,Unf,0,585,585,GasA,Ex,Y,SBrkr,1140,728,0,1868,178000
CBlock,TA,TA,No,ALQ,936,Unf,0,190,1126,GasA,Fa,Y,SBrkr,1126,0,0,1126,160000
PConc,Gd,TA,No,GLQ,239,Unf,0,312,551,GasA,Ex,Y,SBrkr,551,551,0,1102,148800
BrkTil,TA,TA,No,Unf,0,Unf,0,896,896,GasA,Gd,Y,SBrkr,1172,741,0,1913,177000
PConc,Gd,Gd,Av,GLQ,1154,Unf,0,366,1520,GasA,Ex,Y,SBrkr,1567,0,0,1567,264561
CBlock,TA,TA,No,Rec,504,Unf,0,546,1050,GasA,Gd,Y,SBrkr,1050,0,0,1050,128900
PConc,Gd,TA,No,Unf,0,Unf,0,1580,1580,GasA,Ex,Y,SBrkr,1580,0,0,1580,235128
PConc,Gd,TA,Mn,GLQ,936,Unf,0,364,1300,GasA,Ex,Y,SBrkr,1314,0,0,1314,229456
BrkTil,Gd,TA,No,LwQ,493,Unf,0,1017,1510,GasW,Ex,Y,SBrkr,1584,1208,0,2792,256000
PConc,Gd,TA,Gd,GLQ,462,Unf,0,154,616,GasA,Gd,Y,SBrkr,616,1072,0,1688,200000
PConc,Gd,TA,No,BLQ,660,Unf,0,572,1232,GasA,TA,Y,SBrkr,1232,0,0,1232,162500
CBlock,Gd,TA,No,ALQ,285,Unf,0,276,561,GasA,TA,Y,SBrkr,561,668,0,1229,124000
CBlock,Fa,TA,Mn,BLQ,440,Unf,0,538,978,GasA,TA,Y,SBrkr,1014,685,0,1699,95000
CBlock,Fa,TA,No,Unf,0,Unf,0,936,936,GasA,TA,N,SBrkr,936,0,0,936,93000
PConc,Gd,TA,No,Unf,0,Unf,0,847,847,GasA,Ex,Y,SBrkr,847,1101,0,1948,195000
PConc,Ex,TA,No,GLQ,1170,Unf,0,292,1462,GasA,Ex,Y,SBrkr,1462,762,0,2224,350000
CBlock,TA,TA,No,BLQ,284,Unf,0,717,1001,GasA,TA,N,FuseA,1001,1001,0,2002,145000
CBlock,TA,TA,No,Rec,416,Unf,0,409,825,GasA,Gd,Y,SBrkr,1097,896,0,1993,190000
PConc,Gd,TA,No,GLQ,700,Unf,0,216,916,GasA,Ex,Y,SBrkr,920,941,0,1861,200000
CBlock,TA,TA,No,ALQ,991,Unf,0,50,1041,GasA,Ex,Y,SBrkr,1041,0,0,1041,124500
BrkTil,TA,TA,No,Unf,0,Unf,0,960,960,GasA,TA,N,SBrkr,986,0,0,986,102000
PConc,Gd,TA,No,Unf,0,Unf,0,1405,1405,GasA,Ex,Y,SBrkr,1405,0,0,1405,171750
PConc,Gd,TA,No,Unf,0,Unf,0,1226,1226,GasA,Ex,Y,SBrkr,1226,0,0,1226,198900
BrkTil,TA,Gd,Mn,Rec,210,ALQ,606,0,816,GasA,Ex,Y,SBrkr,838,0,0,838,130000
BrkTil,TA,Fa,No,Rec,203,Unf,0,661,864,GasA,TA,N,FuseF,864,0,0,864,58500
CBlock,TA,TA,No,GLQ,288,Unf,0,718,1006,GasA,TA,Y,SBrkr,1006,0,0,1006,80000
CBlock,Ex,TA,Gd,GLQ,1810,Unf,0,32,1842,GasA,Gd,Y,SBrkr,1842,0,0,1842,385000
PConc,Ex,TA,Gd,GLQ,1400,Unf,0,310,1710,GasA,Ex,Y,SBrkr,1710,0,0,1710,372402
PConc,Gd,TA,No,Unf,0,Unf,0,1141,1141,GasA,Gd,Y,SBrkr,1165,1098,0,2263,258000
PConc,TA,TA,No,Unf,0,Unf,0,777,777,GasA,Gd,Y,SBrkr,1246,1044,0,2290,122500
PConc,TA,TA,No,ALQ,419,Rec,306,375,1100,GasA,TA,Y,SBrkr,1100,0,0,1100,141000
CBlock,TA,TA,Mn,BLQ,865,Unf,0,340,1205,GasA,Ex,Y,SBrkr,2117,0,0,2117,237500
CBlock,TA,TA,No,Unf,0,Unf,0,672,672,GasA,Ex,Y,FuseA,960,0,0,960,112000
BrkTil,TA,TA,No,Unf,0,Unf,0,952,952,GasA,Gd,Y,FuseF,1022,752,0,1774,129900
CBlock,TA,Fa,No,BLQ,336,Unf,0,746,1082,GasA,TA,Y,SBrkr,1082,0,0,1082,119200
CBlock,TA,TA,No,GLQ,144,ALQ,608,172,924,GasA,Ex,Y,SBrkr,1122,0,0,1122,147000
PConc,Gd,TA,Mn,GLQ,616,Unf,0,722,1338,GasA,Ex,Y,SBrkr,1338,0,0,1338,213500
PConc,Ex,TA,No,ALQ,742,Unf,0,130,872,GasA,Ex,Y,SBrkr,888,868,0,1756,204000
CBlock,Gd,TA,Gd,LwQ,270,ALQ,580,452,1302,GasA,Ex,Y,SBrkr,1302,0,0,1302,158000
BrkTil,TA,TA,No,ALQ,285,Unf,0,666,951,GasA,Ex,N,SBrkr,951,0,0,951,106500
CBlock,TA,Fa,No,BLQ,309,Unf,0,174,483,GasA,TA,Y,SBrkr,483,504,0,987,83000
PConc,Ex,Gd,No,ALQ,980,Unf,0,110,1090,GasA,Gd,Y,SBrkr,1090,0,0,1090,157000
CBlock,TA,TA,No,LwQ,408,BLQ,420,156,984,GasA,Ex,Y,SBrkr,984,620,0,1604,117000
PConc,Gd,TA,No,GLQ,420,Unf,0,336,756,GasA,Ex,Y,SBrkr,756,756,0,1512,168500
BrkTil,TA,TA,No,Unf,0,Unf,0,972,972,GasA,Gd,Y,SBrkr,972,605,0,1577,140200
CBlock,TA,TA,Gd,LwQ,125,ALQ,1031,36,1192,GasA,TA,Y,SBrkr,1516,651,0,2167,294000
CBlock,Gd,Gd,Av,ALQ,506,Unf,0,0,506,GasA,TA,Y,SBrkr,1212,0,0,1212,151000
CBlock,TA,TA,Av,BLQ,716,Unf,0,253,969,GasA,TA,Y,SBrkr,969,0,0,969,122000
PConc,Gd,TA,Gd,GLQ,459,Unf,0,88,547,GasA,Ex,Y,SBrkr,1072,0,0,1072,148000
PConc,Ex,TA,Gd,GLQ,1218,Unf,0,300,1518,GasA,Ex,Y,SBrkr,1518,0,0,1518,274000
CBlock,TA,TA,No,Rec,593,Unf,0,595,1188,GasA,TA,Y,SBrkr,1188,0,0,1188,157900
PConc,Gd,TA,No,Unf,0,Unf,0,1026,1026,GasA,Ex,Y,SBrkr,1026,932,0,1958,250000
CBlock,Gd,TA,No,ALQ,559,Unf,0,510,1069,GasA,TA,Y,SBrkr,1069,0,0,1069,140000
PConc,Gd,TA,Av,Unf,0,Unf,0,1753,1753,GasA,Ex,Y,SBrkr,1788,0,0,1788,236500
CBlock,TA,Fa,No,BLQ,664,Unf,0,290,954,GasA,TA,N,FuseA,1766,648,0,2414,160000
CBlock,,,,,0,,0,0,0,Floor,TA,N,SBrkr,720,0,0,720,72500
CBlock,TA,TA,No,ALQ,662,Unf,0,599,1261,GasA,Ex,Y,SBrkr,1261,0,0,1261,163000
BrkTil,TA,TA,No,BLQ,209,Unf,0,506,715,GasA,TA,Y,FuseA,875,0,0,875,105000
PConc,TA,TA,No,Unf,0,Unf,0,672,672,GasA,Ex,Y,SBrkr,672,0,0,672,108000
CBlock,Gd,Gd,Gd,GLQ,945,Unf,0,0,945,GasA,TA,Y,SBrkr,980,0,0,980,127500
PConc,TA,TA,No,Unf,0,Unf,0,672,672,GasA,TA,Y,SBrkr,694,520,0,1214,105000
PConc,TA,TA,No,BLQ,637,Unf,0,849,1486,GasA,Ex,Y,SBrkr,1486,0,0,1486,167000
CBlock,TA,TA,No,LwQ,326,Unf,0,389,715,GasA,Fa,Y,FuseA,849,811,0,1660,188700
PConc,Gd,TA,Av,GLQ,611,Unf,0,577,1188,GasA,Ex,Y,SBrkr,1217,0,0,1217,173000
CBlock,TA,TA,No,Rec,275,Unf,0,429,704,GasA,Ex,Y,SBrkr,860,704,0,1564,174500
PConc,Gd,TA,Av,GLQ,724,Unf,0,64,788,GasA,Ex,Y,SBrkr,788,702,0,1490,184000
PConc,Gd,TA,Mn,BLQ,428,Unf,0,537,965,GasA,TA,Y,SBrkr,1940,1254,0,3194,359100
PConc,Gd,TA,Gd,GLQ,679,Unf,0,811,1490,GasA,Ex,Y,SBrkr,1501,0,0,1501,204000
PConc,Gd,TA,No,Unf,0,Unf,0,660,660,GasA,Ex,Y,SBrkr,660,660,0,1320,162000
PConc,Gd,TA,No,GLQ,854,Unf,0,371,1225,GasA,Ex,Y,SBrkr,1276,1336,0,2612,336000
PConc,TA,TA,No,GLQ,1036,LwQ,184,140,1360,GasA,Gd,Y,SBrkr,1360,1360,392,3112,235000
PConc,TA,Fa,No,Unf,0,Unf,0,795,795,GasA,TA,N,SBrkr,954,795,481,2230,118500
CBlock,Gd,TA,No,BLQ,392,Unf,0,768,1160,GasA,Ex,Y,SBrkr,1156,866,0,2022,192000
CBlock,TA,TA,No,ALQ,795,Unf,0,0,795,GasA,Fa,Y,SBrkr,1468,795,0,2263,235000
PConc,Gd,TA,No,Unf,0,Unf,0,935,935,GasA,Gd,Y,SBrkr,955,677,0,1632,176500
PConc,Gd,TA,No,GLQ,786,Unf,0,474,1260,GasA,Ex,Y,SBrkr,1288,0,0,1288,245500
CBlock,TA,TA,No,BLQ,570,Unf,0,510,1080,GasA,Gd,Y,SBrkr,1080,0,0,1080,136000
PConc,Gd,TA,Av,GLQ,340,Unf,0,1342,1682,GasA,Ex,Y,SBrkr,1700,0,0,1700,200000
BrkTil,Fa,TA,No,LwQ,617,Unf,0,0,617,GasA,Gd,Y,SBrkr,865,445,0,1310,112000
CBlock,Gd,TA,No,BLQ,442,Unf,0,625,1067,GasA,TA,Y,SBrkr,1067,0,0,1067,128000
Stone,Fa,TA,No,Unf,0,Unf,0,1020,1020,GasA,Gd,N,FuseP,908,1020,0,1928,137000
CBlock,Gd,TA,No,BLQ,790,LwQ,469,133,1392,GasA,TA,Y,SBrkr,1392,1392,0,2784,250000
PConc,Gd,TA,Av,GLQ,975,Unf,0,133,1108,GasA,Ex,Y,SBrkr,1108,989,0,2097,274300
BrkTil,TA,TA,Av,ALQ,538,Unf,0,278,816,GasA,Ex,Y,SBrkr,816,0,0,816,120500
PConc,Gd,TA,Av,GLQ,985,Unf,0,595,1580,GasA,Ex,Y,SBrkr,1079,874,0,1953,240000
PConc,Gd,TA,No,GLQ,1158,Unf,0,343,1501,GasA,Ex,Y,SBrkr,1659,0,0,1659,278000
CBlock,TA,TA,Mn,ALQ,306,Rec,1085,372,1763,GasA,TA,Y,SBrkr,1779,0,0,1779,170000
PConc,Gd,TA,Av,GLQ,16,Unf,0,1232,1248,GasA,Ex,Y,SBrkr,1248,0,0,1248,167240
PConc,Gd,TA,No,GLQ,738,Unf,0,319,1057,GasA,Ex,Y,SBrkr,1057,872,0,1929,226000
CBlock,Gd,TA,Gd,ALQ,978,Unf,0,284,1262,GasA,Ex,Y,SBrkr,1262,0,0,1262,181500
PConc,Ex,TA,Av,GLQ,984,Unf,0,280,1264,GasA,Ex,Y,SBrkr,1282,1414,0,2696,383970
CBlock,TA,TA,No,GLQ,553,BLQ,117,224,894,GasA,Ex,Y,SBrkr,894,0,0,894,138500
BrkTil,Fa,TA,No,Unf,0,Unf,0,482,482,GasA,Ex,N,SBrkr,1221,691,0,1912,163000
CBlock,TA,TA,No,BLQ,641,Unf,0,187,828,GasA,Gd,Y,SBrkr,965,0,0,965,119900
CBlock,TA,TA,Av,Unf,0,Unf,0,912,912,GasA,TA,Y,SBrkr,912,912,0,1824,139000
PConc,Gd,TA,Gd,Unf,0,Unf,0,1753,1753,GasA,Ex,Y,SBrkr,1787,0,0,1787,275000
CBlock,TA,TA,No,ALQ,133,Unf,0,1307,1440,GasA,TA,N,FuseF,1440,0,0,1440,118000
CBlock,TA,TA,No,BLQ,280,Unf,0,752,1032,GasA,TA,Y,FuseA,1032,220,0,1252,119000
PConc,Gd,TA,Gd,GLQ,1314,Unf,0,672,1986,GasA,Ex,Y,SBrkr,1987,0,0,1987,301500
CBlock,Gd,TA,Av,BLQ,920,Rec,180,38,1138,GasA,TA,Y,SBrkr,1181,0,0,1181,137500
PConc,Gd,TA,No,Unf,0,Unf,0,936,936,GasA,Ex,Y,SBrkr,962,830,0,1792,186500
PConc,Fa,TA,No,Unf,0,Unf,0,864,864,GasA,Ex,Y,SBrkr,864,0,0,864,99900
CBlock,TA,TA,Mn,ALQ,776,Unf,0,344,1120,GasA,Gd,Y,SBrkr,1128,0,0,1128,155000
PConc,Gd,TA,Av,Unf,0,Unf,0,1088,1088,GasA,Ex,Y,SBrkr,1088,871,0,1959,270000
CBlock,TA,TA,No,Unf,0,Unf,0,756,756,GasA,TA,Y,SBrkr,1051,788,0,1839,155000
PConc,TA,TA,No,Unf,0,Unf,0,876,876,GasA,TA,Y,SBrkr,904,0,0,904,109900
CBlock,Gd,TA,Mn,LwQ,532,Rec,144,364,1040,GasA,TA,Y,SBrkr,1040,0,0,1040,150500
CBlock,Gd,TA,No,Unf,0,Unf,0,918,918,GasA,TA,Y,SBrkr,918,0,0,918,99500
CBlock,TA,TA,Av,BLQ,674,LwQ,132,350,1156,GasA,Ex,Y,SBrkr,1520,0,0,1520,153000
CBlock,TA,TA,No,ALQ,822,Unf,0,564,1386,GasA,TA,Y,SBrkr,1411,0,0,1411,82500
BrkTil,Gd,TA,No,Rec,319,Unf,0,416,735,OthW,Fa,N,SBrkr,1134,924,0,2058,129500
CBlock,Gd,TA,Av,Unf,0,Unf,0,697,697,GasA,TA,Y,SBrkr,1575,626,0,2201,274970
PConc,Gd,TA,No,Unf,0,Unf,0,746,746,GasA,Ex,Y,SBrkr,760,896,0,1656,165400
PConc,Gd,TA,Gd,GLQ,1443,Unf,0,39,1482,GasA,Ex,Y,SBrkr,1494,0,0,1494,215000
CBlock,Gd,TA,No,Unf,0,Unf,0,650,650,GasA,TA,Y,SBrkr,888,676,0,1564,171000
CBlock,TA,TA,No,ALQ,282,LwQ,35,664,981,GasA,TA,Y,SBrkr,981,0,0,981,143250
PConc,TA,Fa,No,Unf,0,Unf,0,602,602,GasA,TA,Y,SBrkr,900,602,0,1502,165000
CBlock,TA,TA,No,Rec,895,Unf,0,197,1092,GasA,TA,Y,FuseA,1092,0,0,1092,141000
BrkTil,TA,TA,No,Rec,182,Unf,0,611,793,GasA,Ex,Y,SBrkr,848,672,0,1520,159434
CBlock,TA,TA,Av,LwQ,328,ALQ,551,285,1164,GasA,Ex,Y,SBrkr,1320,0,0,1320,164500
PConc,Ex,TA,Mn,GLQ,1039,Unf,0,797,1836,GasA,Ex,Y,SBrkr,1836,0,0,1836,280000
CBlock,TA,TA,No,Unf,0,Unf,0,925,925,GasA,TA,N,FuseF,964,925,0,1889,122000
BrkTil,TA,TA,No,Rec,821,Unf,0,299,1120,GasA,Ex,Y,SBrkr,1130,0,0,1130,120000
PConc,Gd,TA,No,GLQ,719,Unf,0,660,1379,GasA,Ex,Y,SBrkr,1383,1015,0,2398,315750
CBlock,TA,TA,Mn,Rec,297,LwQ,557,0,854,GasA,TA,Y,SBrkr,1096,895,0,1991,220000
PConc,Ex,TA,Av,GLQ,1260,Unf,0,578,1838,GasA,Ex,Y,SBrkr,1838,0,0,1838,315000
CBlock,TA,TA,No,ALQ,371,Unf,0,292,663,GasA,TA,Y,SBrkr,663,689,0,1352,158000
PConc,Gd,TA,No,GLQ,919,Unf,0,801,1720,GasA,Ex,Y,SBrkr,1720,0,0,1720,260400
CBlock,TA,TA,No,Rec,319,Unf,0,539,858,GasA,Ex,Y,SBrkr,858,858,0,1716,171000
CBlock,TA,TA,No,ALQ,588,Unf,0,411,999,GasA,Gd,Y,SBrkr,999,0,0,999,132500
PConc,Gd,Gd,No,ALQ,310,Unf,0,370,680,GasA,Gd,Y,SBrkr,680,790,0,1470,185000
PConc,Gd,TA,No,GLQ,1024,Unf,0,108,1132,GasA,Ex,Y,SBrkr,1132,0,0,1132,176000
BrkTil,Gd,TA,Mn,Unf,0,Unf,0,1163,1163,GasA,Ex,Y,SBrkr,1163,511,0,1674,185000
PConc,Gd,TA,No,GLQ,266,Unf,0,1139,1405,GasA,Ex,Y,SBrkr,1337,0,0,1337,181000
PConc,Gd,TA,No,Unf,0,Unf,0,1349,1349,GasA,Ex,Y,SBrkr,1349,0,0,1349,179000
CBlock,TA,TA,No,BLQ,1148,Unf,0,0,1148,GasA,TA,Y,SBrkr,1148,0,0,1148,132500
CBlock,TA,TA,No,LwQ,226,Rec,500,192,918,GasA,Gd,Y,SBrkr,918,765,0,1683,172500
CBlock,TA,TA,No,Unf,0,Unf,0,546,546,GasA,TA,Y,SBrkr,798,546,0,1344,97000
CBlock,TA,TA,No,Unf,0,Unf,0,1140,1140,GasA,TA,Y,SBrkr,1696,0,0,1696,143900
Slab,,,,,0,,0,0,0,GasA,TA,Y,SBrkr,882,0,0,882,106500
PConc,Gd,TA,No,Unf,0,Unf,0,712,712,GasA,Ex,Y,SBrkr,1086,809,0,1895,194500
CBlock,TA,TA,No,Unf,0,Unf,0,894,894,GasA,Gd,N,SBrkr,894,0,0,894,109500
CBlock,TA,TA,No,ALQ,540,Unf,0,324,864,GasA,TA,Y,SBrkr,876,936,0,1812,169500
CBlock,Gd,TA,No,GLQ,394,Unf,0,586,980,GasA,TA,Y,SBrkr,980,734,0,1714,196500
PConc,Gd,TA,No,GLQ,814,Unf,0,300,1114,GasA,Ex,Y,SBrkr,1114,0,0,1114,155000
PConc,Gd,TA,Av,Unf,0,Unf,0,1689,1689,GasA,Ex,Y,SBrkr,1689,0,0,1689,248328
CBlock,TA,TA,No,Rec,368,BLQ,41,359,768,GasA,TA,Y,SBrkr,968,408,0,1376,105000
CBlock,Gd,TA,Gd,GLQ,1410,Unf,0,542,1952,GasA,Gd,Y,SBrkr,2000,704,0,2704,345000
PConc,Gd,TA,Av,GLQ,990,Unf,0,309,1299,GasA,Ex,Y,SBrkr,1299,573,0,1872,261500
CBlock,TA,TA,Gd,BLQ,696,Unf,0,162,858,GasA,Gd,Y,SBrkr,858,0,0,858,116500
CBlock,TA,TA,No,ALQ,375,BLQ,239,250,864,GasA,TA,Y,SBrkr,864,0,0,864,120500
PConc,Gd,TA,Av,GLQ,1059,Unf,0,567,1626,GasA,Ex,Y,SBrkr,1668,0,0,1668,285000
BrkTil,TA,TA,No,ALQ,108,Unf,0,350,458,GasA,Fa,N,SBrkr,835,0,0,835,83000
CBlock,TA,TA,No,LwQ,812,Unf,0,124,936,GasA,TA,Y,SBrkr,1128,0,0,1128,118000
BrkTil,TA,TA,No,Unf,0,Unf,0,1064,1064,GasA,Ex,Y,FuseA,1166,0,473,1639,115000
CBlock,TA,TA,No,ALQ,698,GLQ,96,420,1214,GasA,Ex,Y,SBrkr,1214,0,0,1214,140000
CBlock,TA,TA,No,Rec,298,Unf,0,429,727,GasA,Ex,Y,SBrkr,829,727,0,1556,154000
PConc,Gd,TA,Av,GLQ,659,Unf,0,705,1364,GasA,Ex,Y,SBrkr,1364,0,0,1364,185850
PConc,Gd,TA,No,Unf,0,Unf,0,964,964,GasA,Gd,Y,SBrkr,993,1243,0,2236,222000
CBlock,Gd,TA,Gd,GLQ,975,Unf,0,0,975,GasA,TA,Y,SBrkr,1004,0,0,1004,135000
PConc,Gd,TA,No,Unf,0,Unf,0,1121,1121,GasA,Ex,Y,SBrkr,1121,0,0,1121,140000
CBlock,TA,TA,No,Rec,570,Unf,0,891,1461,GasA,Gd,Y,SBrkr,1721,0,0,1721,180000
PConc,Gd,TA,Av,Unf,0,Unf,0,1316,1316,GasA,Ex,Y,SBrkr,1316,0,0,1316,200141
CBlock,TA,TA,No,Rec,643,Unf,0,445,1088,GasA,Ex,Y,SBrkr,1324,0,0,1324,160000
CBlock,Gd,TA,Av,GLQ,1036,Unf,0,184,1220,GasA,Gd,Y,SBrkr,1360,0,0,1360,187500
CBlock,TA,TA,No,Unf,0,Unf,0,1194,1194,GasA,TA,Y,SBrkr,1194,0,0,1194,148000
PConc,Ex,TA,Av,GLQ,1445,Unf,0,411,1856,GasA,Ex,Y,SBrkr,1856,0,0,1856,394432
CBlock,TA,TA,No,BLQ,450,Unf,0,432,882,GasA,TA,Y,SBrkr,900,0,0,900,122000
BrkTil,TA,TA,No,ALQ,312,Unf,0,444,756,GasA,Fa,N,FuseF,756,378,0,1134,126000
PConc,Ex,TA,No,ALQ,690,Unf,0,114,804,GasA,Ex,Y,SBrkr,804,1157,0,1961,215000
PConc,TA,Gd,No,GLQ,816,Unf,0,0,816,GasA,Ex,Y,SBrkr,816,0,0,816,138000
CBlock,Gd,TA,No,BLQ,492,Unf,0,402,894,GasA,Gd,Y,SBrkr,894,0,0,894,129000
CBlock,TA,TA,No,BLQ,334,Unf,0,212,546,GasA,TA,Y,SBrkr,546,546,0,1092,83500
CBlock,TA,TA,Mn,Rec,500,Unf,0,594,1094,GasA,Ex,Y,SBrkr,1094,0,0,1094,155000
PConc,TA,TA,No,ALQ,296,GLQ,547,230,1073,GasA,Ex,Y,SBrkr,1811,0,0,1811,230000
BrkTil,,,,,0,,0,0,0,GasA,TA,N,FuseA,694,600,0,1294,106250
PConc,Gd,TA,No,GLQ,739,Unf,0,318,1057,GasA,Ex,Y,SBrkr,1057,977,0,2034,219500
CBlock,TA,TA,No,BLQ,733,Unf,0,520,1253,GasA,TA,Y,SBrkr,1253,0,0,1253,157000
Wood,Gd,TA,No,LwQ,1216,Unf,0,0,1216,GasA,Ex,Y,SBrkr,1298,1216,0,2514,250000
CBlock,TA,TA,Mn,BLQ,740,Rec,230,184,1154,GasA,Ex,Y,SBrkr,1154,0,0,1154,154000
PConc,Gd,TA,No,Unf,0,Unf,0,728,728,GasA,Gd,Y,SBrkr,728,728,0,1456,172785
PConc,Gd,TA,No,Unf,0,Unf,0,982,982,GasA,Ex,Y,SBrkr,1007,793,0,1800,179000
CBlock,Fa,TA,No,Unf,0,Unf,0,660,660,GasA,Ex,Y,SBrkr,808,704,144,1656,135000
PConc,Gd,TA,Mn,GLQ,1163,Unf,0,89,1252,GasA,Ex,Y,SBrkr,1268,1097,0,2365,337000
PConc,Gd,TA,Mn,GLQ,946,Unf,0,490,1436,GasA,Ex,Y,SBrkr,1436,0,0,1436,210000
PConc,Gd,TA,Av,ALQ,539,Unf,0,490,1029,GasA,TA,Y,SBrkr,1062,0,0,1062,146800
CBlock,Fa,TA,No,ALQ,626,Unf,0,170,796,GasA,Gd,Y,SBrkr,1096,370,0,1466,170000
CBlock,TA,TA,Av,ALQ,899,Unf,0,210,1109,GasA,TA,Y,SBrkr,1155,0,0,1155,148000
PConc,Gd,TA,Av,GLQ,810,Unf,0,726,1536,GasA,Ex,Y,SBrkr,1536,0,0,1536,214000
CBlock,Gd,TA,Gd,ALQ,523,Unf,0,448,971,GasA,TA,Y,SBrkr,971,0,0,971,128500
CBlock,TA,TA,Av,GLQ,819,Unf,0,184,1003,GasA,TA,Y,SBrkr,1003,0,0,1003,142500
PConc,Gd,TA,Gd,GLQ,690,Unf,0,814,1504,GasA,Ex,Y,SBrkr,1504,0,0,1504,203000
CBlock,TA,TA,No,Rec,220,Unf,0,708,928,GasA,Gd,Y,FuseA,928,992,0,1920,137000
CBlock,TA,TA,No,ALQ,916,Unf,0,326,1242,GasA,Fa,Y,SBrkr,1242,0,0,1242,175500
Stone,TA,Gd,No,GLQ,275,Unf,0,877,1152,GasA,Ex,Y,SBrkr,1188,1152,0,2340,266500
PConc,Gd,TA,No,Unf,0,Unf,0,1649,1649,GasA,Ex,Y,SBrkr,1661,0,0,1661,224900
CBlock,TA,Gd,No,BLQ,751,Unf,0,392,1143,GasA,TA,Y,SBrkr,1113,0,0,1113,148000
CBlock,TA,TA,No,ALQ,384,Unf,0,363,747,GasA,TA,Y,SBrkr,774,456,0,1230,121600
CBlock,TA,TA,No,ALQ,641,LwQ,279,276,1196,GasA,TA,Y,SBrkr,1279,0,0,1279,171500
PConc,Ex,TA,Av,GLQ,1016,Unf,0,556,1572,GasA,Ex,Y,SBrkr,1572,1096,0,2668,412500
CBlock,TA,TA,No,BLQ,152,Unf,0,628,780,GasA,TA,Y,FuseA,848,0,360,1208,103000
PConc,Gd,TA,Av,GLQ,24,Unf,0,1286,1310,GasA,Ex,Y,SBrkr,1310,0,0,1310,164990
PConc,Ex,Gd,No,Unf,0,Unf,0,1234,1234,GasA,Ex,Y,SBrkr,1264,1312,0,2576,361919
CBlock,Gd,TA,Gd,GLQ,936,Unf,0,0,936,GasA,TA,Y,SBrkr,936,0,0,936,140000
PConc,Gd,TA,No,Unf,0,Unf,0,806,806,GasA,TA,N,FuseF,841,806,0,1647,128000
PConc,Gd,TA,Av,GLQ,684,Unf,0,515,1199,GasA,Ex,Y,SBrkr,1220,0,0,1220,194000
CBlock,TA,TA,No,LwQ,138,Rec,468,276,882,GasA,TA,Y,SBrkr,882,0,0,882,112500
CBlock,TA,TA,No,Unf,0,Unf,0,630,630,GasA,TA,Y,SBrkr,630,672,0,1302,106000
PConc,Gd,TA,No,Unf,0,Unf,0,1424,1424,GasA,Ex,Y,SBrkr,1442,0,0,1442,180500
PConc,Ex,TA,No,GLQ,1153,Unf,0,408,1561,GasA,Ex,Y,SBrkr,1561,0,0,1561,277500
PConc,Ex,TA,No,GLQ,866,Unf,0,338,1204,GasA,Ex,Y,SBrkr,1204,0,0,1204,162000
BrkTil,TA,TA,No,Rec,141,Unf,0,548,689,GasA,Ex,Y,SBrkr,689,689,0,1378,161000
PConc,Gd,TA,Av,GLQ,697,Unf,0,151,848,GasA,Ex,Y,SBrkr,848,0,0,848,149300
PConc,Gd,TA,Av,GLQ,1400,Unf,0,125,1525,GasA,Ex,Y,SBrkr,1525,0,0,1525,235000
CBlock,TA,TA,No,Rec,600,Unf,0,635,1235,GasA,TA,Y,SBrkr,1235,0,0,1235,98600
PConc,Gd,TA,No,Unf,0,Unf,0,616,616,GasA,Ex,Y,SBrkr,616,796,0,1412,156932
Slab,,,,,0,,0,0,0,GasA,TA,Y,SBrkr,1120,1120,0,2240,142953
PConc,Gd,TA,No,GLQ,728,Unf,0,367,1095,GasA,Ex,Y,SBrkr,1166,1129,0,2295,268000
PConc,Gd,TA,Av,BLQ,370,GLQ,972,315,1657,GasA,Ex,Y,SBrkr,1668,0,0,1668,232000
PConc,Gd,TA,Av,GLQ,20,Unf,0,1594,1614,GasA,Ex,Y,SBrkr,1614,0,0,1614,221500
CBlock,TA,TA,No,ALQ,329,Unf,0,357,686,GasA,Gd,Y,SBrkr,866,0,0,866,110500
PConc,Gd,TA,Av,Unf,0,Unf,0,1494,1494,GasA,Ex,Y,SBrkr,1494,0,0,1494,279500
PConc,Gd,TA,No,GLQ,425,Unf,0,291,716,GasA,Ex,Y,SBrkr,716,716,0,1432,188500
PConc,Gd,TA,Av,GLQ,546,Unf,0,512,1058,GasA,Ex,Y,SBrkr,1058,846,0,1904,275000
CBlock,TA,TA,Av,ALQ,631,Unf,0,410,1041,GasA,Ex,Y,SBrkr,1125,0,0,1125,125000
PConc,Gd,TA,Gd,GLQ,547,Unf,0,0,547,GasA,Gd,Y,SBrkr,1072,0,0,1072,140000
CBlock,TA,TA,No,LwQ,379,BLQ,768,470,1617,GasA,Ex,Y,FuseA,1867,0,0,1867,190000
BrkTil,TA,TA,No,BLQ,156,Unf,0,516,672,GasA,TA,N,SBrkr,810,672,0,1482,140000
PConc,Ex,TA,Av,Unf,0,Unf,0,1158,1158,GasA,Ex,Y,SBrkr,1158,1218,0,2376,325300
CBlock,,,,,0,,0,0,0,GasA,Gd,Y,SBrkr,1048,0,0,1048,98300
CBlock,TA,TA,Gd,ALQ,454,Unf,0,410,864,GasA,TA,Y,SBrkr,902,918,0,1820,201800
PConc,Gd,TA,No,Unf,0,Unf,0,600,600,GasA,Ex,Y,SBrkr,520,600,80,1200,151000
PConc,Ex,TA,Gd,Unf,0,Unf,0,2002,2002,GasA,Ex,Y,SBrkr,2018,0,0,2018,378500
CBlock,TA,TA,No,BLQ,290,Unf,0,706,996,GasA,Ex,Y,SBrkr,996,0,0,996,108000
PConc,Gd,TA,Av,GLQ,686,Unf,0,162,848,GasA,Ex,Y,SBrkr,848,0,0,848,136500
PConc,Gd,TA,No,Unf,0,Unf,0,874,874,GasA,Ex,Y,SBrkr,874,887,0,1761,227875
CBlock,TA,TA,No,Rec,417,Unf,0,640,1057,GasA,TA,Y,SBrkr,1057,0,0,1057,132000
PConc,Ex,TA,Av,GLQ,1153,Unf,0,440,1593,GasA,Ex,Y,SBrkr,1593,0,0,1593,286000
PConc,Gd,TA,No,GLQ,641,Unf,0,32,673,GasA,Ex,Y,SBrkr,673,709,0,1382,165000
PConc,Gd,TA,Mn,GLQ,16,Unf,0,1375,1391,GasA,Ex,Y,SBrkr,1391,0,0,1391,196000
CBlock,TA,TA,No,BLQ,650,Rec,180,178,1008,GasA,Ex,Y,SBrkr,1363,0,0,1363,164900
PConc,Gd,TA,No,Unf,0,Unf,0,1459,1459,GasA,Ex,Y,SBrkr,1459,0,0,1459,192000
PConc,Gd,TA,Av,GLQ,1196,Unf,0,298,1494,GasA,Ex,Y,SBrkr,1652,0,0,1652,251000
CBlock,Gd,Gd,Gd,GLQ,505,LwQ,435,0,940,GasA,TA,Y,SBrkr,1026,0,0,1026,147000
Stone,TA,Fa,No,Unf,0,Unf,0,1240,1240,GasW,TA,N,SBrkr,1320,1320,0,2640,265979
PConc,Gd,TA,No,Unf,0,Unf,0,798,798,GasA,Ex,Y,SBrkr,798,842,0,1640,173000
PConc,TA,TA,No,Unf,0,Unf,0,637,637,GasA,Ex,Y,FuseF,1108,0,0,1108,139400
CBlock,TA,TA,No,Unf,0,Unf,0,693,693,Grav,Fa,N,FuseA,693,0,0,693,52500
CBlock,TA,TA,No,LwQ,185,Unf,0,524,709,GasA,TA,Y,SBrkr,979,224,0,1203,110000
CBlock,TA,TA,Gd,Rec,1159,Unf,0,413,1572,GasA,Gd,Y,SBrkr,1572,0,0,1572,186700
PConc,Ex,TA,No,Unf,0,Unf,0,1560,1560,GasA,Ex,Y,SBrkr,1560,0,0,1560,201000
CBlock,Gd,TA,No,Rec,484,Unf,0,495,979,GasA,TA,N,FuseF,979,979,0,1958,145000
CBlock,TA,TA,No,Rec,180,LwQ,374,340,894,GasA,TA,Y,SBrkr,894,0,0,894,125000
PConc,Gd,TA,No,GLQ,24,Unf,0,1232,1256,GasA,Ex,Y,SBrkr,1269,0,0,1269,192000
PConc,Gd,TA,No,Unf,0,Unf,0,1417,1417,GasA,Ex,Y,SBrkr,1428,0,0,1428,227680
PConc,Ex,TA,Av,GLQ,1336,Unf,0,596,1932,GasA,Ex,Y,SBrkr,1932,0,0,1932,394617
PConc,Ex,TA,No,GLQ,28,Unf,0,1656,1684,GasA,Ex,Y,SBrkr,1684,0,0,1684,266000
PConc,Gd,TA,Gd,ALQ,1416,Unf,0,234,1650,GasA,Ex,Y,SBrkr,1690,1589,0,3279,538000
CBlock,TA,TA,Mn,ALQ,690,Unf,0,126,816,GasA,Ex,Y,SBrkr,816,0,0,816,100000
CBlock,TA,TA,No,Rec,445,Unf,0,479,924,GasA,Ex,Y,SBrkr,1216,941,0,2157,226000
PConc,Gd,TA,No,GLQ,505,Unf,0,299,804,GasA,Ex,Y,SBrkr,804,878,0,1682,200500
CBlock,TA,TA,No,Unf,0,Unf,0,698,698,GasA,Ex,Y,SBrkr,698,0,0,698,118000
CBlock,TA,TA,Av,BLQ,353,Rec,334,60,747,GasA,TA,Y,SBrkr,1687,0,0,1687,160000
PConc,Gd,TA,Av,Unf,0,Unf,0,612,612,GasA,Ex,Y,SBrkr,612,612,0,1224,164500
CBlock,TA,TA,No,GLQ,40,Rec,264,1424,1728,GasA,TA,Y,SBrkr,1728,0,0,1728,119000
PConc,Gd,TA,No,Unf,0,Unf,0,1141,1141,GasA,Ex,Y,SBrkr,1141,0,0,1141,142500
CBlock,TA,Gd,Gd,GLQ,778,Unf,0,499,1277,GasA,TA,Y,SBrkr,1277,0,0,1277,167000
PConc,TA,TA,No,Unf,0,Unf,0,732,732,GasA,Gd,Y,SBrkr,772,351,0,1123,100000
PConc,Gd,TA,No,ALQ,1104,Unf,0,1420,2524,GasA,TA,Y,SBrkr,2524,0,0,2524,278000
PConc,Gd,TA,No,GLQ,24,Unf,0,1290,1314,GasA,Gd,Y,SBrkr,1314,0,0,1314,176432
BrkTil,TA,TA,No,BLQ,622,Unf,0,500,1122,GasA,TA,Y,SBrkr,1328,653,0,1981,135000
CBlock,TA,TA,No,Rec,167,Unf,0,697,864,GasA,TA,Y,SBrkr,864,0,0,864,115000
BrkTil,TA,TA,No,Unf,0,Unf,0,912,912,GasA,Gd,Y,SBrkr,912,514,0,1426,189950
PConc,Gd,TA,No,Unf,0,Unf,0,1373,1373,GasA,Ex,Y,SBrkr,1555,0,0,1555,174000
