BsmtFullBath,BsmtHalfBath,FullBath,HalfBath,BedroomAbvGr,KitchenAbvGr,KitchenQual,TotRmsAbvGrd,Functional,Fireplaces,FireplaceQu,GarageType,GarageYrBlt,GarageFinish,GarageCars,GarageArea,GarageQual,GarageCond,PavedDrive,SalePrice
1,0,2,1,3,1,Gd,8,Typ,0,,Attchd,2003.0,RFn,2,548,TA,TA,Y,208500
0,1,2,0,3,1,TA,6,Typ,1,TA,Attchd,1976.0,RFn,2,460,TA,TA,Y,181500
1,0,2,1,3,1,Gd,6,Typ,1,TA,Attchd,2001.0,RFn,2,608,TA,TA,Y,223500
1,0,1,0,3,1,Gd,7,Typ,1,Gd,Detchd,1998.0,Unf,3,642,TA,TA,Y,140000
1,0,2,1,4,1,Gd,9,Typ,1,TA,Attchd,2000.0,RFn,3,836,TA,TA,Y,250000
1,0,1,1,1,1,TA,5,Typ,0,,Attchd,1993.0,Unf,2,480,TA,TA,Y,143000
1,0,2,0,3,1,Gd,7,Typ,1,Gd,Attchd,2004.0,RFn,2,636,TA,TA,Y,307000
1,0,2,1,3,1,TA,7,Typ,2,TA,Attchd,1973.0,RFn,2,484,TA,TA,Y,200000
0,0,2,0,2,2,TA,8,Min1,2,TA,Detchd,1931.0,Unf,2,468,Fa,TA,Y,129900
1,0,1,0,2,2,TA,5,Typ,2,TA,Attchd,1939.0,RFn,1,205,Gd,TA,Y,118000
1,0,1,0,3,1,TA,5,Typ,0,,Detchd,1965.0,Unf,1,384,TA,TA,Y,129500
1,0,3,0,4,1,Ex,11,Typ,2,Gd,BuiltIn,2005.0,Fin,3,736,TA,TA,Y,345000
1,0,1,0,2,1,TA,4,Typ,0,,Detchd,1962.0,Unf,1,352,TA,TA,Y,144000
0,0,2,0,3,1,Gd,7,Typ,1,Gd,Attchd,2006.0,RFn,3,840,TA,TA,Y,279500
1,0,1,1,2,1,TA,5,Typ,1,Fa,Attchd,1960.0,RFn,1,352,TA,TA,Y,157000
0,0,1,0,2,1,TA,5,Typ,0,,Detchd,1991.0,Unf,2,576,TA,TA,Y,132000
1,0,1,0,2,1,TA,5,Typ,1,TA,Attchd,1970.0,Fin,2,480,TA,TA,Y,149000
0,0,2,0,2,2,TA,6,Typ,0,,CarPort,1967.0,Unf,2,516,TA,TA,Y,90000
1,0,1,1,3,1,Gd,6,Typ,0,,Detchd,2004.0,Unf,2,576,TA,TA,Y,159000
0,0,1,0,3,1,TA,6,Min1,0,,Attchd,1958.0,Unf,1,294,TA,TA,Y,139000
0,0,3,1,4,1,Gd,9,Typ,1,Gd,BuiltIn,2005.0,RFn,3,853,TA,TA,Y,325300
0,0,1,0,3,1,Gd,6,Typ,1,Gd,Attchd,1930.0,Unf,1,280,TA,TA,N,139400
0,0,2,0,3,1,Gd,7,Typ,1,Gd,Attchd,2002.0,RFn,2,534,TA,TA,Y,230000
1,0,1,0,3,1,TA,6,Typ,1,TA,Attchd,1976.0,Unf,2,572,TA,TA,Y,129900
1,0,1,0,3,1,Gd,6,Typ,1,TA,Attchd,1968.0,Unf,1,270,TA,TA,Y,154000
0,0,2,0,3,1,Gd,7,Typ,1,Gd,Attchd,2007.0,RFn,3,890,TA,TA,Y,256300
0,1,1,0,3,1,Gd,5,Typ,0,,Detchd,2005.0,Unf,2,576,TA,TA,Y,134800
1,0,2,0,3,1,Gd,7,Typ,1,Gd,Attchd,2008.0,RFn,3,772,TA,TA,Y,306000
1,0,1,0,2,1,TA,6,Typ,2,Gd,Attchd,1957.0,RFn,1,319,TA,TA,Y,207500
0,0,1,0,1,1,Fa,4,Typ,0,,Detchd,1920.0,Unf,1,240,Fa,TA,Y,68500
0,0,1,0,3,1,TA,6,Typ,0,,Detchd,1920.0,Unf,1,250,TA,Fa,N,40000
0,0,1,1,3,1,Gd,6,Typ,0,,Attchd,1966.0,Unf,1,271,TA,TA,Y,149350
0,0,2,0,3,1,Gd,7,Typ,0,,Attchd,2007.0,RFn,2,484,TA,TA,Y,179900
0,1,1,1,4,1,Gd,6,Typ,1,Gd,Attchd,1959.0,RFn,2,447,TA,TA,Y,165500
1,0,2,0,2,1,Ex,6,Typ,1,Gd,Attchd,2005.0,Fin,2,556,TA,TA,Y,277500
0,0,3,1,4,1,Gd,9,Typ,1,Gd,BuiltIn,2004.0,Fin,3,691,TA,TA,Y,309000
0,0,1,1,3,1,TA,6,Typ,0,,Attchd,1995.0,Unf,2,672,TA,TA,Y,145000
0,1,1,0,3,1,TA,5,Typ,1,TA,Attchd,1954.0,Fin,2,498,TA,TA,Y,153000
1,0,1,0,3,1,Gd,5,Typ,0,,Detchd,1953.0,Unf,1,246,TA,TA,Y,109000
0,0,2,0,2,2,Fa,6,Typ,0,,,,,0,0,,,N,82000
0,0,2,0,3,1,TA,6,Typ,1,TA,Attchd,1965.0,RFn,2,440,TA,TA,Y,160000
0,1,1,1,2,1,TA,5,Typ,2,Gd,Attchd,1959.0,RFn,1,308,TA,TA,P,170000
1,0,1,0,2,1,Gd,5,Typ,0,,Attchd,1983.0,RFn,2,504,TA,Gd,Y,144000
1,0,1,0,3,1,TA,5,Typ,0,,Detchd,1977.0,Unf,1,308,TA,TA,Y,130250
1,0,1,0,3,1,TA,6,Typ,0,,Attchd,1959.0,RFn,1,300,TA,TA,Y,141000
1,0,2,0,2,1,Ex,6,Typ,1,Gd,Attchd,2005.0,RFn,2,576,TA,TA,Y,319900
1,0,1,1,1,1,Gd,6,Typ,1,Ex,Attchd,2003.0,RFn,2,670,TA,TA,Y,239686
0,0,2,0,3,1,Gd,7,Typ,0,,Attchd,2006.0,RFn,3,826,TA,TA,Y,249700
0,0,2,0,2,3,TA,8,Typ,0,,,,,0,0,,,N,113000
1,0,1,0,3,1,TA,6,Typ,0,,Attchd,1966.0,Unf,1,386,TA,TA,Y,127000
0,1,2,0,3,1,TA,6,Typ,0,,Attchd,1997.0,Fin,2,388,TA,TA,Y,177000
0,0,1,0,3,1,TA,6,Typ,1,Gd,Detchd,1985.0,Unf,2,528,TA,TA,Y,114500
1,0,1,0,2,1,TA,5,Typ,0,,CarPort,1963.0,Unf,2,516,TA,TA,Y,110000
2,0,0,1,0,1,Gd,5,Typ,1,Gd,Attchd,1981.0,Fin,3,894,TA,TA,Y,385000
0,0,1,0,3,1,TA,6,Min1,1,TA,Detchd,1962.0,Unf,2,572,TA,TA,Y,130000
0,0,2,0,3,1,TA,7,Typ,1,Gd,Attchd,1964.0,RFn,2,576,TA,TA,Y,180500
1,0,2,1,3,1,Gd,7,Typ,0,,Attchd,1999.0,Fin,2,480,TA,TA,Y,172500
0,0,2,1,3,1,Gd,7,Typ,0,,Attchd,2004.0,RFn,2,565,TA,TA,Y,196500
0,0,3,1,3,1,Gd,10,Typ,1,Gd,BuiltIn,2006.0,Fin,3,641,TA,TA,Y,438780
0,0,1,0,2,1,TA,4,Typ,0,,Detchd,1973.0,Unf,1,352,TA,TA,Y,124900
1,0,1,1,3,1,Gd,5,Typ,0,,Detchd,2006.0,Unf,2,576,TA,TA,Y,158000
0,0,1,0,3,1,Fa,6,Typ,0,,Detchd,1935.0,Unf,1,288,TA,TA,N,101000
0,0,2,0,2,1,Gd,6,Typ,1,Gd,Attchd,2006.0,RFn,2,484,TA,TA,Y,202500
0,0,2,0,3,1,TA,9,Typ,0,,Detchd,1990.0,Unf,2,480,TA,TA,Y,140000
1,0,2,1,3,1,Gd,8,Typ,0,,Attchd,1998.0,RFn,2,645,TA,TA,Y,219500
0,0,2,1,4,1,Gd,9,Typ,1,Gd,BuiltIn,2004.0,RFn,3,852,TA,TA,Y,317000
1,0,2,0,3,1,TA,7,Min1,1,Gd,Attchd,1970.0,RFn,2,576,TA,TA,Y,180000
1,0,2,0,3,1,Gd,7,Typ,0,,Attchd,2003.0,RFn,2,558,TA,TA,Y,226000
0,0,1,0,2,1,TA,4,Typ,0,,Attchd,1945.0,Unf,1,220,TA,TA,Y,80000
0,0,2,0,3,1,TA,7,Typ,1,TA,Attchd,1953.0,Fin,2,667,TA,TA,Y,225000
1,0,2,0,3,1,TA,8,Typ,2,Gd,Attchd,1973.0,Fin,2,516,TA,TA,Y,244000
1,0,1,0,2,1,TA,4,Typ,0,,Detchd,1987.0,Unf,2,360,TA,TA,Y,129500
0,0,2,1,3,1,TA,7,Typ,1,TA,Attchd,1998.0,Fin,2,427,TA,TA,Y,185000
1,0,1,0,3,1,TA,6,Typ,0,,Attchd,1989.0,Unf,2,490,TA,TA,Y,144900
0,0,2,0,3,2,TA,8,Typ,0,,Detchd,1915.0,Unf,1,379,TA,TA,Y,107400
1,0,1,0,2,1,TA,5,Typ,0,,BuiltIn,1973.0,Unf,1,297,TA,TA,Y,91000
0,0,1,0,2,1,TA,4,Typ,0,,Detchd,1956.0,Unf,1,283,TA,TA,Y,135750
1,0,1,0,2,1,TA,6,Min1,0,,Detchd,1948.0,Unf,1,240,TA,TA,Y,127000
0,0,2,0,4,2,TA,8,Typ,0,,,,,0,0,,,Y,136500
0,0,1,1,2,1,TA,5,Typ,0,,Detchd,1966.0,Unf,2,440,TA,TA,Y,110000
0,0,2,1,4,1,Gd,8,Typ,1,Gd,Attchd,1968.0,Fin,1,509,TA,TA,Y,193500
1,0,2,0,2,1,TA,5,Typ,0,,Attchd,1998.0,Fin,2,405,TA,TA,Y,153500
0,0,2,0,3,1,Gd,6,Typ,1,Gd,Attchd,2007.0,RFn,3,758,TA,TA,Y,245000
0,0,1,1,3,1,TA,6,Typ,0,,Detchd,1974.0,Unf,2,461,TA,TA,Y,126500
0,0,2,1,3,1,TA,7,Typ,1,TA,BuiltIn,1995.0,Fin,2,400,TA,TA,Y,168500
0,0,2,1,4,1,Gd,9,Typ,1,TA,Attchd,1991.0,Unf,2,462,TA,TA,Y,260000
0,0,2,1,3,1,Gd,6,Typ,1,Gd,BuiltIn,2005.0,Fin,2,400,TA,TA,Y,174000
0,0,2,1,2,1,Gd,4,Typ,0,,Detchd,2009.0,RFn,2,528,TA,TA,Y,164500
0,0,1,0,2,1,Fa,6,Typ,0,,,,,0,0,,,N,85000
1,0,1,0,3,1,TA,5,Typ,0,,,,,0,0,,,Y,123600
0,0,1,0,2,1,TA,4,Typ,0,,Detchd,1950.0,Unf,2,420,TA,TA,Y,109900
0,0,1,0,2,1,TA,6,Typ,0,,Attchd,1961.0,Unf,2,480,TA,TA,Y,98600
1,0,1,0,2,1,TA,5,Typ,0,,Detchd,1921.0,Unf,2,432,TA,TA,Y,163500
0,1,2,0,4,2,TA,9,Typ,1,Gd,Detchd,1900.0,Unf,2,506,TA,TA,Y,133900
1,0,2,1,3,1,Gd,7,Typ,0,,Attchd,1997.0,RFn,2,684,TA,TA,Y,204750
0,0,2,1,3,1,TA,6,Typ,1,TA,BuiltIn,1993.0,Fin,2,420,TA,TA,Y,185000
0,0,2,0,3,1,Gd,6,Typ,0,,Attchd,1999.0,RFn,2,472,TA,TA,Y,214000
1,0,1,0,3,1,TA,6,Typ,0,,Attchd,1965.0,Fin,1,432,TA,TA,P,94750
0,0,1,0,2,1,TA,5,Typ,0,,Basment,1920.0,Unf,1,366,Fa,TA,Y,83000
1,0,1,1,3,1,TA,6,Typ,0,,,,,0,0,,,Y,128950
1,0,2,0,3,1,Gd,6,Typ,2,TA,Attchd,1977.0,RFn,2,480,TA,TA,Y,205000
0,0,2,1,3,1,Gd,7,Typ,1,TA,Attchd,1985.0,Fin,2,476,TA,TA,Y,178000
0,0,2,0,4,2,TA,8,Typ,0,,Attchd,1979.0,Unf,2,410,TA,TA,Y,118964
0,0,2,0,3,1,Gd,6,Typ,0,,Attchd,2009.0,RFn,3,740,TA,TA,Y,198900
0,0,1,1,4,1,TA,7,Typ,2,TA,Detchd,1951.0,Unf,1,240,TA,TA,Y,169500
0,0,2,1,3,1,Gd,9,Typ,1,Gd,Attchd,2003.0,RFn,2,648,TA,TA,Y,250000
0,0,1,0,2,1,TA,6,Typ,0,,Detchd,1954.0,Unf,1,273,Fa,Fa,N,100000
0,0,1,0,2,1,TA,5,Typ,0,,Detchd,1948.0,Unf,1,250,TA,TA,Y,115000
0,0,2,0,3,1,Fa,7,Typ,0,,,,,0,0,,,N,115000
0,0,2,0,3,1,TA,7,Typ,1,TA,Attchd,1977.0,RFn,2,546,TA,TA,Y,190000
0,0,2,0,4,1,TA,7,Typ,0,,Attchd,1954.0,Unf,1,325,TA,TA,Y,136900
0,0,2,1,3,1,TA,7,Typ,1,TA,BuiltIn,2000.0,Fin,2,400,TA,TA,Y,180000
1,0,2,1,4,1,Ex,10,Typ,1,Gd,BuiltIn,2007.0,Fin,3,792,TA,TA,Y,383970
1,0,2,0,3,1,Gd,7,Typ,2,Gd,Basment,1953.0,Unf,2,450,TA,TA,Y,217000
1,0,2,1,3,1,Gd,9,Typ,1,TA,Detchd,1945.0,Unf,1,180,TA,TA,Y,259500
0,0,2,1,2,1,TA,5,Typ,1,Fa,Detchd,1999.0,Unf,2,440,TA,TA,Y,176000
0,1,1,0,3,1,TA,6,Typ,1,Po,Attchd,1962.0,Unf,1,288,TA,TA,Y,139000
0,0,1,1,2,1,TA,5,Typ,0,,Attchd,2007.0,Unf,2,430,TA,TA,Y,155000
1,0,3,0,5,1,Gd,11,Typ,2,TA,Attchd,1990.0,Unf,3,594,TA,TA,Y,320000
0,0,2,1,3,1,Gd,8,Typ,1,Gd,Attchd,2005.0,Fin,2,390,TA,TA,Y,163990
1,0,1,0,1,1,TA,4,Typ,2,TA,Attchd,1969.0,Unf,2,540,TA,TA,Y,180000
0,0,1,0,3,1,TA,4,Typ,0,,Detchd,1979.0,Unf,1,264,TA,TA,P,100000
0,0,1,0,3,1,TA,5,Typ,0,,Attchd,1958.0,Unf,1,288,TA,TA,Y,136000
0,0,2,0,2,1,Gd,5,Typ,0,,Attchd,1993.0,RFn,2,530,TA,TA,Y,153900
0,0,2,0,3,1,TA,7,Typ,1,TA,Attchd,1979.0,Unf,2,435,TA,TA,Y,181000
1,0,1,0,2,1,TA,5,Typ,0,,,,,0,0,,,N,84500
0,0,2,0,2,1,TA,5,Typ,1,TA,Attchd,1977.0,RFn,2,440,TA,TA,Y,128000
0,0,1,0,3,1,TA,5,Typ,1,TA,,,,0,0,,,N,87000
0,0,1,1,3,1,TA,6,Typ,1,Fa,Attchd,1966.0,RFn,2,453,TA,TA,Y,155000
0,1,1,1,3,1,Ex,6,Typ,0,,2Types,1998.0,RFn,2,750,TA,TA,Y,150000
0,0,2,1,4,1,Gd,8,Typ,2,Gd,Attchd,1966.0,Fin,2,487,TA,TA,Y,226000
1,0,2,1,3,1,Gd,7,Typ,1,TA,BuiltIn,2000.0,RFn,2,390,TA,TA,Y,244000
1,0,1,0,3,1,Gd,7,Typ,0,,Detchd,1974.0,Unf,2,624,TA,TA,Y,150750
1,0,2,0,2,1,Gd,6,Typ,0,,Attchd,2001.0,Fin,2,471,TA,TA,Y,220000
0,0,2,1,3,1,TA,7,Min1,1,TA,Attchd,1968.0,RFn,2,440,TA,TA,Y,180000
0,0,2,0,3,1,TA,7,Typ,1,Gd,Attchd,1970.0,Unf,2,530,TA,TA,Y,174000
0,0,2,0,3,1,TA,5,Typ,1,Fa,Attchd,1967.0,RFn,1,318,TA,TA,Y,143000
0,0,3,0,5,2,TA,9,Typ,0,,2Types,1989.0,Unf,3,766,TA,TA,Y,171000
0,0,2,1,3,1,Gd,7,Typ,2,TA,Attchd,1999.0,Fin,3,660,TA,TA,Y,230000
1,0,2,1,3,1,Gd,7,Typ,0,,Attchd,1997.0,RFn,2,470,TA,TA,Y,231500
0,0,1,0,3,1,TA,5,Typ,1,Po,,,,0,0,,,Y,115000
1,0,2,0,3,1,Gd,7,Typ,0,,Attchd,2005.0,Fin,2,660,TA,TA,Y,260000
0,0,2,0,4,1,TA,6,Typ,0,,Detchd,2000.0,Unf,2,720,TA,TA,Y,166000
1,0,2,0,3,1,Gd,6,Typ,0,,Attchd,1999.0,RFn,2,577,TA,TA,Y,204000
1,0,2,0,6,2,TA,10,Typ,0,,Detchd,1963.0,Unf,2,504,TA,TA,Y,125000
0,0,2,0,3,1,Gd,7,Maj1,0,,Detchd,2004.0,Unf,2,380,TA,TA,Y,130000
1,0,1,0,2,1,TA,5,Typ,0,,Detchd,1931.0,Unf,1,180,Fa,TA,Y,105000
0,0,2,1,3,1,Gd,8,Typ,1,Gd,BuiltIn,2001.0,Fin,2,434,TA,TA,Y,222500
1,0,1,0,3,1,Gd,6,Typ,0,,,,,0,0,,,Y,141000
0,0,1,0,3,1,TA,7,Typ,0,,Detchd,1936.0,Unf,1,240,Fa,TA,Y,115000
0,0,1,1,3,1,TA,5,Typ,0,,Attchd,1975.0,Unf,2,440,TA,TA,Y,122000
1,0,2,0,2,1,Gd,6,Typ,1,Gd,Attchd,2007.0,RFn,3,866,TA,TA,Y,372402
0,0,2,1,4,1,TA,8,Typ,1,Gd,Attchd,1971.0,RFn,2,495,TA,TA,Y,190000
1,0,1,0,1,1,TA,4,Typ,1,Gd,Attchd,1960.0,RFn,2,564,TA,TA,Y,235000
0,0,1,0,4,1,TA,7,Typ,0,,Detchd,1923.0,Unf,1,312,Fa,Fa,Y,125000
0,0,1,0,2,1,TA,5,Typ,0,,,,,0,0,,,N,79000
0,0,1,0,2,1,TA,5,Typ,0,,Detchd,1950.0,Unf,2,625,TA,TA,Y,109500
0,0,2,1,4,1,Ex,8,Typ,1,Gd,BuiltIn,2009.0,Fin,3,680,TA,TA,Y,269500
0,0,2,1,3,1,Gd,8,Typ,1,Gd,Attchd,2004.0,RFn,2,678,TA,TA,Y,254900
1,0,2,1,4,1,Gd,9,Typ,1,Gd,Attchd,2006.0,RFn,2,576,TA,TA,Y,320000
0,0,2,0,3,1,TA,6,Typ,0,,Attchd,1984.0,Unf,2,516,TA,TA,Y,162500
1,0,2,1,3,1,Ex,10,Typ,2,Gd,BuiltIn,2003.0,Fin,3,726,TA,TA,Y,412500
0,0,2,0,3,1,Gd,7,Typ,1,Gd,Attchd,2005.0,RFn,2,532,TA,TA,Y,220000
0,0,1,0,1,1,TA,4,Typ,0,,,,,0,0,,,Y,103200
0,0,2,0,3,1,Gd,5,Typ,0,,Detchd,1926.0,Unf,1,216,TA,TA,Y,152000
1,0,2,0,4,2,TA,6,Typ,0,,,,,0,0,,,Y,127500
1,0,1,0,2,1,TA,7,Typ,3,Gd,Attchd,1955.0,Fin,1,303,TA,TA,Y,190000
1,0,1,1,3,1,Ex,8,Typ,1,Gd,Attchd,2007.0,Fin,3,789,TA,TA,Y,325624
0,0,2,1,3,1,Gd,7,Typ,1,Gd,Attchd,2004.0,Fin,2,440,TA,TA,Y,183500
0,0,2,1,2,1,TA,6,Typ,1,TA,Attchd,1981.0,RFn,2,511,TA,TA,Y,228000
0,0,1,1,2,1,TA,7,Typ,0,,Detchd,1991.0,Unf,2,660,TA,TA,Y,128500
1,0,1,0,3,1,TA,7,Typ,2,Gd,Attchd,1960.0,Fin,2,528,TA,TA,P,215000
1,0,2,0,2,1,Gd,5,Typ,1,TA,Attchd,1987.0,RFn,2,504,Gd,TA,Y,239000
1,0,1,1,3,1,TA,6,Typ,1,TA,Attchd,1961.0,Unf,2,504,TA,TA,Y,163000
1,0,2,0,3,1,TA,7,Min2,1,TA,Attchd,1986.0,Fin,2,616,TA,TA,Y,184000
1,0,2,0,4,1,Gd,7,Typ,1,Gd,Attchd,1950.0,Unf,2,576,TA,TA,Y,243000
0,1,2,1,4,1,TA,8,Typ,1,TA,Attchd,1988.0,Unf,2,521,TA,TA,Y,211000
1,0,2,0,4,1,Gd,8,Typ,1,Gd,Attchd,1958.0,Unf,2,451,TA,TA,Y,172500
1,0,2,0,1,1,Ex,9,Typ,1,Gd,Attchd,2009.0,Fin,3,1166,TA,TA,Y,501837
0,0,1,0,2,1,TA,5,Typ,0,,Detchd,1935.0,Unf,2,480,Fa,TA,N,100000
0,0,2,1,3,1,Gd,5,Typ,1,TA,Detchd,2000.0,Unf,2,440,TA,TA,Y,177000
0,0,1,1,4,1,TA,9,Typ,1,Gd,Detchd,1920.0,Unf,1,216,Fa,TA,Y,200100
0,0,1,0,3,1,TA,7,Typ,1,Gd,Attchd,1957.0,RFn,1,252,TA,TA,Y,120000
0,0,2,1,3,1,Gd,6,Mod,0,,Detchd,2003.0,Unf,2,484,TA,TA,N,200000
0,0,1,0,3,1,TA,5,Typ,0,,Attchd,1986.0,Unf,2,576,TA,TA,Y,127000
0,0,2,1,4,1,Ex,12,Typ,2,TA,Detchd,1993.0,Unf,3,840,Ex,TA,Y,475000
1,0,2,0,3,1,Gd,6,Typ,0,,Attchd,1990.0,Unf,2,497,TA,TA,Y,173000
0,0,2,1,3,1,TA,8,Min2,0,,Detchd,1916.0,Unf,1,180,Fa,Fa,N,135000
2,0,0,2,2,2,TA,6,Typ,2,TA,Detchd,1979.0,Unf,2,528,TA,TA,Y,153337
1,0,1,1,0,1,Ex,5,Typ,1,Gd,Attchd,2001.0,Fin,2,682,TA,TA,Y,286000
0,0,2,1,3,1,Gd,10,Maj1,2,TA,Detchd,1932.0,Unf,2,440,TA,TA,Y,315000
1,0,1,1,4,1,Gd,7,Typ,0,,Attchd,1972.0,Fin,2,484,TA,TA,Y,184000
1,0,2,0,3,1,Gd,6,Typ,0,,Attchd,1999.0,Fin,2,666,TA,TA,Y,192000
0,0,2,0,3,1,Gd,7,Maj1,0,,Detchd,2004.0,Unf,2,380,TA,TA,Y,130000
0,0,1,0,3,1,TA,5,Typ,0,,Detchd,1989.0,Unf,1,352,TA,TA,Y,127000
0,0,2,1,3,1,TA,7,Typ,1,TA,Attchd,1976.0,Unf,2,440,TA,TA,Y,148500
1,0,2,0,3,1,Ex,8,Typ,1,Gd,Attchd,2007.0,Fin,3,786,TA,TA,Y,311872
1,1,2,0,4,1,Gd,8,Typ,1,Ex,Detchd,1918.0,Unf,2,795,TA,TA,Y,235000
0,0,1,0,5,1,TA,8,Typ,0,,,,,0,0,,,Y,104000
1,0,2,0,3,1,Ex,7,Typ,1,Gd,Attchd,2004.0,Fin,3,856,TA,TA,Y,274900
0,0,2,0,2,1,TA,5,Typ,0,,Attchd,2003.0,RFn,2,440,TA,TA,Y,140000
0,1,2,0,3,1,TA,6,Typ,2,Fa,Detchd,1980.0,Unf,2,473,TA,TA,Y,171500
0,0,2,0,2,1,TA,6,Min1,0,,Attchd,1924.0,Unf,1,398,TA,TA,Y,112000
1,0,1,0,1,1,Gd,3,Typ,1,Gd,Attchd,2004.0,RFn,2,420,TA,TA,Y,149000
0,0,1,1,2,1,TA,5,Typ,0,,Detchd,1948.0,Unf,1,240,TA,TA,Y,110000
0,0,2,0,3,1,TA,5,Typ,0,,Attchd,1990.0,RFn,2,500,TA,TA,Y,180500
0,0,1,1,3,1,TA,8,Min2,1,TA,Attchd,1962.0,RFn,1,349,TA,TA,Y,143900
1,0,1,0,3,1,TA,6,Typ,1,Po,Attchd,1960.0,RFn,1,312,TA,TA,Y,141000
1,0,2,1,3,1,TA,7,Typ,1,Gd,Attchd,1988.0,Fin,2,454,TA,TA,Y,277000
1,0,1,0,3,1,TA,6,Typ,0,,Attchd,1964.0,RFn,2,504,TA,Gd,Y,145000
1,0,1,0,2,1,TA,5,Typ,0,,,,,0,0,,,Y,98000
0,0,2,0,3,1,Gd,6,Typ,0,,Attchd,2009.0,RFn,2,460,TA,TA,Y,186000
1,0,2,1,3,1,Gd,7,Typ,1,TA,Attchd,2009.0,RFn,2,644,TA,TA,Y,252678
0,1,1,0,3,1,TA,5,Typ,0,,Attchd,1996.0,Unf,2,576,TA,TA,Y,156000
0,0,1,1,3,1,TA,6,Typ,0,,Attchd,1977.0,Fin,1,299,TA,TA,Y,161750
0,1,1,0,2,1,Gd,6,Min1,1,Fa,Attchd,1957.0,Unf,1,447,TA,TA,Y,134450
1,0,2,0,3,1,Gd,8,Typ,0,,Attchd,2004.0,Unf,2,484,TA,TA,Y,210000
0,0,1,0,3,1,TA,8,Typ,0,,Detchd,1940.0,Unf,1,210,TA,TA,Y,107000
0,1,1,1,3,1,Gd,8,Typ,2,TA,Attchd,1939.0,Unf,2,431,TA,TA,Y,311500
0,0,2,0,2,1,Gd,5,Typ,0,,Attchd,2005.0,Fin,2,438,TA,TA,Y,167240
0,0,2,0,2,1,Gd,5,Typ,0,,Attchd,2006.0,RFn,2,675,TA,TA,Y,204900
0,0,2,1,4,1,Gd,8,Typ,1,TA,BuiltIn,2002.0,RFn,2,390,TA,TA,Y,200000
1,0,2,1,3,1,TA,6,Typ,1,TA,Attchd,1975.0,RFn,2,434,TA,TA,Y,179900
0,0,1,0,2,1,TA,4,Typ,0,,Detchd,1989.0,Unf,2,576,TA,TA,Y,97000
0,0,2,0,3,1,Ex,8,Typ,1,Ex,Attchd,2003.0,Fin,3,968,TA,TA,Y,386250
0,0,2,1,3,1,TA,6,Typ,0,,Detchd,1991.0,Unf,1,280,TA,TA,Y,112000
0,0,2,1,4,1,Gd,9,Typ,1,TA,Attchd,1995.0,RFn,3,721,TA,TA,Y,290000
0,0,1,1,2,1,TA,5,Typ,0,,Detchd,1987.0,Unf,1,280,TA,TA,Y,106000
0,0,1,0,3,1,TA,5,Typ,1,Fa,Detchd,1974.0,Unf,1,336,TA,TA,Y,125000
0,0,2,0,2,1,Gd,7,Typ,1,TA,Attchd,2005.0,Fin,2,430,TA,TA,Y,192500
1,0,1,0,3,1,TA,6,Typ,0,,Attchd,1959.0,RFn,1,312,TA,TA,Y,148000
1,0,2,1,4,1,Ex,9,Typ,1,TA,Attchd,1995.0,Fin,3,810,TA,TA,Y,403000
0,0,1,1,2,1,TA,5,Typ,1,Po,Attchd,1972.0,Unf,1,288,TA,TA,Y,94500
1,0,1,0,3,1,TA,5,Typ,0,,Attchd,1976.0,Unf,1,308,TA,TA,Y,128200
1,0,2,1,4,1,Gd,8,Typ,2,TA,BuiltIn,2002.0,Fin,2,440,TA,TA,Y,216500
0,0,1,1,2,1,TA,5,Typ,0,,Detchd,1971.0,Unf,1,264,TA,TA,Y,89500
0,0,2,0,3,1,Gd,6,Typ,0,,Attchd,2004.0,RFn,2,494,TA,TA,Y,185500
0,0,2,1,3,1,Gd,7,Typ,0,,Attchd,1993.0,RFn,2,457,TA,TA,Y,194500
0,0,2,0,3,1,Gd,7,Typ,0,,Attchd,2007.0,Fin,3,818,TA,TA,Y,318000
0,0,1,1,3,1,TA,7,Typ,1,Gd,Detchd,1949.0,Unf,1,220,TA,TA,Y,113000
1,0,2,0,3,1,Gd,7,Typ,0,,Attchd,2008.0,RFn,2,750,TA,TA,Y,262500
0,0,1,0,2,1,Gd,4,Typ,0,,,,,0,0,,,Y,110500
0,0,1,0,3,1,TA,6,Typ,0,,Attchd,1940.0,Unf,1,352,Fa,TA,Y,79000
0,0,1,1,3,1,TA,6,Typ,1,TA,Attchd,1980.0,RFn,1,288,TA,TA,Y,120000
1,0,2,1,3,1,Gd,8,Typ,2,Fa,Attchd,1994.0,RFn,2,463,TA,TA,Y,205000
0,1,2,0,3,1,TA,6,Typ,1,TA,Attchd,1988.0,Fin,2,604,TA,TA,Y,241500
0,0,2,0,4,2,Fa,9,Typ,0,,Detchd,1910.0,Unf,1,440,Po,Po,Y,137000
0,0,1,0,2,1,TA,5,Typ,1,TA,Attchd,1954.0,Unf,2,451,TA,TA,Y,140000
0,0,2,1,3,1,Gd,8,Typ,0,,Attchd,2003.0,RFn,2,500,TA,TA,Y,180000
0,1,2,0,4,1,Gd,7,Typ,2,TA,Attchd,1958.0,Fin,2,389,TA,TA,Y,277000
0,0,1,0,3,1,Fa,6,Mod,0,,,,,0,0,,,Y,76500
1,1,2,0,2,1,Gd,5,Typ,1,Gd,Attchd,2006.0,Fin,2,538,TA,TA,Y,235000
0,0,2,1,3,1,Gd,6,Typ,0,,Attchd,2004.0,RFn,2,520,TA,TA,Y,173000
0,1,2,0,3,1,Gd,7,Min1,0,,Attchd,1964.0,RFn,1,309,TA,TA,Y,158000
1,0,1,0,3,1,TA,5,Typ,0,,Attchd,1957.0,RFn,1,294,TA,TA,Y,145000
0,0,2,1,4,1,Gd,8,Typ,1,TA,BuiltIn,1999.0,Fin,2,429,TA,TA,Y,230000
0,0,2,1,3,1,Gd,7,Typ,0,,Attchd,2003.0,RFn,2,673,TA,TA,Y,207500
1,0,2,1,3,1,Gd,8,Typ,1,Gd,Attchd,2006.0,RFn,2,660,TA,TA,Y,220000
0,0,2,1,3,1,Gd,7,Typ,1,TA,Attchd,2001.0,RFn,2,564,TA,TA,Y,231500
0,0,1,0,2,1,TA,4,Typ,0,,Detchd,1956.0,Unf,1,308,TA,TA,Y,97000
1,0,1,0,3,1,TA,6,Typ,1,TA,Attchd,1991.0,Unf,2,884,TA,TA,Y,176000
0,0,2,1,3,1,Ex,10,Typ,1,Gd,BuiltIn,2007.0,Fin,3,868,TA,TA,Y,276000
1,0,1,0,3,1,TA,6,Typ,1,TA,Attchd,1978.0,Unf,2,492,TA,TA,Y,151000
1,0,1,0,3,1,TA,6,Typ,0,,Detchd,1974.0,Unf,2,484,TA,TA,Y,130000
0,0,1,0,2,1,TA,4,Typ,0,,Detchd,1965.0,Unf,2,504,TA,TA,N,73000
0,0,2,0,3,1,Gd,7,Typ,1,TA,Attchd,1981.0,Fin,2,576,TA,TA,Y,175500
1,0,2,1,3,1,TA,8,Typ,1,TA,Attchd,1997.0,Fin,2,413,TA,TA,Y,185000
0,0,2,1,4,1,Gd,8,Typ,1,Gd,Detchd,1939.0,Unf,1,240,TA,TA,Y,179500
0,0,1,0,2,1,TA,4,Typ,1,Gd,Detchd,1966.0,Fin,1,924,Ex,Ex,Y,120500
1,0,1,1,3,1,TA,6,Typ,1,Fa,Attchd,1987.0,RFn,1,504,TA,Gd,Y,148000
0,0,2,1,3,1,Gd,8,Typ,1,Gd,Attchd,2006.0,RFn,3,1053,TA,TA,Y,266000
1,0,1,0,2,1,TA,5,Mod,2,TA,Attchd,1954.0,Unf,2,439,TA,TA,Y,241500
0,0,2,1,4,1,Gd,9,Typ,1,Gd,Attchd,1999.0,Fin,3,671,TA,TA,Y,290000
1,0,2,0,3,1,TA,6,Min1,1,Gd,Attchd,1958.0,RFn,1,338,TA,TA,Y,139000
0,0,1,0,2,1,TA,5,Typ,0,,Attchd,1982.0,Unf,1,264,TA,TA,Y,124500
0,0,2,1,3,1,Ex,5,Typ,0,,Detchd,1978.0,Unf,2,672,TA,TA,Y,205000
0,0,2,0,3,1,Gd,7,Typ,0,,Attchd,2003.0,Fin,2,573,TA,TA,Y,201000
0,0,1,0,2,1,TA,4,Typ,0,,Detchd,1951.0,Unf,2,400,TA,TA,Y,141000
0,0,2,1,3,1,Ex,8,Typ,1,Ex,Attchd,2007.0,Fin,3,732,TA,TA,Y,415298
0,0,2,1,4,1,TA,8,Typ,1,TA,Attchd,1977.0,Fin,2,505,TA,TA,Y,192000
0,0,2,1,3,1,Gd,7,Typ,1,TA,Attchd,1989.0,Fin,2,575,TA,TA,Y,228500
0,0,2,0,2,1,Gd,5,Typ,0,,Attchd,2006.0,Fin,2,572,TA,TA,Y,185000
1,0,2,0,2,1,Gd,6,Typ,1,Gd,Attchd,2008.0,RFn,2,626,TA,TA,Y,207500
0,0,2,0,3,1,Gd,6,Typ,1,Gd,Attchd,2008.0,Fin,3,898,TA,TA,Y,244600
1,0,2,0,2,1,Gd,5,Typ,0,,Attchd,1992.0,RFn,2,529,TA,TA,Y,179200
0,0,2,1,2,1,Gd,5,Typ,0,,Detchd,2006.0,RFn,2,528,TA,TA,Y,164700
0,0,1,1,3,1,Gd,7,Typ,1,Gd,Attchd,1962.0,RFn,2,440,TA,TA,Y,159000
0,0,1,0,3,1,TA,5,Typ,0,,,,,0,0,,,Y,88000
0,0,1,0,3,1,TA,5,Typ,0,,Detchd,1970.0,Unf,1,280,TA,TA,Y,122000
0,0,1,0,3,1,TA,7,Typ,0,,Detchd,2003.0,Unf,1,384,TA,TA,Y,153575
0,0,2,1,3,1,Gd,8,Typ,1,Gd,Attchd,2006.0,RFn,2,685,Gd,TA,Y,233230
1,0,2,0,6,1,Fa,9,Typ,0,,,,,0,0,,,N,135900
0,0,1,1,3,1,TA,8,Min2,1,Gd,Attchd,1949.0,Unf,1,281,TA,TA,Y,131000
1,0,2,1,3,1,Gd,9,Typ,1,TA,Attchd,1977.0,Fin,2,539,TA,TA,Y,235000
1,0,1,0,3,1,TA,7,Typ,2,Gd,Attchd,1953.0,Fin,2,418,TA,TA,Y,167000
1,0,1,0,3,1,TA,6,Typ,0,,Detchd,1984.0,Unf,2,588,TA,TA,Y,142500
0,0,1,1,4,1,TA,6,Typ,0,,Attchd,1950.0,Unf,1,282,TA,TA,Y,152000
0,0,2,1,3,1,Gd,7,Typ,1,TA,Detchd,1997.0,RFn,2,576,TA,TA,Y,239000
0,1,1,2,3,1,TA,7,Typ,1,Gd,Attchd,1968.0,Unf,2,539,TA,TA,Y,175000
0,1,1,0,3,1,Gd,6,Typ,1,Gd,Attchd,1950.0,Unf,1,300,TA,TA,Y,158500
1,0,1,0,2,1,TA,5,Typ,2,Gd,Attchd,1953.0,Unf,1,375,TA,TA,Y,157000
0,0,2,1,4,1,Gd,9,Typ,1,TA,BuiltIn,1998.0,Fin,2,683,TA,TA,Y,267000
0,0,2,0,3,1,Gd,6,Typ,1,TA,Attchd,2001.0,RFn,3,843,TA,TA,Y,205000
1,0,1,0,3,1,TA,5,Typ,0,,Attchd,1975.0,Unf,2,552,TA,TA,Y,149900
0,0,3,0,3,1,Gd,10,Typ,1,Ex,Attchd,2003.0,Unf,3,870,TA,TA,Y,295000
1,0,2,0,3,1,Gd,8,Typ,0,,Attchd,2004.0,Fin,3,888,TA,TA,Y,305900
1,0,2,1,4,1,Gd,8,Typ,1,TA,Attchd,1990.0,RFn,3,746,TA,TA,Y,225000
0,0,1,0,3,1,Fa,6,Typ,0,,,,,0,0,,,N,89500
0,0,1,0,1,1,TA,4,Typ,0,,Detchd,1961.0,Unf,2,539,TA,TA,Y,82500
1,0,2,0,3,1,Ex,8,Typ,3,Ex,Attchd,2003.0,Fin,3,708,TA,TA,Y,360000
0,0,2,1,3,1,Gd,6,Typ,1,TA,Attchd,1993.0,Fin,2,420,TA,TA,Y,165600
1,0,1,0,2,1,TA,5,Typ,1,Gd,Detchd,1948.0,Unf,1,240,TA,TA,Y,132000
1,0,1,0,3,1,TA,5,Typ,1,Gd,Detchd,1939.0,Unf,2,410,TA,TA,Y,119900
2,0,2,0,3,1,TA,8,Typ,2,Gd,Attchd,1965.0,RFn,2,513,TA,TA,Y,375000
0,1,1,1,3,1,Ex,6,Typ,1,Gd,Detchd,1925.0,Unf,2,546,Fa,TA,Y,178000
1,0,2,1,3,1,Gd,6,Typ,1,Gd,Attchd,2004.0,Fin,2,432,TA,TA,Y,188500
1,0,2,1,4,1,Ex,10,Typ,1,TA,Attchd,1983.0,RFn,2,484,TA,TA,Y,260000
0,0,2,1,3,1,Gd,8,Typ,1,Gd,Attchd,2006.0,RFn,3,1025,TA,TA,Y,270000
1,0,2,1,4,1,Gd,9,Typ,1,TA,Attchd,1993.0,RFn,3,656,TA,TA,Y,260000
1,0,2,0,3,1,TA,6,Typ,2,TA,Attchd,1980.0,Unf,2,588,TA,TA,Y,187500
0,0,3,1,4,1,Gd,9,Typ,0,,Attchd,2006.0,RFn,3,840,TA,TA,Y,342643
1,0,2,1,4,1,Gd,10,Typ,1,Gd,BuiltIn,2004.0,Fin,3,872,TA,TA,Y,354000
1,0,2,1,4,1,Gd,8,Typ,1,TA,Attchd,1987.0,Fin,2,576,TA,TA,Y,301000
1,0,1,0,3,1,TA,6,Typ,0,,Attchd,1955.0,Unf,1,220,Fa,TA,Y,126175
0,0,2,1,5,1,Gd,11,Typ,1,Gd,BuiltIn,1961.0,Fin,2,564,TA,TA,Y,242000
0,0,1,0,2,1,TA,5,Typ,0,,Detchd,1941.0,Unf,2,360,TA,TA,Y,87000
2,0,1,1,1,1,Gd,6,Typ,2,Gd,Attchd,1993.0,Fin,2,473,TA,TA,Y,324000
0,0,1,1,3,1,TA,7,Typ,0,,Attchd,1960.0,RFn,1,292,TA,TA,Y,145250
0,0,2,0,5,1,Gd,10,Typ,0,,Detchd,1930.0,Unf,2,441,TA,TA,Y,214500
0,0,1,0,3,1,TA,6,Typ,0,,Detchd,1920.0,Unf,1,189,Fa,Fa,N,78000
0,1,2,0,6,2,TA,10,Typ,0,,Detchd,2002.0,Unf,1,352,TA,TA,Y,119000
1,0,1,0,3,1,TA,6,Typ,0,,Attchd,1958.0,RFn,1,308,TA,TA,Y,139000
1,0,2,0,3,1,Gd,7,Typ,1,Gd,Attchd,2003.0,RFn,3,880,TA,TA,Y,284000
1,0,2,0,2,1,Gd,6,Typ,1,Gd,Attchd,2004.0,RFn,2,484,TA,TA,Y,207000
1,0,2,1,3,1,TA,7,Typ,2,TA,Attchd,1998.0,Fin,2,472,TA,TA,Y,192000
2,0,2,0,3,1,TA,7,Typ,2,Gd,Attchd,1965.0,Fin,2,529,TA,TA,Y,228950
1,0,2,0,3,1,Gd,8,Typ,1,Gd,Attchd,2005.0,Fin,3,676,TA,TA,Y,377426
1,0,2,0,3,1,Gd,7,Typ,0,,Attchd,2002.0,RFn,2,532,TA,TA,Y,214000
1,0,2,0,3,1,Gd,8,Typ,0,,Attchd,1984.0,RFn,2,440,TA,TA,Y,202500
0,0,1,0,3,1,TA,6,Typ,0,,Attchd,1958.0,Unf,1,297,TA,TA,Y,155000
0,0,2,1,4,1,Gd,9,Typ,0,,Attchd,2002.0,Fin,2,431,TA,TA,Y,202900
0,0,1,0,2,1,TA,4,Typ,0,,CarPort,1950.0,Unf,1,294,TA,TA,N,82000
0,0,2,0,2,2,TA,6,Typ,0,,Detchd,1949.0,Unf,2,400,TA,TA,Y,87500
0,0,2,0,2,1,Ex,6,Typ,1,Ex,Attchd,2005.0,RFn,2,564,TA,TA,Y,266000
0,0,1,1,3,1,TA,4,Typ,0,,Attchd,1976.0,Unf,1,336,TA,TA,Y,85000
0,0,1,0,3,1,Fa,6,Typ,1,Gd,Detchd,1939.0,Unf,1,312,TA,TA,Y,140200
0,0,1,0,2,1,TA,5,Typ,0,,Attchd,1960.0,RFn,1,301,TA,TA,Y,151500
1,0,2,0,3,1,TA,6,Typ,2,Gd,Attchd,1960.0,Unf,2,498,TA,TA,Y,157500
1,0,2,1,2,1,Gd,6,Typ,0,,BuiltIn,2003.0,RFn,2,474,TA,TA,Y,154000
1,0,2,1,4,1,Ex,10,Typ,2,Ex,Attchd,2006.0,Fin,3,706,TA,TA,Y,437154
0,0,2,0,2,1,Ex,6,Typ,1,Gd,Attchd,2007.0,RFn,2,617,TA,TA,Y,318061
1,0,1,1,2,1,Gd,6,Typ,1,TA,Attchd,1986.0,RFn,2,445,TA,TA,Y,190000
0,1,1,0,3,1,TA,5,Typ,0,,Detchd,1941.0,Unf,1,200,TA,Fa,Y,95000
0,0,1,0,2,1,TA,5,Typ,0,,Detchd,2005.0,Unf,2,484,TA,TA,Y,105900
0,0,1,0,2,1,TA,6,Typ,2,Gd,Attchd,1940.0,Unf,1,240,TA,TA,Y,140000
1,0,2,0,3,1,Gd,6,Typ,0,,Attchd,1995.0,RFn,2,521,TA,TA,Y,177500
1,0,2,0,3,1,Gd,6,Typ,0,,Attchd,1992.0,RFn,2,400,TA,TA,Y,173000
1,0,1,1,3,1,TA,6,Typ,1,Po,Attchd,1976.0,Fin,2,528,TA,TA,Y,134000
0,1,1,0,3,1,Gd,6,Min2,0,,BuiltIn,1958.0,Unf,1,288,TA,TA,Y,130000
1,0,2,1,3,1,Gd,7,Typ,1,TA,Attchd,1998.0,RFn,2,592,TA,TA,Y,280000
1,0,1,0,2,1,TA,5,Typ,1,TA,Attchd,1978.0,RFn,2,470,TA,TA,Y,156000
1,0,1,0,3,1,TA,8,Typ,0,,Detchd,1940.0,Unf,1,240,TA,TA,N,145000
0,0,3,0,4,1,Gd,7,Typ,1,Ex,BuiltIn,2003.0,RFn,2,672,TA,TA,Y,198500
0,0,1,1,2,1,Gd,5,Typ,0,,Detchd,1972.0,Unf,1,264,TA,TA,Y,118000
1,0,2,1,3,1,TA,6,Typ,1,TA,Attchd,1976.0,Fin,2,566,TA,TA,Y,190000
0,0,1,0,3,1,TA,6,Typ,0,,Detchd,1964.0,Unf,1,468,TA,Fa,Y,147000
1,0,1,1,3,1,TA,6,Typ,2,Gd,Attchd,1963.0,RFn,2,514,TA,TA,Y,159000
0,1,1,0,3,1,TA,6,Typ,1,Gd,Basment,1962.0,RFn,1,296,TA,TA,Y,165000
0,0,1,0,2,1,TA,7,Typ,1,Gd,Attchd,1954.0,Fin,1,244,TA,TA,Y,132000
1,0,1,0,3,1,Gd,7,Typ,1,Gd,Detchd,1997.0,Fin,2,576,TA,TA,Y,162000
0,0,2,1,3,1,TA,7,Typ,1,TA,Attchd,2000.0,RFn,2,460,TA,TA,Y,172400
0,0,2,0,4,1,TA,7,Min2,1,Gd,Detchd,1991.0,Fin,2,680,TA,TA,N,134432
1,0,1,0,2,1,TA,4,Typ,0,,Attchd,1984.0,Unf,1,264,TA,TA,Y,125000
1,0,1,0,3,1,TA,5,Min2,0,,Attchd,1953.0,Unf,1,270,TA,TA,Y,123000
0,0,2,1,4,1,Gd,8,Typ,1,Gd,BuiltIn,2003.0,Fin,2,434,TA,TA,Y,219500
1,0,0,1,1,1,Fa,4,Maj1,0,,,,,0,0,,,Y,61000
0,0,1,0,2,1,TA,5,Typ,0,,Detchd,1998.0,Unf,2,576,TA,TA,Y,148000
0,0,3,0,4,1,Gd,8,Typ,1,Gd,Attchd,2004.0,RFn,2,610,TA,TA,Y,340000
1,0,1,1,1,1,Ex,8,Typ,1,Ex,Attchd,2010.0,Fin,3,834,TA,TA,Y,394432
0,0,2,1,3,1,TA,7,Typ,1,TA,Attchd,2000.0,Fin,2,463,TA,TA,Y,179000
0,0,2,0,3,1,Gd,6,Typ,1,Gd,Detchd,1924.0,Unf,1,308,TA,TA,Y,127000
1,0,2,0,2,1,Gd,5,Typ,1,Gd,Attchd,2006.0,RFn,2,572,TA,TA,Y,187750
0,0,2,1,3,1,Gd,8,Typ,0,,Attchd,2006.0,RFn,2,639,TA,TA,Y,213500
0,0,1,0,2,1,TA,5,Typ,0,,Detchd,1950.0,Unf,2,360,Fa,Fa,N,76000
1,0,2,1,3,1,Gd,9,Typ,2,Fa,Attchd,1992.0,Fin,2,501,TA,TA,Y,240000
0,0,2,0,2,1,Gd,6,Typ,1,TA,Attchd,2004.0,Fin,2,430,TA,TA,Y,192000
0,0,1,0,5,1,TA,8,Typ,0,,,,,0,0,,,N,81000
1,0,1,0,3,1,TA,6,Typ,1,Fa,Detchd,1977.0,Unf,1,352,TA,TA,Y,125000
0,0,2,0,3,1,Gd,6,Typ,0,,Attchd,1999.0,RFn,2,577,TA,TA,Y,191000
1,0,2,1,3,1,Ex,9,Typ,1,Ex,BuiltIn,2008.0,Fin,3,846,TA,TA,Y,426000
1,0,1,0,4,1,TA,7,Typ,0,,Detchd,1978.0,Unf,1,384,TA,TA,Y,119000
1,0,2,1,3,1,Gd,7,Typ,1,TA,BuiltIn,2001.0,Fin,2,560,TA,TA,Y,215000
0,0,1,0,3,1,TA,5,Typ,0,,Attchd,1959.0,RFn,1,294,TA,TA,Y,106500
0,0,1,0,2,1,TA,4,Typ,2,TA,,,,0,0,,,Y,100000
0,0,1,0,2,1,TA,5,Typ,0,,Detchd,1940.0,Unf,1,240,TA,TA,Y,109000
1,0,1,0,3,1,TA,6,Typ,0,,Attchd,1956.0,Unf,1,596,TA,TA,Y,129000
0,0,1,0,2,1,TA,6,Typ,0,,Detchd,1985.0,RFn,2,600,TA,TA,Y,123000
0,0,2,0,4,1,TA,8,Typ,1,TA,Attchd,1962.0,RFn,1,264,TA,TA,Y,169500
0,0,1,0,2,1,TA,6,Maj2,0,,Detchd,1920.0,Unf,1,338,Po,Po,N,67000
1,0,2,0,2,1,Gd,7,Typ,0,,Attchd,2007.0,Fin,2,438,TA,TA,Y,241000
1,0,1,1,1,1,Ex,4,Typ,2,Gd,Attchd,1996.0,Fin,2,500,TA,TA,Y,245500
0,0,2,0,3,1,Gd,6,Typ,1,Gd,Attchd,2005.0,Fin,2,400,TA,TA,Y,164990
0,0,1,0,2,1,TA,4,Typ,0,,Detchd,1940.0,Unf,1,240,TA,TA,N,108000
0,0,2,1,4,1,Gd,10,Typ,1,TA,BuiltIn,1998.0,Fin,2,420,TA,TA,Y,258000
0,0,2,1,3,1,TA,7,Typ,1,TA,BuiltIn,1995.0,Fin,2,373,TA,TA,Y,168000
1,0,2,0,3,1,TA,8,Min1,1,TA,Attchd,1993.0,Unf,2,490,TA,TA,Y,150000
0,0,1,0,3,1,TA,6,Maj2,0,,Detchd,1936.0,Unf,1,240,TA,TA,Y,115000
0,0,2,0,4,1,TA,8,Typ,0,,Attchd,1960.0,Unf,1,308,TA,TA,Y,177000
0,0,2,1,3,1,Gd,9,Typ,1,Gd,Attchd,2006.0,RFn,3,947,TA,TA,Y,280000
1,0,2,1,3,1,Ex,8,Typ,1,Gd,Attchd,2008.0,Fin,3,836,TA,TA,Y,339750
0,0,1,0,3,1,TA,5,Mod,0,,Attchd,1958.0,Unf,1,350,TA,TA,Y,60000
1,0,1,0,3,1,TA,5,Typ,0,,Attchd,1955.0,Fin,2,572,TA,TA,Y,145000
1,0,2,1,2,1,Gd,7,Typ,1,Gd,Attchd,2009.0,Fin,2,484,TA,TA,Y,222000
0,0,1,0,2,1,TA,5,Typ,1,Gd,Detchd,1927.0,Unf,2,360,TA,TA,Y,115000
0,1,2,1,3,1,Gd,9,Typ,1,TA,Attchd,1993.0,Unf,3,678,TA,TA,Y,228000
0,0,2,0,3,1,Gd,6,Typ,0,,Attchd,2007.0,Fin,2,396,TA,TA,Y,181134
0,0,1,1,3,1,TA,6,Typ,1,TA,Attchd,1978.0,Fin,2,440,TA,TA,Y,149500
1,0,2,1,4,1,TA,10,Typ,1,Gd,Detchd,1918.0,Unf,3,864,TA,TA,N,239000
1,0,1,1,3,1,TA,7,Typ,0,,Detchd,1940.0,Unf,1,240,TA,TA,P,126000
1,0,1,0,3,1,TA,6,Typ,1,Fa,Attchd,1968.0,Unf,1,304,TA,TA,Y,142000
2,0,2,0,2,2,TA,8,Typ,0,,Attchd,1997.0,Fin,4,784,TA,TA,Y,206300
0,1,2,0,3,1,Gd,8,Typ,1,TA,Attchd,1977.0,Fin,2,529,TA,TA,Y,215000
0,0,1,0,2,1,TA,4,Typ,0,,Attchd,1954.0,RFn,2,520,TA,TA,N,113000
1,0,2,1,4,1,Gd,8,Typ,1,TA,Attchd,1998.0,Fin,3,696,TA,TA,Y,315000
1,0,1,0,2,1,TA,6,Typ,1,Gd,Attchd,1956.0,RFn,1,297,TA,TA,Y,139000
0,0,1,1,3,1,TA,6,Typ,2,Gd,Detchd,1947.0,Unf,1,240,TA,TA,P,135000
1,1,2,0,2,1,Gd,5,Typ,1,TA,Attchd,1989.0,Fin,2,569,TA,TA,Y,275000
0,0,1,0,3,1,TA,5,Typ,0,,Detchd,1964.0,Unf,1,352,TA,TA,Y,109008
1,0,2,0,2,1,Gd,6,Typ,0,,Attchd,2007.0,RFn,2,628,TA,TA,Y,195400
1,0,2,0,3,1,Gd,6,Typ,1,TA,Attchd,1988.0,Unf,2,576,TA,TA,Y,175000
0,0,1,1,2,1,TA,4,Typ,0,,Detchd,1971.0,Unf,1,264,TA,TA,Y,85400
0,0,1,0,4,1,TA,7,Typ,0,,,,,0,0,,,N,79900
1,0,1,1,2,1,TA,6,Min1,0,,Detchd,1971.0,Unf,2,440,TA,TA,Y,122500
0,0,2,1,3,1,TA,7,Typ,1,TA,Attchd,1997.0,Fin,2,470,TA,TA,Y,181000
1,0,1,0,1,1,TA,3,Typ,0,,,,,0,0,,,Y,81000
1,0,2,1,3,1,Gd,6,Typ,1,TA,Attchd,1996.0,RFn,2,550,TA,TA,Y,212000
0,0,1,0,2,1,TA,6,Typ,0,,Detchd,1990.0,Unf,2,440,TA,TA,Y,116000
0,0,1,0,2,1,TA,4,Typ,0,,Detchd,1926.0,Unf,1,180,TA,TA,Y,119000
0,0,1,0,2,1,Gd,4,Typ,1,Gd,Detchd,1990.0,Unf,1,352,Gd,TA,P,90350
0,0,1,0,3,1,Gd,7,Typ,0,,Detchd,2005.0,Unf,2,528,TA,TA,Y,110000
1,0,2,0,2,1,Ex,10,Typ,2,Gd,Attchd,2008.0,Fin,3,672,TA,TA,Y,555000
0,0,2,0,4,2,Fa,8,Typ,0,,,,,0,0,,,Y,118000
0,0,2,0,3,1,TA,8,Typ,1,Gd,Detchd,1930.0,Unf,2,360,TA,TA,P,162900
0,0,2,0,2,1,Gd,6,Typ,1,Gd,Attchd,2007.0,Fin,3,648,TA,TA,Y,172500
1,0,2,1,4,1,Gd,8,Typ,1,TA,Attchd,1994.0,Unf,2,493,TA,TA,Y,210000
0,0,1,0,3,1,TA,7,Typ,1,Gd,Attchd,1956.0,Unf,2,480,TA,TA,Y,127500
0,0,2,1,2,1,Gd,6,Mod,1,Gd,Attchd,1966.0,Fin,2,578,TA,TA,Y,190000
0,0,2,1,4,1,Gd,10,Typ,1,TA,Attchd,1998.0,Fin,2,431,TA,TA,Y,199900
0,0,2,0,3,1,TA,7,Typ,1,Gd,Detchd,1937.0,Unf,1,198,TA,TA,N,119500
0,0,1,1,2,1,TA,6,Typ,0,,Detchd,1981.0,Unf,1,308,TA,TA,Y,120000
0,0,1,0,2,1,Gd,5,Typ,0,,Detchd,1932.0,Unf,1,270,Fa,Fa,N,110000
1,0,2,0,2,1,Gd,5,Typ,2,TA,Attchd,1975.0,Unf,2,576,TA,TA,Y,280000
1,0,2,1,3,1,TA,7,Typ,0,,Attchd,1996.0,Fin,2,422,TA,TA,Y,204000
0,0,2,1,3,1,Gd,6,Typ,0,,Attchd,2008.0,RFn,2,676,TA,TA,Y,210000
2,0,2,0,4,2,TA,8,Typ,0,,Detchd,1976.0,Unf,2,560,TA,TA,Y,188000
0,0,1,1,3,1,TA,6,Typ,1,TA,Attchd,1973.0,Unf,2,528,TA,TA,Y,175500
0,0,1,0,4,1,TA,7,Typ,0,,Detchd,1916.0,Unf,3,513,Fa,Fa,Y,98000
1,0,1,0,2,1,Gd,6,Min1,2,Gd,Attchd,1954.0,Fin,2,529,TA,TA,Y,256000
0,0,1,0,3,1,Gd,7,Typ,1,Gd,Detchd,1925.0,Unf,1,228,TA,TA,Y,161000
1,0,1,0,3,1,Gd,5,Typ,1,TA,Detchd,1950.0,Unf,1,352,TA,TA,Y,110000
1,0,2,1,3,1,TA,8,Typ,0,,BuiltIn,2009.0,Fin,2,552,TA,TA,Y,263435
1,0,1,0,3,1,Gd,6,Typ,0,,Detchd,1971.0,RFn,2,576,TA,TA,Y,155000
0,0,1,0,3,1,TA,5,Typ,1,Po,Detchd,1965.0,Unf,1,360,TA,TA,Y,62383
0,0,1,1,3,1,TA,6,Typ,1,Gd,Detchd,1939.0,Unf,1,240,TA,TA,Y,188700
0,0,2,0,3,1,TA,5,Typ,0,,,,,0,0,,,Y,124000
0,0,2,0,2,1,Gd,6,Typ,1,TA,Attchd,2004.0,Fin,2,398,TA,TA,Y,178740
1,0,1,0,2,1,TA,5,Typ,1,Po,Attchd,1970.0,Unf,2,526,TA,TA,Y,167000
0,0,1,1,3,1,Gd,7,Typ,2,Gd,Attchd,1942.0,Unf,1,312,TA,TA,Y,146500
0,0,2,0,3,1,Gd,7,Typ,1,Gd,Attchd,2006.0,RFn,3,866,TA,TA,Y,250000
0,0,2,1,3,1,Gd,7,Typ,0,,Attchd,1993.0,RFn,2,506,TA,TA,Y,187000
1,0,1,1,1,1,Gd,4,Typ,0,,Attchd,1985.0,RFn,2,528,TA,TA,Y,212000
0,0,2,1,3,1,TA,8,Typ,1,Gd,Attchd,1977.0,RFn,2,534,TA,TA,Y,190000
1,0,1,0,2,1,TA,5,Typ,0,,Basment,2005.0,RFn,2,525,TA,TA,Y,148000
1,0,2,0,2,1,Gd,7,Typ,1,Ex,Attchd,2006.0,RFn,3,908,TA,TA,Y,440000
1,0,2,0,2,1,Ex,6,Typ,0,,Attchd,2000.0,RFn,2,499,TA,TA,Y,251000
1,0,1,0,2,1,TA,5,Typ,0,,Detchd,1996.0,Unf,2,624,TA,TA,Y,132500
1,0,2,0,3,1,Gd,7,Typ,1,TA,Attchd,1997.0,Fin,2,508,TA,TA,Y,208900
0,0,2,1,3,1,Ex,9,Typ,1,Gd,BuiltIn,2006.0,Fin,3,694,TA,TA,Y,380000
1,0,2,0,3,1,Gd,7,Typ,1,Gd,Attchd,2007.0,RFn,3,826,TA,TA,Y,297000
0,0,1,0,2,1,TA,7,Typ,0,,Detchd,1995.0,Unf,2,672,TA,TA,Y,89471
1,0,2,0,3,1,Gd,8,Typ,1,Gd,Attchd,2004.0,Fin,3,772,TA,TA,Y,326000
1,0,2,0,2,1,Ex,6,Typ,1,Gd,Attchd,2003.0,Fin,3,874,TA,TA,Y,374000
1,0,1,1,4,1,Ex,7,Min2,1,Gd,Attchd,1915.0,Unf,1,164,Fa,Fa,Y,155000
1,0,2,0,2,1,TA,5,Typ,0,,Attchd,1998.0,Unf,2,402,TA,TA,Y,164000
1,0,1,0,3,1,Gd,6,Typ,0,,Detchd,1963.0,Unf,1,264,TA,TA,Y,132500
0,0,1,0,3,1,Gd,5,Typ,1,Gd,Attchd,1950.0,Unf,1,264,TA,TA,Y,147000
1,0,1,1,3,1,TA,6,Typ,0,,Attchd,1965.0,RFn,2,515,TA,TA,Y,156000
0,0,2,0,3,1,TA,7,Typ,1,TA,Attchd,1971.0,Unf,2,487,TA,TA,Y,175000
0,0,2,0,3,2,TA,10,Mod,1,Gd,Attchd,1970.0,Unf,2,520,TA,Fa,N,160000
1,0,1,0,1,1,Gd,3,Typ,0,,Attchd,1970.0,Unf,1,286,TA,TA,Y,86000
0,0,1,1,3,1,TA,4,Typ,1,Gd,BuiltIn,1976.0,Fin,1,336,TA,TA,Y,115000
1,0,1,0,3,1,Fa,5,Typ,2,TA,Attchd,1941.0,Unf,1,240,TA,TA,Y,133000
0,0,2,1,3,1,TA,8,Typ,0,,Attchd,2006.0,RFn,2,429,TA,TA,Y,172785
0,0,1,1,3,1,TA,6,Typ,1,Fa,Detchd,1964.0,Unf,1,308,TA,TA,Y,155000
0,0,1,0,2,1,TA,4,Typ,0,,Attchd,1938.0,Unf,1,273,TA,TA,Y,91300
0,0,1,0,2,1,TA,4,Typ,0,,,,,0,0,,,N,34900
1,0,3,0,4,1,Gd,10,Typ,1,Gd,Attchd,1992.0,RFn,2,546,TA,TA,Y,430000
1,0,2,0,4,1,TA,8,Typ,0,,Detchd,1925.0,Unf,1,240,TA,TA,N,184000
0,0,1,0,3,1,Gd,5,Typ,0,,Attchd,1967.0,Fin,1,288,TA,TA,Y,130000
0,1,1,0,2,1,TA,5,Typ,0,,Attchd,1958.0,Fin,1,297,TA,TA,Y,120000
0,0,1,1,3,1,TA,7,Typ,0,,Detchd,1973.0,Unf,1,264,TA,TA,Y,113000
0,0,2,1,3,1,Gd,7,Typ,0,,Attchd,2005.0,RFn,2,603,TA,TA,Y,226700
1,0,1,0,2,1,TA,6,Typ,0,,Detchd,1965.0,Unf,2,461,Fa,Fa,Y,140000
1,0,2,0,1,1,TA,6,Typ,2,TA,Attchd,1959.0,Fin,2,484,TA,TA,Y,289000
0,1,2,1,3,1,TA,6,Typ,1,Fa,Attchd,1974.0,Unf,2,440,TA,TA,Y,147000
0,0,2,0,4,2,TA,10,Typ,0,,Detchd,1952.0,Unf,2,400,TA,TA,N,124500
0,0,2,1,3,1,Gd,8,Typ,1,TA,Attchd,1993.0,RFn,2,471,TA,TA,Y,215000
0,0,2,0,2,1,Gd,4,Typ,0,,Attchd,2009.0,Fin,2,676,TA,TA,Y,208300
0,0,2,0,3,1,Gd,7,Typ,1,Gd,Detchd,1928.0,Unf,2,360,TA,TA,N,161000
1,0,1,0,3,1,TA,6,Typ,0,,Attchd,1959.0,RFn,1,270,TA,TA,Y,124500
1,0,1,0,2,1,TA,6,Min1,2,TA,CarPort,1951.0,Unf,1,288,TA,TA,Y,164900
0,0,2,0,2,1,Gd,6,Typ,1,Gd,Attchd,2005.0,RFn,2,474,TA,TA,Y,202665
1,0,1,0,3,1,TA,5,Typ,0,,Detchd,1964.0,Unf,2,624,TA,TA,Y,129900
0,0,1,1,3,1,TA,5,Typ,0,,Attchd,1983.0,Unf,2,484,TA,TA,Y,134000
0,0,1,0,2,1,TA,5,Typ,0,,Detchd,1926.0,Unf,1,200,Po,Po,Y,96500
1,0,2,1,3,1,Ex,9,Typ,1,Gd,Attchd,2009.0,Fin,3,900,TA,TA,Y,402861
0,0,2,1,3,1,TA,7,Typ,1,TA,Attchd,1972.0,RFn,2,583,TA,TA,Y,158000
0,0,2,1,3,1,Gd,7,Typ,1,TA,Attchd,1996.0,RFn,3,889,TA,TA,Y,265000
1,0,2,1,3,1,TA,7,Typ,0,,Attchd,1998.0,RFn,2,546,TA,TA,Y,211000
0,0,1,1,3,1,Gd,9,Typ,2,Gd,Detchd,1926.0,Unf,1,282,TA,TA,Y,234000
0,0,2,0,3,2,TA,7,Typ,0,,,,,0,0,,,N,106250
0,0,1,1,3,1,TA,6,Typ,2,Gd,Attchd,1957.0,Unf,1,336,TA,TA,Y,150000
0,0,2,0,3,1,TA,7,Typ,2,Gd,Detchd,1950.0,Unf,2,420,TA,TA,Y,159000
1,0,3,1,3,1,Ex,11,Typ,1,Gd,BuiltIn,2007.0,Fin,3,884,TA,TA,Y,184750
1,0,2,1,3,1,Gd,8,Typ,1,TA,Attchd,1996.0,Fin,3,834,TA,TA,Y,315750
0,0,2,0,3,1,Gd,6,Typ,1,TA,Attchd,2005.0,Unf,2,453,TA,TA,Y,176000
0,0,1,0,2,1,TA,4,Typ,0,,Attchd,1956.0,Unf,1,252,TA,TA,Y,132000
1,0,2,1,3,1,Ex,11,Typ,1,Gd,Attchd,2008.0,Fin,3,858,TA,TA,Y,446261
1,0,1,0,2,1,TA,5,Typ,0,,,,,0,0,,,N,86000
1,0,3,0,4,2,TA,9,Maj1,2,TA,Attchd,1975.0,RFn,2,484,TA,TA,Y,200624
1,0,2,0,3,1,Gd,5,Typ,1,Fa,Attchd,1988.0,RFn,2,600,TA,TA,Y,175000
0,0,2,0,3,1,TA,6,Typ,0,,Detchd,1920.0,Fin,2,502,TA,Fa,Y,128000
0,0,1,0,2,1,TA,5,Mod,1,Po,Detchd,1967.0,Unf,1,392,TA,TA,Y,107500
0,0,1,0,1,1,Fa,2,Typ,0,,,,,0,0,,,N,39300
0,0,2,1,3,1,Gd,6,Typ,1,Gd,Attchd,2004.0,Fin,2,403,TA,TA,Y,178000
1,0,1,0,3,1,TA,5,Typ,0,,,,,0,0,,,N,107500
0,0,2,1,3,1,Gd,8,Typ,0,,Attchd,1998.0,Fin,2,527,TA,TA,Y,188000
0,0,1,0,3,1,TA,5,Typ,0,,Detchd,1980.0,Unf,2,576,TA,TA,Y,111250
0,0,1,1,3,1,TA,7,Typ,1,Fa,Attchd,1968.0,Unf,1,336,TA,TA,Y,158000
1,0,2,0,3,1,Gd,6,Typ,1,TA,Attchd,2001.0,RFn,2,670,TA,TA,Y,272000
1,0,2,0,2,1,Ex,8,Typ,1,Gd,Attchd,2006.0,Fin,3,765,TA,TA,Y,315000
0,0,2,1,4,1,Gd,8,Typ,1,TA,BuiltIn,2000.0,Fin,3,648,TA,TA,Y,248000
1,0,2,0,3,1,Gd,7,Maj1,1,TA,Attchd,1998.0,Fin,2,583,TA,TA,Y,213250
1,0,1,0,1,1,TA,4,Typ,0,,Attchd,1998.0,Fin,1,367,TA,TA,Y,133000
1,0,2,1,3,1,Gd,7,Typ,1,Gd,Attchd,2006.0,RFn,2,426,TA,TA,Y,179665
0,0,2,1,4,1,Gd,9,Typ,0,,Attchd,1988.0,Unf,3,786,TA,TA,Y,229000
0,0,1,1,3,1,TA,6,Typ,1,Gd,Detchd,1950.0,Unf,2,440,TA,TA,Y,210000
1,0,1,0,2,1,TA,5,Typ,0,,Detchd,1987.0,Unf,2,624,TA,TA,Y,129500
1,0,1,0,2,1,TA,4,Typ,0,,Detchd,1963.0,RFn,2,720,TA,TA,Y,125000
0,0,2,1,4,1,Gd,8,Typ,1,Gd,BuiltIn,2003.0,Fin,2,615,TA,TA,Y,263000
0,0,2,0,2,1,TA,4,Typ,0,,Attchd,1977.0,RFn,2,440,TA,TA,Y,140000
0,0,1,0,3,1,TA,5,Typ,0,,Attchd,1957.0,Fin,1,288,TA,TA,Y,112500
0,0,2,0,3,1,Gd,7,Typ,1,Gd,Attchd,2006.0,RFn,3,908,TA,TA,Y,255500
0,0,2,0,2,1,Gd,5,Typ,0,,Detchd,2002.0,Fin,2,520,TA,TA,N,108000
1,0,2,1,3,1,Gd,8,Typ,1,Gd,BuiltIn,2003.0,RFn,3,871,TA,TA,Y,284000
0,0,1,0,2,1,TA,5,Typ,1,Gd,Detchd,1922.0,Unf,1,280,TA,TA,Y,113000
1,0,1,0,2,1,TA,6,Typ,1,TA,Attchd,1957.0,Fin,1,299,TA,TA,Y,141000
0,0,1,1,3,1,TA,7,Typ,0,,CarPort,1994.0,Unf,1,570,TA,TA,Y,108000
0,1,2,1,3,1,TA,6,Typ,1,TA,Attchd,1996.0,Unf,2,406,TA,TA,Y,175000
0,0,2,0,2,1,Gd,7,Typ,1,TA,Attchd,2003.0,Fin,2,420,TA,TA,Y,234000
1,0,1,1,3,1,TA,5,Mod,1,Gd,Detchd,1957.0,Unf,2,528,TA,TA,Y,121500
1,0,1,0,2,1,TA,6,Typ,1,TA,Attchd,1975.0,RFn,2,418,TA,TA,Y,170000
1,0,1,0,3,1,TA,6,Typ,1,Gd,,,,0,0,,,Y,108000
0,0,2,0,4,1,TA,8,Typ,1,Gd,Detchd,1955.0,Fin,2,396,TA,TA,N,185000
1,0,2,1,4,1,Gd,9,Typ,1,TA,Attchd,1992.0,RFn,2,590,TA,TA,Y,268000
1,0,1,1,4,1,Fa,6,Typ,0,,Detchd,1920.0,Unf,1,216,TA,TA,Y,128000
0,0,2,1,4,1,Ex,11,Typ,1,Gd,BuiltIn,2005.0,Fin,3,656,TA,TA,Y,325000
0,0,2,0,3,1,Gd,7,Typ,0,,Attchd,2004.0,RFn,2,532,TA,TA,Y,214000
1,0,1,1,1,1,Gd,5,Min2,1,Gd,BuiltIn,1983.0,Fin,2,612,Gd,TA,Y,316600
1,0,1,0,2,1,TA,4,Typ,2,TA,Detchd,1979.0,Unf,2,600,TA,TA,Y,135960
0,0,2,0,6,2,TA,10,Typ,0,,Detchd,1987.0,Unf,2,576,TA,TA,Y,142600
1,0,1,0,2,1,Gd,4,Typ,0,,Attchd,1959.0,Unf,1,288,TA,TA,Y,120000
0,0,2,1,3,1,Gd,6,Typ,0,,Attchd,2009.0,RFn,2,650,TA,TA,Y,224500
0,0,2,1,3,1,TA,8,Typ,1,TA,BuiltIn,2000.0,RFn,2,400,TA,TA,Y,170000
0,1,1,0,3,1,TA,5,Typ,0,,BuiltIn,1971.0,Unf,1,288,TA,TA,Y,139000
0,0,1,0,2,1,TA,6,Typ,0,,Detchd,1947.0,Unf,1,336,TA,TA,Y,118500
0,1,2,0,3,1,TA,6,Typ,1,Gd,Detchd,1928.0,Unf,1,216,TA,TA,Y,145000
1,0,1,0,3,1,TA,6,Typ,2,Fa,Attchd,1966.0,RFn,2,564,TA,TA,Y,164500
0,0,2,0,2,1,Gd,5,Typ,0,,Detchd,2007.0,Unf,2,540,TA,TA,Y,146000
0,0,2,0,4,1,TA,7,Typ,0,,Attchd,1954.0,Unf,1,352,Fa,TA,Y,131500
0,1,1,0,3,1,Gd,7,Typ,2,Gd,Attchd,1960.0,Unf,2,572,TA,TA,Y,181900
0,0,2,1,3,1,Ex,8,Typ,1,Gd,Attchd,2009.0,RFn,3,1390,TA,TA,Y,253293
1,0,1,0,3,1,TA,5,Typ,0,,,,,0,0,,,Y,118500
0,0,3,1,3,1,Gd,9,Typ,1,Gd,Detchd,1988.0,Unf,2,880,Gd,TA,Y,325000
0,0,1,0,3,1,Gd,6,Typ,0,,Detchd,1935.0,Unf,1,240,TA,TA,Y,133000
1,0,2,0,2,1,Gd,7,Typ,2,Gd,Attchd,2005.0,RFn,3,880,TA,TA,Y,369900
1,0,1,0,2,1,Fa,5,Typ,0,,Detchd,1961.0,Fin,1,275,TA,TA,N,130000
1,0,1,0,2,1,TA,4,Typ,0,,Detchd,1996.0,Unf,2,528,TA,TA,Y,137000
2,0,1,0,1,1,Ex,5,Typ,2,Gd,Attchd,1968.0,Unf,1,452,TA,TA,Y,143000
0,0,1,0,2,1,TA,4,Typ,0,,Detchd,1988.0,Unf,1,308,TA,TA,P,79500
0,0,2,1,3,1,Gd,6,Typ,0,,Attchd,2004.0,RFn,2,520,TA,TA,Y,185900
1,0,2,1,3,1,Ex,10,Typ,1,Gd,BuiltIn,2008.0,RFn,3,842,TA,TA,Y,451950
1,0,1,0,2,1,TA,4,Typ,0,,Detchd,1985.0,Fin,2,816,TA,TA,Y,138000
1,0,1,0,1,1,Gd,4,Typ,0,,Attchd,2003.0,Fin,2,420,TA,TA,Y,140000
0,0,1,0,3,1,TA,5,Typ,0,,Detchd,1981.0,Unf,1,280,TA,TA,Y,110000
1,0,2,0,3,1,Gd,7,Typ,1,TA,Attchd,2005.0,Fin,3,758,TA,TA,Y,319000
0,0,1,0,3,1,TA,7,Typ,0,,Detchd,1930.0,Unf,1,216,TA,Fa,N,114504
0,2,0,2,2,1,Gd,7,Typ,1,Gd,Attchd,2006.0,Fin,3,648,TA,TA,Y,194201
1,0,2,0,3,1,Gd,7,Typ,1,TA,Attchd,1977.0,Fin,2,621,TA,TA,Y,217500
1,0,2,1,3,1,TA,6,Typ,1,TA,Attchd,1980.0,Fin,2,452,TA,TA,Y,151000
1,0,2,1,3,1,Ex,8,Typ,1,Gd,BuiltIn,2003.0,Fin,2,736,TA,TA,Y,275000
0,0,1,1,3,1,Gd,6,Typ,1,Gd,Detchd,1979.0,Unf,1,544,TA,TA,P,141000
1,0,2,1,3,1,Gd,8,Typ,1,TA,Attchd,1992.0,Fin,2,506,TA,TA,Y,220000
0,0,2,1,2,1,Gd,4,Typ,0,,Detchd,2004.0,RFn,2,480,TA,TA,Y,151000
1,0,2,0,3,1,Gd,6,Typ,1,TA,Attchd,2002.0,RFn,2,530,TA,TA,Y,221000
0,0,2,1,3,1,TA,7,Typ,3,Fa,Attchd,1965.0,Unf,2,486,TA,TA,Y,205000
1,0,1,0,3,1,Gd,6,Typ,0,,Detchd,2000.0,Unf,2,576,TA,TA,Y,152000
1,0,3,0,3,1,Ex,8,Typ,0,,Attchd,1948.0,Unf,1,230,TA,TA,Y,225000
0,0,2,1,4,1,TA,10,Typ,2,Gd,Basment,1934.0,Unf,2,380,TA,TA,Y,359100
1,0,1,0,3,1,TA,5,Typ,0,,Attchd,1961.0,Unf,1,261,TA,TA,Y,118500
1,0,2,1,3,1,Ex,8,Typ,2,Ex,Attchd,2000.0,Fin,3,736,TA,TA,Y,313000
0,1,2,0,3,1,TA,6,Typ,1,TA,Attchd,1978.0,Unf,2,564,TA,TA,Y,148000
1,0,2,1,3,1,Ex,7,Typ,1,TA,BuiltIn,2001.0,RFn,2,531,TA,TA,Y,261500
0,0,1,0,3,1,TA,6,Typ,0,,,,,0,0,,,Y,147000
1,0,1,0,1,1,TA,3,Typ,0,,,,,0,0,,,Y,75500
1,0,1,0,3,1,Gd,6,Typ,0,,Attchd,1963.0,RFn,2,480,TA,TA,Y,137500
1,0,2,1,3,1,Gd,7,Typ,1,Gd,Attchd,2002.0,Fin,2,393,TA,TA,Y,183200
0,0,1,0,2,1,Gd,4,Typ,0,,Detchd,1962.0,Unf,2,528,TA,TA,Y,105500
0,0,2,0,3,1,Gd,9,Typ,1,Gd,Attchd,2007.0,Unf,3,774,TA,TA,Y,314813
1,0,2,1,4,1,Gd,10,Typ,2,Gd,Attchd,2003.0,Fin,3,749,TA,TA,Y,305000
1,0,1,0,2,1,TA,5,Typ,0,,,,,0,0,,,N,67000
0,0,2,1,4,1,TA,9,Typ,1,TA,Attchd,1974.0,RFn,2,624,TA,TA,Y,240000
0,0,1,0,3,1,TA,6,Typ,0,,Detchd,1986.0,Unf,2,484,TA,TA,Y,135000
0,0,2,1,2,1,Gd,4,Typ,1,TA,Detchd,2000.0,Unf,2,440,TA,TA,Y,168500
1,0,1,2,4,1,TA,8,Min2,1,TA,Attchd,1972.0,RFn,2,484,TA,TA,Y,165150
0,0,1,1,3,1,TA,5,Typ,0,,Attchd,1962.0,Unf,2,440,TA,TA,Y,160000
0,0,1,0,3,1,TA,6,Min1,1,TA,Attchd,1960.0,RFn,1,286,TA,TA,Y,139900
1,0,1,0,3,1,TA,7,Typ,2,Gd,Basment,1955.0,RFn,1,364,TA,TA,Y,153000
0,1,1,2,5,1,Fa,9,Typ,2,TA,Attchd,1969.0,Unf,2,504,TA,TA,Y,135000
1,0,1,1,3,1,TA,6,Typ,0,,Attchd,1964.0,RFn,2,520,TA,TA,Y,168500
0,0,1,0,3,1,Ex,8,Typ,0,,Detchd,1937.0,Unf,1,240,Fa,Po,N,124000
0,0,2,0,2,1,Gd,6,Typ,1,Gd,Attchd,2006.0,RFn,2,627,TA,TA,Y,209500
0,0,2,0,3,1,TA,6,Typ,1,TA,Attchd,1977.0,Fin,2,544,TA,TA,Y,82500
0,1,1,0,3,1,TA,6,Typ,0,,Attchd,1954.0,Unf,1,260,TA,TA,Y,139400
2,0,0,0,0,2,TA,4,Typ,0,,Detchd,1980.0,Unf,2,576,TA,TA,Y,144000
0,0,2,0,8,2,Fa,14,Typ,0,,,,,0,0,,,N,200000
0,0,1,0,1,1,Fa,4,Maj1,1,Po,,,,0,0,,,N,60000
0,0,2,0,3,2,Gd,7,Typ,0,,BuiltIn,1954.0,Unf,1,256,TA,TA,Y,93000
0,0,1,0,2,1,TA,4,Typ,0,,,,,0,0,,,P,85000
1,0,2,0,1,1,Ex,7,Typ,1,Gd,Attchd,2006.0,Fin,3,648,TA,TA,Y,264561
0,0,1,1,1,1,Ex,6,Typ,1,Gd,Attchd,2003.0,RFn,2,588,TA,TA,Y,274000
1,0,2,1,3,1,Gd,7,Typ,1,TA,Attchd,2001.0,Fin,2,650,TA,TA,Y,226000
1,0,2,1,4,1,Ex,9,Typ,3,TA,Attchd,1972.0,Fin,2,538,TA,TA,Y,345000
0,0,2,1,4,1,TA,7,Min1,0,,Attchd,1969.0,Fin,2,462,TA,TA,Y,152000
1,0,2,1,2,1,Ex,7,Typ,1,Gd,Attchd,2009.0,Fin,3,478,TA,TA,Y,370878
1,0,1,1,3,1,TA,5,Typ,0,,Detchd,1979.0,Unf,2,576,TA,TA,Y,143250
0,0,1,0,3,1,TA,7,Min1,0,,Detchd,1950.0,Unf,2,420,TA,TA,Y,98300
0,0,1,0,3,1,TA,5,Typ,2,Gd,Attchd,1953.0,RFn,2,495,TA,TA,Y,155000
0,0,1,1,4,1,TA,7,Typ,1,TA,Attchd,1966.0,Unf,2,442,TA,TA,Y,155000
1,0,1,0,1,1,TA,3,Typ,0,,,,,0,0,,,Y,84500
0,0,2,1,3,1,Gd,7,Typ,0,,Attchd,2007.0,RFn,2,562,TA,TA,Y,205950
1,0,1,0,4,1,TA,7,Typ,1,Gd,Detchd,1940.0,Unf,1,296,Fa,Po,P,108000
0,0,2,1,2,1,Gd,7,Typ,1,TA,Attchd,1996.0,RFn,2,512,TA,TA,Y,191000
0,0,1,0,3,1,TA,7,Typ,0,,Detchd,1906.0,Unf,1,216,TA,TA,Y,135000
1,0,2,1,2,1,Gd,7,Typ,1,TA,Attchd,1995.0,Fin,3,839,TA,TA,Y,350000
0,0,1,1,3,1,TA,6,Typ,0,,Detchd,1971.0,Unf,1,264,TA,TA,Y,88000
1,0,1,1,3,1,Gd,5,Typ,0,,Attchd,1959.0,RFn,1,312,TA,TA,Y,145500
0,0,1,1,3,1,TA,6,Typ,1,Gd,Attchd,1931.0,RFn,1,270,TA,TA,P,149000
0,1,1,0,3,1,TA,6,Typ,1,Gd,Attchd,1948.0,Unf,1,330,TA,TA,Y,97500
1,0,1,0,3,1,TA,7,Typ,0,,Detchd,1968.0,Fin,2,480,TA,TA,Y,167000
0,0,2,1,3,1,TA,7,Typ,1,TA,Attchd,1976.0,RFn,2,550,TA,TA,Y,197900
1,0,2,1,4,1,Gd,8,Typ,1,TA,Attchd,1994.0,RFn,3,711,TA,TA,Y,402000
1,0,1,0,2,1,TA,5,Maj2,2,TA,Attchd,1968.0,RFn,2,576,TA,TA,Y,110000
1,0,2,0,3,1,TA,6,Typ,0,,Detchd,1974.0,RFn,2,588,TA,TA,Y,137500
1,0,1,1,1,1,Ex,8,Typ,1,Ex,Attchd,2005.0,Fin,3,1134,TA,TA,Y,423000
0,0,2,1,3,1,Gd,7,Typ,1,TA,Attchd,2000.0,RFn,2,504,TA,TA,Y,230500
0,0,2,1,3,1,TA,7,Sev,1,Po,CarPort,1965.0,Unf,2,596,TA,TA,Y,129000
1,0,2,0,3,1,Gd,7,Typ,1,Fa,Attchd,1994.0,RFn,2,575,TA,TA,Y,193500
1,0,1,1,3,1,TA,6,Min2,1,TA,Detchd,1999.0,Unf,2,576,TA,TA,Y,168000
0,0,1,0,2,1,Fa,5,Typ,1,Gd,Detchd,1922.0,Unf,1,252,TA,Fa,Y,137500
1,0,2,1,3,1,Gd,7,Typ,0,,Attchd,2005.0,Fin,2,540,TA,TA,Y,173500
1,0,2,0,3,1,TA,6,Typ,0,,Detchd,1930.0,Unf,1,300,TA,TA,Y,103600
1,0,1,1,3,1,TA,6,Typ,1,TA,Attchd,1977.0,RFn,2,546,TA,TA,Y,165000
1,0,2,0,3,1,Gd,7,Typ,2,TA,Attchd,1957.0,Fin,2,416,TA,TA,Y,257500
1,0,1,0,3,1,TA,5,Typ,1,Gd,Attchd,1965.0,RFn,1,384,TA,TA,Y,140000
0,0,2,1,3,1,TA,7,Typ,1,TA,Attchd,1978.0,Unf,2,440,TA,TA,Y,148500
1,0,2,0,4,2,TA,8,Min2,0,,2Types,1920.0,Unf,3,779,Fa,Fa,N,87000
0,0,1,0,2,1,Gd,5,Typ,0,,Detchd,1924.0,Unf,1,240,Fa,Fa,N,109500
0,0,2,1,3,1,Gd,7,Typ,1,Gd,Attchd,2008.0,Fin,3,834,TA,TA,Y,372500
1,0,1,0,3,1,TA,5,Typ,0,,Detchd,1963.0,Unf,2,572,TA,TA,Y,128500
0,0,2,0,2,1,TA,5,Typ,1,TA,Attchd,1980.0,RFn,1,264,TA,TA,Y,143000
0,0,1,0,3,1,TA,6,Typ,0,,Detchd,1968.0,Unf,1,281,TA,TA,Y,159434
1,0,1,0,2,1,Gd,6,Typ,1,Gd,Attchd,1996.0,Unf,2,431,TA,TA,Y,173000
1,0,2,0,3,1,Gd,7,Typ,1,TA,Attchd,2002.0,Fin,3,702,TA,TA,Y,285000
0,0,2,1,4,1,TA,7,Typ,0,,Attchd,1998.0,Fin,2,486,TA,TA,Y,221000
1,0,2,0,3,1,Gd,6,Min1,1,TA,Attchd,1984.0,Fin,2,577,TA,TA,Y,207500
0,0,3,0,3,1,Gd,7,Typ,0,,Attchd,2007.0,Fin,2,578,TA,TA,Y,227875
0,0,2,1,2,1,Gd,4,Typ,0,,Detchd,2004.0,Unf,2,480,TA,TA,Y,148800
1,0,2,0,2,1,Gd,7,Typ,1,Gd,Attchd,2007.0,RFn,2,567,TA,TA,Y,392000
0,0,2,0,2,1,Gd,6,Typ,1,Gd,Attchd,2005.0,RFn,2,460,TA,TA,Y,194700
1,0,1,0,1,1,Gd,3,Typ,1,TA,Attchd,2004.0,RFn,2,420,TA,TA,Y,141000
0,1,3,1,4,1,Ex,10,Typ,2,Ex,Attchd,1994.0,Fin,3,832,TA,TA,Y,755000
1,0,2,1,4,1,Gd,9,Typ,2,Gd,Attchd,1989.0,RFn,2,628,TA,TA,Y,335000
0,0,1,0,2,1,TA,4,Typ,0,,Detchd,1968.0,Unf,1,326,TA,TA,Y,108480
0,0,1,1,3,1,TA,5,Typ,0,,Detchd,1995.0,Unf,2,576,TA,TA,Y,141500
1,0,2,0,2,1,Gd,5,Typ,1,TA,Attchd,1987.0,Unf,2,551,TA,TA,Y,176000
0,0,1,0,2,1,TA,4,Typ,0,,Detchd,1921.0,Unf,1,205,TA,TA,Y,89000
0,1,1,0,2,1,TA,6,Typ,0,,Detchd,1952.0,Unf,1,308,TA,TA,Y,123500
1,0,1,0,3,1,TA,5,Typ,1,Gd,Detchd,1973.0,Unf,1,336,TA,TA,Y,138500
0,0,2,0,2,1,Gd,5,Typ,0,,Attchd,2004.0,RFn,2,530,TA,TA,Y,196000
1,0,2,0,3,1,Gd,7,Typ,1,Gd,Attchd,2002.0,Fin,3,765,TA,TA,Y,312500
0,0,1,1,3,1,TA,6,Typ,0,,Attchd,1969.0,Unf,2,528,TA,TA,Y,140000
0,0,2,1,4,1,Ex,10,Typ,1,Gd,BuiltIn,2006.0,Fin,3,666,TA,TA,Y,361919
0,0,2,0,4,2,Gd,8,Typ,1,Po,Detchd,1999.0,Unf,2,672,TA,TA,N,140000
1,0,2,0,3,1,Gd,7,Typ,0,,Attchd,2004.0,RFn,2,606,TA,TA,Y,213000
0,0,2,0,3,2,Fa,7,Mod,0,,,,,0,0,,,N,55000
1,0,2,0,2,1,Gd,5,Typ,2,TA,Attchd,1971.0,Unf,2,739,TA,TA,Y,302000
1,0,2,0,2,1,Gd,6,Typ,1,Gd,Attchd,2006.0,Fin,2,550,TA,TA,Y,254000
0,0,2,1,3,1,Gd,8,Typ,1,Gd,Attchd,2007.0,Fin,2,400,TA,TA,Y,179540
0,0,1,0,3,1,TA,6,Typ,0,,Attchd,1966.0,Unf,1,408,TA,TA,Y,109900
0,0,1,0,2,1,TA,5,Maj2,0,,,,,0,0,,,N,52000
0,0,1,0,2,1,TA,7,Typ,0,,Detchd,1964.0,RFn,1,384,TA,TA,N,102776
1,0,2,0,2,1,Gd,5,Typ,1,Gd,Attchd,1988.0,Fin,2,472,TA,TA,Y,189000
1,0,1,0,3,1,TA,6,Typ,0,,Detchd,1970.0,Unf,2,576,TA,TA,Y,129000
0,0,2,1,3,1,Gd,6,Typ,0,,Attchd,1976.0,RFn,2,475,TA,TA,Y,130500
0,0,2,0,3,1,TA,7,Typ,1,TA,Attchd,1974.0,RFn,2,478,TA,TA,Y,165000
0,0,1,1,3,1,TA,8,Typ,0,,Detchd,1996.0,Unf,2,704,TA,TA,P,159500
0,1,1,1,3,1,Gd,5,Typ,1,Fa,Attchd,1973.0,Unf,2,439,TA,TA,Y,157000
1,0,2,1,3,1,Gd,9,Typ,1,TA,Attchd,1993.0,RFn,3,983,TA,TA,Y,341000
0,0,1,1,3,1,TA,5,Typ,1,Po,Attchd,1969.0,Unf,1,300,TA,TA,Y,128500
1,0,2,0,2,1,Gd,5,Typ,1,TA,Attchd,1985.0,RFn,2,564,TA,TA,Y,275000
1,0,1,0,1,1,Gd,3,Typ,0,,Attchd,2004.0,RFn,2,420,TA,TA,Y,143000
0,0,1,0,3,1,TA,5,Typ,0,,Detchd,1994.0,Unf,2,463,TA,TA,Y,124500
0,0,2,0,4,1,TA,7,Typ,0,,Detchd,1958.0,Unf,1,548,TA,TA,Y,135000
1,0,2,0,3,1,Ex,8,Typ,1,Gd,Attchd,2007.0,Fin,3,768,TA,TA,Y,320000
0,0,1,0,3,1,Gd,5,Typ,0,,Detchd,1989.0,Unf,2,660,TA,TA,Y,120500
1,0,2,0,3,1,Gd,5,Typ,1,Gd,Attchd,1988.0,Fin,2,540,TA,TA,Y,222000
1,0,2,0,2,1,Gd,6,Typ,0,,Attchd,2007.0,RFn,2,632,TA,TA,Y,194500
1,0,2,0,4,2,TA,9,Typ,0,,Detchd,1968.0,Unf,3,888,TA,TA,Y,110000
0,0,1,0,2,1,TA,5,Typ,0,,Detchd,1962.0,Unf,2,539,TA,TA,Y,103000
1,0,2,0,2,1,Gd,5,Typ,1,TA,Attchd,1995.0,RFn,2,608,TA,TA,Y,236500
1,0,2,0,3,1,Gd,6,Typ,1,Gd,Attchd,2003.0,Fin,2,438,TA,TA,Y,187500
0,0,2,1,3,1,Gd,8,Typ,1,TA,Attchd,1998.0,Fin,2,541,TA,TA,Y,222500
1,0,1,0,3,1,TA,6,Typ,1,TA,Attchd,1961.0,RFn,1,264,TA,TA,Y,131400
0,0,1,0,3,1,TA,6,Typ,0,,Attchd,1968.0,Unf,1,300,TA,TA,Y,108000
0,0,1,1,2,1,TA,6,Typ,2,TA,Detchd,1914.0,Unf,2,320,TA,TA,N,163000
0,0,2,0,2,2,TA,6,Typ,0,,Detchd,1949.0,Unf,2,400,TA,TA,Y,93500
0,0,2,1,3,1,Gd,8,Typ,1,Gd,Attchd,2005.0,Fin,3,800,TA,TA,Y,239900
3,0,3,0,3,1,TA,5,Typ,0,,,,,0,0,,,Y,179000
0,0,2,1,3,1,Gd,7,Typ,0,,Attchd,2004.0,RFn,2,572,TA,TA,Y,190000
0,0,2,0,2,1,TA,7,Typ,0,,Detchd,1910.0,Unf,2,360,TA,Gd,Y,132000
1,1,1,0,3,1,Gd,5,Typ,0,,Detchd,1962.0,Unf,1,288,TA,TA,Y,142000
0,0,2,0,3,1,TA,6,Typ,0,,Attchd,2000.0,Unf,2,539,TA,TA,Y,179000
0,1,2,0,3,1,TA,6,Min2,1,TA,Attchd,1997.0,RFn,2,480,TA,TA,Y,175000
1,0,2,0,2,1,Gd,5,Typ,1,TA,Attchd,1993.0,RFn,2,462,TA,TA,Y,180000
0,1,3,1,4,1,Gd,11,Typ,2,TA,BuiltIn,1994.0,Fin,2,831,TA,TA,Y,299800
0,0,2,1,4,1,Gd,8,Typ,1,TA,BuiltIn,2000.0,Fin,2,554,TA,TA,Y,236000
0,0,1,1,4,1,Gd,8,Typ,1,Gd,Detchd,1950.0,Unf,4,864,TA,TA,N,265979
1,0,2,0,3,1,Gd,7,Typ,1,TA,Attchd,1996.0,Fin,2,527,TA,TA,Y,260400
0,0,2,0,4,1,TA,9,Mod,0,,Detchd,1945.0,Unf,1,240,TA,TA,N,98000
0,0,1,0,3,1,TA,7,Min2,0,,,,,0,0,,,N,96500
0,0,2,1,3,1,Gd,6,Typ,0,,Attchd,2003.0,Fin,2,400,TA,TA,Y,162000
1,0,2,0,3,1,Gd,6,Typ,0,,Attchd,1997.0,RFn,2,576,TA,TA,Y,217000
0,0,2,1,3,1,Ex,8,Typ,1,Gd,Attchd,2005.0,RFn,3,878,TA,TA,Y,275500
1,0,1,0,3,1,Gd,5,Typ,0,,Detchd,1969.0,RFn,2,440,TA,TA,Y,156000
0,0,2,1,3,1,TA,6,Typ,0,,Detchd,1999.0,Unf,2,440,TA,TA,Y,172500
0,0,2,1,3,1,Gd,7,Typ,0,,Attchd,2007.0,RFn,2,578,TA,TA,Y,212000
0,0,2,1,3,1,TA,6,Typ,1,TA,Attchd,1978.0,Fin,2,440,TA,TA,Y,158900
0,0,2,1,3,1,TA,6,Typ,0,,Detchd,1999.0,Unf,2,440,TA,TA,Y,179400
0,0,2,1,4,1,Gd,9,Typ,1,TA,Attchd,1995.0,RFn,3,752,TA,TA,Y,290000
0,0,1,0,2,1,TA,5,Typ,0,,Detchd,2008.0,Unf,1,300,Ex,Ex,Y,127500
0,0,1,0,2,1,Fa,5,Min1,0,,Detchd,1965.0,Unf,2,440,TA,TA,Y,100000
0,0,2,1,3,1,Gd,7,Typ,0,,Attchd,2009.0,Unf,2,614,TA,TA,Y,215200
1,0,2,1,3,1,Gd,8,Typ,1,Gd,Attchd,1999.0,RFn,3,856,TA,TA,Y,337000
1,0,1,1,2,1,Ex,6,Typ,1,Gd,Attchd,1995.0,Fin,2,481,TA,TA,Y,270000
0,0,2,0,2,1,Ex,6,Typ,1,Gd,Attchd,2008.0,Fin,2,592,TA,TA,Y,264132
0,0,2,1,3,1,TA,7,Typ,1,TA,Attchd,1988.0,Unf,2,496,TA,TA,Y,196500
1,0,2,0,4,1,TA,7,Mod,0,,Attchd,1989.0,Unf,1,423,TA,TA,Y,160000
0,0,2,0,3,1,Gd,8,Typ,1,Gd,Attchd,2004.0,Fin,2,484,TA,TA,Y,216837
1,0,3,1,4,1,Ex,12,Mod,1,Gd,BuiltIn,2003.0,Fin,3,841,TA,TA,Y,538000
1,0,1,0,2,1,TA,5,Typ,0,,Detchd,1983.0,Unf,2,576,TA,TA,Y,134900
0,0,1,0,2,1,TA,6,Typ,0,,Detchd,1951.0,Unf,2,396,TA,TA,Y,102000
1,0,1,0,3,1,TA,6,Typ,1,TA,Detchd,1976.0,Unf,2,672,TA,TA,Y,107000
0,0,1,0,2,1,TA,5,Typ,0,,Attchd,1958.0,RFn,1,275,TA,TA,Y,114500
0,0,2,0,3,1,Gd,9,Typ,1,Gd,Attchd,2006.0,Fin,3,895,TA,TA,Y,395000
1,0,2,0,2,1,TA,5,Typ,0,,Attchd,1998.0,Fin,2,412,TA,TA,Y,162000
0,0,2,0,3,1,Gd,7,Typ,0,,Attchd,2005.0,RFn,3,865,TA,TA,Y,221500
1,0,1,0,3,1,TA,5,Typ,1,Fa,Attchd,1974.0,Unf,2,440,TA,TA,Y,142500
0,0,2,0,4,2,TA,10,Typ,2,TA,Detchd,1977.0,Unf,2,630,TA,TA,Y,144000
1,0,1,0,2,1,TA,4,Typ,0,,Attchd,1977.0,Unf,2,504,TA,TA,Y,135000
0,0,2,0,3,1,TA,6,Typ,1,TA,Attchd,1995.0,Fin,2,402,TA,TA,Y,176000
0,0,2,1,3,1,Gd,7,Typ,0,,Attchd,1992.0,RFn,2,484,TA,TA,Y,175900
0,0,2,0,3,1,Gd,6,Typ,0,,Attchd,2001.0,RFn,2,605,TA,TA,Y,187100
1,0,1,0,1,1,Gd,4,Typ,1,TA,Attchd,1978.0,Fin,2,602,TA,TA,Y,165500
0,0,2,0,3,1,TA,9,Typ,1,Gd,,,,0,0,,,Y,128000
0,0,2,0,3,1,TA,7,Typ,1,Gd,Attchd,1967.0,Unf,2,457,TA,TA,Y,161500
1,0,2,0,4,1,TA,7,Typ,0,,Detchd,1961.0,Unf,1,416,TA,TA,Y,139000
1,0,2,1,4,1,Gd,8,Typ,0,,BuiltIn,2004.0,RFn,2,618,TA,TA,Y,233000
0,0,1,0,2,1,TA,4,Typ,0,,Detchd,1954.0,Unf,1,281,Fa,TA,Y,107900
0,0,2,1,5,1,Gd,9,Typ,0,,Attchd,1966.0,Fin,2,444,TA,TA,Y,187500
0,0,2,0,2,1,Gd,5,Typ,1,Gd,Attchd,2005.0,Fin,2,397,TA,TA,Y,160200
1,0,1,0,3,1,TA,5,Typ,2,TA,Attchd,1976.0,RFn,2,539,TA,TA,Y,146800
1,0,2,1,3,1,TA,8,Typ,1,TA,Attchd,1997.0,Unf,2,455,TA,TA,Y,269790
0,0,2,0,3,1,Gd,7,Typ,0,,Attchd,2007.0,Fin,2,474,TA,TA,Y,225000
0,0,2,1,3,1,Gd,7,Typ,1,TA,Attchd,1994.0,Fin,2,409,TA,TA,Y,194500
0,0,2,1,3,1,TA,7,Typ,1,TA,Attchd,1980.0,Unf,2,476,TA,TA,Y,171000
0,0,1,1,3,1,TA,7,Typ,1,TA,Attchd,1977.0,RFn,2,528,TA,TA,Y,143500
0,0,1,0,2,1,TA,4,Typ,0,,Attchd,1953.0,Unf,1,240,TA,TA,Y,110000
0,0,3,1,4,1,Ex,11,Typ,2,Gd,BuiltIn,2009.0,Fin,3,820,TA,TA,Y,485000
1,0,1,1,3,1,Gd,7,Typ,2,TA,Detchd,1939.0,Unf,1,240,TA,TA,Y,175000
1,0,2,1,4,1,Gd,8,Typ,0,,Attchd,1997.0,RFn,2,603,TA,TA,Y,200000
1,0,1,0,2,1,TA,5,Typ,0,,Detchd,1957.0,Unf,2,440,TA,TA,Y,109900
1,0,2,1,3,1,Gd,7,Typ,1,Gd,Attchd,2005.0,Fin,2,410,TA,TA,Y,189000
0,0,3,1,4,1,Ex,12,Typ,1,Gd,BuiltIn,2009.0,RFn,3,1020,TA,TA,Y,582933
0,0,1,0,2,1,TA,5,Min1,0,,Attchd,1954.0,Unf,1,286,TA,TA,Y,118000
0,0,2,0,3,1,Ex,6,Typ,0,,Attchd,2008.0,RFn,2,554,TA,TA,Y,227680
0,0,2,0,3,1,TA,6,Typ,0,,Attchd,1967.0,Fin,1,384,TA,TA,Y,135500
2,0,1,1,3,1,Gd,6,Typ,1,TA,Attchd,1923.0,RFn,2,528,TA,TA,Y,223500
1,0,1,0,3,1,TA,6,Typ,1,Gd,Attchd,1966.0,RFn,2,484,TA,TA,Y,159950
0,0,2,0,2,3,TA,11,Typ,0,,Detchd,1910.0,Unf,2,360,Fa,Po,N,106000
1,0,1,1,3,1,Gd,5,Typ,1,Fa,Attchd,1974.0,RFn,2,484,TA,TA,Y,181000
1,0,1,0,1,1,Gd,4,Typ,1,Gd,Attchd,2004.0,Fin,2,420,TA,TA,Y,144500
0,0,1,0,2,1,Fa,4,Typ,0,,Basment,1952.0,Unf,2,504,TA,TA,N,55993
0,0,1,1,4,1,TA,7,Typ,0,,Attchd,1958.0,RFn,1,301,TA,TA,Y,157900
0,1,1,1,3,1,Fa,7,Typ,0,,Detchd,1955.0,Unf,1,280,TA,TA,P,116000
0,0,2,0,3,1,Gd,6,Typ,0,,Attchd,1998.0,RFn,2,598,TA,TA,Y,224900
0,0,1,0,2,1,TA,4,Typ,1,Gd,Attchd,1954.0,RFn,1,275,TA,TA,Y,137000
1,0,2,0,3,1,Gd,7,Typ,2,Gd,Attchd,2002.0,RFn,3,857,TA,TA,Y,271000
1,0,1,0,3,1,TA,6,Typ,0,,Attchd,1971.0,Unf,2,440,TA,TA,Y,155000
1,0,2,0,2,1,Gd,6,Typ,1,Gd,Attchd,2010.0,RFn,2,484,TA,TA,Y,224000
0,0,2,1,3,1,Gd,6,Typ,0,,Attchd,2003.0,RFn,2,595,TA,TA,Y,183000
0,0,1,0,2,1,TA,4,Min2,0,,Detchd,1974.0,Unf,2,576,TA,TA,Y,93000
0,0,2,1,3,1,Gd,7,Typ,1,Gd,BuiltIn,2003.0,Fin,2,433,TA,TA,Y,225000
0,0,2,0,3,1,TA,7,Typ,1,Gd,Detchd,1940.0,Unf,1,240,TA,TA,Y,139500
0,0,2,0,3,1,Gd,7,Typ,1,Gd,Attchd,2006.0,RFn,2,776,TA,TA,Y,232600
1,0,2,0,2,1,Ex,7,Typ,1,Gd,Attchd,2007.0,Fin,3,1220,TA,TA,Y,385000
1,0,1,0,2,1,Gd,5,Typ,0,,,,,0,0,,,Y,109500
0,0,2,0,3,1,Gd,6,Typ,1,TA,Attchd,2001.0,RFn,2,527,TA,TA,Y,189000
0,1,2,1,3,1,TA,7,Min2,0,,Attchd,1967.0,Fin,2,538,TA,TA,Y,185000
0,0,2,1,2,1,Gd,4,Typ,0,,Detchd,2005.0,RFn,2,480,TA,TA,Y,147400
1,0,1,1,3,1,TA,6,Typ,2,Gd,Attchd,1957.0,RFn,2,458,TA,TA,Y,166000
0,0,2,1,2,1,Gd,4,Typ,0,,Detchd,2005.0,RFn,2,480,TA,TA,Y,151000
1,0,2,1,3,1,Gd,7,Typ,1,TA,Attchd,2003.0,RFn,2,613,TA,TA,Y,237000
0,0,1,1,3,1,TA,6,Typ,0,,Attchd,1964.0,RFn,2,472,TA,TA,Y,167000
1,0,1,0,3,1,TA,6,Typ,0,,Attchd,1961.0,Unf,2,456,TA,TA,Y,139950
0,0,2,0,2,1,Gd,4,Min2,0,,Attchd,1996.0,Unf,2,436,TA,TA,Y,128000
1,0,1,0,2,1,TA,5,Min2,0,,Detchd,1948.0,Unf,2,812,TA,TA,Y,153500
1,0,1,1,2,1,TA,5,Typ,0,,Detchd,1973.0,Unf,1,264,TA,TA,Y,100000
0,0,1,1,3,1,Gd,6,Typ,0,,Attchd,1999.0,Unf,1,352,TA,TA,Y,144000
0,0,1,0,3,1,TA,6,Typ,0,,Detchd,1946.0,Unf,1,240,TA,TA,Y,130500
0,0,2,0,4,1,Fa,7,Typ,0,,Detchd,1934.0,Unf,1,400,TA,TA,P,140000
0,0,2,0,3,1,Gd,8,Typ,1,Po,Detchd,1983.0,Unf,2,686,Gd,TA,P,157500
1,0,1,1,3,1,TA,6,Typ,0,,Attchd,1966.0,RFn,2,490,Gd,Gd,Y,174900
0,0,2,0,6,2,TA,10,Typ,0,,,,,0,0,,,Y,141000
0,0,1,1,4,1,TA,7,Typ,1,Gd,Detchd,1949.0,Unf,3,720,TA,TA,Y,153900
1,0,2,0,3,1,TA,6,Min2,2,TA,Basment,1975.0,Fin,2,611,TA,TA,Y,171000
1,0,2,1,3,1,Gd,7,Typ,1,TA,Attchd,1993.0,Unf,2,425,TA,TA,Y,213000
1,0,1,0,3,1,TA,5,Typ,1,Fa,Attchd,1972.0,Unf,1,338,TA,TA,Y,133500
0,0,3,0,5,1,TA,10,Typ,1,Gd,Detchd,1908.0,Unf,2,360,Fa,TA,Y,240000
0,0,2,1,3,1,TA,7,Typ,1,TA,Attchd,1976.0,RFn,2,512,TA,TA,Y,187000
1,0,1,0,1,1,Gd,3,Typ,0,,Attchd,2003.0,Fin,2,420,TA,TA,Y,131500
0,0,2,0,2,1,Gd,7,Typ,1,TA,Attchd,2003.0,Fin,2,400,TA,TA,Y,215000
0,0,2,0,4,1,TA,7,Typ,2,Gd,Detchd,1941.0,Unf,1,240,TA,TA,Y,164000
0,0,1,1,3,1,TA,7,Typ,1,Fa,Attchd,1964.0,RFn,2,645,TA,TA,Y,158000
1,0,1,1,3,1,TA,6,Typ,1,Gd,Attchd,1955.0,Unf,2,454,TA,TA,Y,170000
1,0,1,1,3,1,TA,6,Typ,0,,Detchd,1962.0,Unf,1,260,TA,TA,Y,127000
1,0,1,0,3,1,TA,5,Typ,0,,Detchd,1981.0,Unf,2,576,TA,Fa,Y,147000
0,0,2,1,3,1,TA,6,Typ,1,TA,Attchd,1994.0,Fin,2,343,TA,TA,Y,174000
0,0,2,0,3,1,TA,6,Typ,1,TA,Attchd,1976.0,RFn,2,479,TA,TA,Y,152000
1,0,2,1,4,1,Gd,9,Typ,1,Gd,Attchd,1968.0,Unf,2,619,TA,TA,Y,250000
0,0,1,1,3,1,Gd,7,Typ,1,Gd,Detchd,1925.0,Unf,1,216,TA,TA,Y,189950
1,0,1,1,3,1,TA,6,Typ,0,,Attchd,1965.0,Unf,2,504,TA,TA,Y,131500
0,0,2,0,3,1,TA,6,Typ,0,,Attchd,1986.0,Unf,2,480,TA,TA,Y,152000
1,0,1,0,3,1,TA,6,Typ,0,,Attchd,1959.0,Unf,1,672,TA,TA,Y,132500
0,0,2,0,3,1,Gd,6,Typ,0,,Attchd,2008.0,Fin,2,529,TA,TA,Y,250580
1,0,1,0,3,1,TA,5,Typ,0,,Detchd,1973.0,Unf,2,902,TA,TA,Y,148500
0,0,2,0,3,1,Gd,6,Typ,1,Gd,Attchd,2007.0,RFn,3,870,TA,TA,Y,248900
1,0,1,1,3,1,Fa,5,Typ,0,,Attchd,1961.0,RFn,2,544,TA,TA,Y,129000
0,0,2,0,2,1,TA,7,Typ,1,TA,Attchd,1979.0,Unf,2,672,TA,TA,P,169000
1,0,2,1,3,1,Gd,8,Typ,1,TA,Attchd,1993.0,Fin,2,574,TA,TA,Y,236000
0,0,1,0,2,1,TA,5,Typ,0,,Detchd,1962.0,Unf,1,308,TA,TA,Y,109500
0,0,2,1,3,1,Gd,7,Typ,0,,Attchd,1998.0,RFn,2,523,TA,TA,Y,200500
0,0,1,0,3,1,Gd,5,Typ,0,,Attchd,1953.0,Unf,2,414,TA,TA,Y,116000
0,0,1,0,3,1,TA,6,Typ,1,Gd,Attchd,1949.0,Unf,1,288,TA,TA,Y,133000
0,0,1,1,3,1,TA,5,Typ,0,,Detchd,1941.0,Unf,1,200,TA,TA,Y,66500
0,0,2,1,4,1,Ex,11,Typ,1,Gd,BuiltIn,2007.0,Fin,2,550,TA,TA,Y,303477
1,0,1,0,3,1,TA,5,Typ,0,,Attchd,1963.0,Unf,2,648,TA,TA,Y,132250
1,0,2,1,4,1,Ex,10,Typ,1,Gd,Attchd,2004.0,Fin,3,738,TA,TA,Y,350000
1,0,1,0,3,1,Gd,6,Min2,0,,Detchd,1987.0,Unf,2,576,TA,TA,Y,148000
1,0,1,0,3,1,TA,6,Typ,0,,Attchd,1978.0,Unf,1,336,TA,TA,Y,136500
1,0,1,1,2,1,TA,5,Typ,0,,Attchd,2005.0,Fin,2,450,TA,TA,Y,157000
0,0,2,1,3,1,Gd,7,Typ,1,TA,Attchd,1990.0,RFn,2,400,TA,TA,Y,187500
0,0,2,1,3,1,TA,7,Typ,1,TA,BuiltIn,1993.0,RFn,2,389,TA,TA,Y,178000
1,0,1,0,5,1,TA,10,Typ,0,,Detchd,1997.0,Unf,1,440,TA,Gd,Y,118500
0,0,1,0,3,1,TA,5,Typ,0,,Attchd,1967.0,RFn,1,288,TA,TA,Y,100000
1,0,2,0,2,1,Gd,5,Typ,1,TA,Attchd,1999.0,Fin,2,506,TA,TA,Y,328900
0,0,2,0,4,2,TA,8,Typ,0,,Attchd,2005.0,Fin,2,588,TA,TA,Y,145000
0,0,1,1,3,1,TA,8,Typ,0,,Attchd,1955.0,Unf,1,300,TA,TA,Y,135500
1,0,2,0,4,1,Gd,8,Typ,1,TA,Attchd,1970.0,Unf,2,621,TA,TA,Y,268000
1,0,1,0,2,1,TA,6,Typ,1,TA,Attchd,1953.0,RFn,2,505,TA,TA,Y,149500
0,0,1,0,3,1,TA,6,Typ,1,Po,Detchd,2003.0,Unf,2,576,TA,TA,Y,122900
0,0,2,1,3,1,TA,7,Typ,1,TA,Attchd,1978.0,RFn,2,440,TA,TA,Y,172500
0,1,1,0,3,1,TA,6,Typ,0,,Attchd,1963.0,RFn,1,264,TA,TA,Y,154500
1,0,1,0,3,1,TA,6,Typ,1,Gd,Attchd,1954.0,Unf,1,354,TA,TA,Y,165000
0,0,2,0,4,2,TA,8,Typ,0,,Attchd,1979.0,Unf,2,400,TA,TA,Y,118858
1,0,1,1,4,1,TA,8,Typ,1,TA,Attchd,1963.0,RFn,2,483,TA,TA,Y,140000
0,0,1,0,2,1,TA,6,Typ,0,,Detchd,1936.0,Unf,1,327,TA,TA,Y,106500
0,0,2,0,6,2,TA,12,Typ,0,,Detchd,1979.0,Unf,2,528,TA,TA,Y,142953
1,0,2,1,2,1,Ex,11,Typ,2,Gd,Attchd,2009.0,Fin,3,820,TA,TA,Y,611657
0,0,1,0,3,1,TA,6,Typ,1,TA,Attchd,1961.0,Unf,1,288,TA,TA,Y,135000
0,0,1,0,2,1,TA,4,Typ,0,,Detchd,1979.0,Unf,1,684,TA,TA,Y,110000
1,0,1,0,2,1,TA,5,Typ,0,,Detchd,1968.0,Unf,1,756,TA,TA,Y,153000
0,0,2,1,3,1,Gd,8,Typ,1,Gd,Attchd,2003.0,Fin,2,393,TA,TA,Y,180000
0,0,2,0,3,1,Gd,7,Typ,1,Gd,Attchd,2006.0,RFn,3,690,TA,TA,Y,240000
0,0,1,0,3,1,TA,6,Typ,0,,Attchd,1967.0,Unf,1,288,TA,TA,Y,125500
1,0,1,0,3,1,TA,6,Typ,0,,Attchd,1954.0,RFn,1,280,TA,TA,Y,128000
1,0,2,0,3,1,Gd,8,Typ,1,Gd,Attchd,2006.0,RFn,3,865,TA,TA,Y,255000
0,0,1,1,3,1,Gd,6,Typ,1,Gd,Attchd,1936.0,Fin,1,180,Fa,TA,Y,250000
1,0,1,0,2,1,TA,5,Typ,0,,Attchd,1983.0,Unf,2,484,TA,TA,Y,131000
0,0,2,1,3,1,Gd,8,Typ,1,Gd,Attchd,2005.0,Fin,2,390,TA,TA,Y,174000
0,0,2,0,5,2,TA,12,Typ,0,,Detchd,1960.0,Unf,2,480,TA,TA,Y,154300
0,0,1,1,3,1,Gd,5,Typ,0,,Detchd,1978.0,Unf,1,252,TA,TA,Y,143500
0,0,1,0,3,1,TA,6,Min1,0,,Detchd,1925.0,Unf,1,450,TA,TA,Y,88000
0,0,2,0,4,2,TA,8,Typ,0,,2Types,1949.0,Unf,3,871,TA,TA,Y,145000
0,0,2,1,2,1,Gd,4,Typ,0,,Detchd,2009.0,RFn,2,528,TA,TA,Y,173733
0,0,1,1,3,1,TA,6,Typ,0,,Attchd,1970.0,Unf,1,286,TA,TA,Y,75000
1,0,0,0,1,1,TA,4,Typ,0,,Detchd,1958.0,Unf,1,308,TA,TA,Y,35311
0,0,1,0,3,1,TA,6,Typ,0,,Attchd,1956.0,RFn,1,284,TA,TA,Y,135000
1,0,2,1,4,1,Gd,8,Typ,1,TA,Attchd,1991.0,RFn,3,833,TA,TA,Y,238000
1,0,1,0,3,1,TA,6,Min1,1,TA,Attchd,1990.0,Unf,2,601,TA,TA,Y,176500
0,1,2,1,3,1,Gd,7,Typ,0,,Attchd,1994.0,RFn,2,471,TA,TA,Y,201000
2,0,2,2,4,2,TA,9,Typ,0,,,,,0,0,,,N,145900
0,0,2,0,3,1,Gd,6,Typ,1,Gd,Attchd,2005.0,Fin,2,397,TA,TA,Y,169990
1,0,2,0,2,1,Gd,5,Typ,1,Fa,Attchd,1993.0,RFn,2,533,TA,TA,Y,193000
1,0,2,0,3,1,TA,7,Typ,1,TA,Attchd,1980.0,Unf,2,612,TA,TA,Y,207500
0,1,2,0,3,1,Ex,6,Typ,0,,Attchd,1977.0,RFn,2,540,TA,TA,Y,175000
0,0,2,1,4,1,Ex,10,Typ,1,Gd,BuiltIn,2003.0,Fin,3,656,TA,TA,Y,285000
0,0,2,1,4,1,TA,9,Typ,1,Gd,Attchd,1968.0,RFn,2,486,TA,TA,Y,176000
0,0,2,0,3,1,Ex,7,Typ,1,TA,Attchd,2001.0,RFn,2,522,TA,TA,Y,236500
0,0,2,1,4,1,Gd,8,Typ,1,TA,BuiltIn,1997.0,Fin,2,642,TA,TA,Y,222000
0,0,2,0,3,1,Gd,7,Typ,0,,Attchd,2007.0,Fin,3,610,TA,TA,Y,201000
0,1,1,0,2,1,TA,5,Typ,0,,Detchd,1965.0,Unf,1,429,TA,TA,Y,117500
0,0,2,0,3,1,Ex,8,Typ,1,Gd,Attchd,2006.0,Fin,3,788,TA,TA,Y,320000
0,0,2,0,3,1,Gd,6,Typ,0,,Attchd,2004.0,RFn,2,570,TA,TA,Y,190000
1,0,2,0,4,1,Gd,9,Typ,1,Gd,Attchd,1960.0,RFn,2,505,TA,TA,Y,242000
0,0,1,0,1,1,TA,5,Typ,0,,Detchd,1953.0,Unf,2,528,TA,TA,Y,79900
1,0,2,0,2,1,Gd,5,Typ,0,,Attchd,2003.0,RFn,2,555,TA,TA,Y,184900
0,0,2,1,3,1,Gd,8,Typ,1,Gd,Attchd,2005.0,RFn,2,689,TA,TA,Y,253000
0,0,2,1,3,1,Gd,7,Typ,0,,Attchd,2006.0,RFn,3,868,TA,TA,Y,239799
0,0,2,0,4,1,TA,10,Typ,2,TA,Attchd,1940.0,Unf,1,349,TA,TA,Y,244400
0,0,2,0,4,2,TA,8,Typ,0,,Attchd,1976.0,Unf,2,574,TA,TA,Y,150900
1,0,2,1,3,1,Gd,8,Typ,1,TA,BuiltIn,1999.0,RFn,2,390,TA,TA,Y,214000
2,0,2,0,4,2,TA,8,Typ,0,,,,,0,0,,,N,150000
0,0,2,0,4,2,TA,8,Typ,0,,Attchd,1967.0,Unf,2,576,TA,TA,P,143000
0,1,1,0,3,1,Gd,7,Typ,1,Gd,Basment,1958.0,RFn,2,525,TA,TA,Y,137500
0,0,1,0,2,1,TA,7,Typ,0,,Detchd,1963.0,Unf,2,456,TA,TA,Y,124900
1,0,1,0,3,1,TA,6,Typ,1,TA,Attchd,1959.0,RFn,1,796,TA,TA,Y,143000
1,0,2,0,3,1,Gd,9,Typ,1,Gd,Attchd,2002.0,Fin,3,808,TA,TA,Y,270000
0,0,2,1,3,1,Gd,7,Typ,1,TA,Attchd,2002.0,RFn,2,474,TA,TA,Y,192500
1,0,1,1,3,1,Gd,5,Typ,1,TA,Attchd,1972.0,RFn,2,676,TA,TA,Y,197500
1,0,1,0,3,1,Gd,5,Typ,0,,Detchd,1980.0,RFn,2,720,TA,TA,Y,129000
1,0,1,0,3,1,TA,6,Typ,0,,Detchd,1979.0,Unf,1,300,TA,TA,Y,119900
0,1,1,0,2,1,TA,5,Typ,0,,Detchd,1974.0,Fin,1,396,TA,TA,Y,133900
0,1,2,1,4,1,TA,7,Min2,1,Po,Attchd,1969.0,RFn,2,530,TA,TA,Y,172000
0,2,2,0,4,0,TA,4,Typ,0,,,,,0,0,,,Y,127500
0,0,2,0,4,2,TA,8,Typ,0,,Attchd,1946.0,Unf,2,492,TA,TA,Y,145000
0,0,1,1,2,1,TA,5,Typ,1,TA,Attchd,1980.0,Fin,2,462,TA,TA,Y,124000
0,0,1,0,3,1,TA,6,Typ,0,,Detchd,1977.0,Fin,2,576,TA,TA,Y,132000
1,0,2,0,3,1,Gd,6,Typ,0,,Attchd,2003.0,RFn,2,531,TA,TA,Y,185000
1,0,2,1,3,1,Gd,6,Typ,0,,Detchd,1999.0,Unf,2,484,TA,TA,Y,155000
1,0,1,0,2,1,TA,4,Typ,0,,,,,0,0,,,Y,116500
1,0,2,1,4,1,TA,11,Typ,1,TA,Attchd,1977.0,Fin,2,619,TA,TA,Y,272000
1,0,2,1,3,1,Gd,7,Typ,1,TA,Detchd,1976.0,Unf,2,440,TA,TA,Y,155000
0,0,2,0,2,1,Ex,7,Typ,0,,Attchd,2007.0,Fin,2,702,TA,TA,Y,239000
1,0,2,1,4,1,Gd,8,Typ,1,Gd,BuiltIn,2002.0,Fin,2,510,TA,TA,Y,214900
0,0,2,1,3,1,Gd,8,Typ,1,Gd,Attchd,2005.0,Fin,2,393,TA,TA,Y,178900
1,0,1,1,2,1,TA,7,Min2,2,TA,Detchd,1940.0,Unf,1,256,TA,TA,Y,160000
1,0,1,0,3,1,TA,6,Typ,0,,Attchd,1955.0,Unf,1,260,TA,TA,Y,135000
0,0,1,0,2,1,TA,6,Typ,0,,,,,0,0,,,Y,37900
1,0,1,0,2,1,TA,6,Typ,0,,Attchd,1958.0,RFn,1,264,TA,TA,Y,140000
0,0,1,1,4,1,TA,6,Typ,0,,,,,0,0,,,Y,135000
0,0,2,0,2,1,Gd,6,Typ,0,,BuiltIn,2003.0,RFn,2,474,TA,TA,Y,173000
0,0,2,0,2,1,TA,5,Typ,1,TA,Attchd,1979.0,Unf,1,264,TA,TA,Y,99500
0,0,2,0,3,1,Gd,6,Typ,0,,Attchd,2007.0,Fin,2,480,TA,TA,Y,182000
0,0,1,0,3,1,Gd,8,Typ,0,,Detchd,1997.0,Unf,2,532,TA,TA,Y,167500
1,0,2,1,3,1,Gd,6,Typ,0,,Detchd,2000.0,Unf,2,490,TA,TA,Y,165000
0,0,1,0,2,1,Fa,4,Typ,0,,,,,0,0,,,Y,85500
1,0,1,1,1,1,Gd,4,Typ,0,,Attchd,2007.0,Fin,2,569,TA,TA,Y,199900
0,0,1,0,3,1,TA,5,Typ,0,,Detchd,1999.0,Unf,2,400,TA,TA,Y,110000
1,0,1,0,3,1,TA,5,Typ,0,,Detchd,1963.0,Unf,2,480,TA,TA,Y,139000
1,0,1,0,3,1,Ex,6,Typ,0,,Attchd,1961.0,RFn,2,588,TA,TA,Y,178400
1,0,2,1,4,1,Gd,8,Typ,1,TA,Attchd,1998.0,Fin,3,676,TA,TA,Y,336000
0,0,2,0,2,1,Gd,6,Typ,1,Gd,Attchd,2007.0,Fin,2,388,TA,TA,Y,159895
0,0,2,1,4,1,Gd,9,Typ,1,Gd,Attchd,2002.0,Unf,2,779,TA,TA,Y,255900
0,0,2,0,4,2,Gd,8,Typ,0,,Attchd,1977.0,Unf,2,539,TA,TA,Y,126000
1,0,1,0,3,1,TA,5,Typ,0,,Detchd,1950.0,Unf,1,240,TA,TA,Y,125000
0,0,1,0,2,1,Gd,5,Typ,0,,Attchd,1950.0,Unf,1,255,Fa,TA,Y,117000
1,0,2,1,3,1,Ex,8,Typ,1,Gd,Attchd,2010.0,Fin,3,606,TA,TA,Y,395192
0,0,2,1,4,1,Gd,8,Typ,1,TA,Attchd,1976.0,Fin,2,551,TA,TA,Y,195000
0,0,2,1,3,1,Gd,6,Typ,0,,Attchd,2006.0,RFn,2,614,TA,TA,Y,197000
1,0,2,1,3,1,Gd,7,Typ,1,TA,Attchd,1997.0,Fin,3,870,TA,TA,Y,348000
0,0,1,1,4,1,Gd,8,Typ,1,Gd,Attchd,1925.0,Unf,2,424,TA,TA,P,168000
0,0,2,1,3,1,Gd,7,Typ,1,Fa,Attchd,1964.0,RFn,2,440,TA,TA,Y,187000
0,0,2,1,3,1,Gd,6,Typ,0,,Attchd,2005.0,RFn,2,564,TA,TA,Y,173900
1,0,2,0,3,1,Ex,7,Typ,1,Gd,Attchd,2008.0,Fin,3,786,TA,TA,Y,337500
1,0,1,1,3,1,TA,5,Typ,0,,Detchd,1946.0,Unf,1,305,TA,TA,Y,121600
1,0,1,0,3,1,TA,6,Typ,0,,Attchd,1961.0,Unf,1,368,TA,TA,Y,136500
0,0,2,0,2,1,TA,6,Typ,1,TA,Attchd,1970.0,RFn,2,615,TA,TA,Y,185000
0,0,1,0,3,1,TA,6,Typ,1,Gd,Detchd,1922.0,Unf,1,210,TA,Fa,P,91000
1,0,2,0,2,1,Gd,6,Typ,0,,Attchd,2006.0,RFn,2,632,TA,TA,Y,206000
0,0,1,0,2,1,Fa,4,Min1,0,,Detchd,1956.0,Unf,2,528,TA,Fa,Y,82000
0,0,1,0,2,1,Ex,4,Typ,0,,Detchd,1920.0,Unf,1,216,Fa,TA,N,86000
0,0,2,0,3,1,Gd,7,Typ,1,Gd,Attchd,2006.0,RFn,3,824,TA,TA,Y,232000
0,0,2,0,4,2,TA,8,Typ,0,,Detchd,1976.0,Unf,2,528,TA,TA,Y,136905
0,0,2,0,1,1,Gd,7,Typ,1,Gd,Attchd,2005.0,Fin,2,457,TA,TA,Y,181000
0,0,2,0,3,1,TA,6,Typ,0,,Attchd,1977.0,Unf,1,328,TA,TA,Y,149900
0,1,2,0,3,1,TA,7,Typ,1,TA,Attchd,1970.0,Unf,2,484,TA,TA,Y,163500
0,0,1,1,3,1,TA,6,Typ,0,,Attchd,1970.0,RFn,1,286,TA,TA,Y,88000
0,0,2,0,3,1,Gd,7,Typ,1,Gd,Attchd,2004.0,Fin,2,550,TA,TA,Y,240000
0,0,2,0,4,1,TA,7,Typ,0,,,,,0,0,,,P,102000
0,0,2,0,4,1,TA,7,Typ,1,Gd,Attchd,1948.0,Unf,1,312,TA,TA,Y,135000
0,0,2,0,4,2,TA,8,Typ,0,,,,,0,0,,,Y,100000
0,0,1,1,3,1,Gd,7,Typ,2,TA,Detchd,1923.0,Unf,1,180,TA,TA,Y,165000
1,0,1,0,2,1,TA,4,Maj2,0,,Detchd,1956.0,Unf,1,280,TA,TA,Y,85000
0,0,1,0,2,1,TA,5,Typ,1,Gd,Detchd,1948.0,Unf,1,240,TA,TA,Y,119200
1,0,2,1,3,1,Gd,6,Typ,0,,Attchd,2001.0,Fin,2,528,TA,TA,Y,227000
1,0,2,0,3,1,Gd,6,Typ,1,TA,Attchd,1996.0,Fin,2,478,TA,TA,Y,203000
1,0,1,0,1,1,Gd,4,Typ,1,Ex,Attchd,1984.0,RFn,2,565,TA,TA,Y,187500
0,0,2,1,3,1,Gd,7,Typ,1,TA,Attchd,1991.0,RFn,2,402,TA,TA,Y,160000
0,0,2,0,2,1,Gd,6,Typ,1,Gd,Attchd,2005.0,Fin,2,440,TA,TA,Y,213490
1,0,1,1,2,1,Gd,5,Typ,0,,Attchd,2005.0,Fin,2,451,TA,TA,Y,176000
1,0,2,0,2,1,Gd,6,Typ,0,,Attchd,2006.0,RFn,2,632,TA,TA,Y,194000
0,0,1,0,2,1,TA,6,Typ,0,,Detchd,1957.0,Unf,1,160,Fa,Fa,Y,87000
0,0,2,0,2,1,Gd,7,Typ,1,Gd,Attchd,2005.0,Fin,2,437,TA,TA,Y,191000
1,0,2,0,2,1,Gd,10,Typ,1,Gd,Attchd,1976.0,Fin,2,665,TA,TA,Y,287000
1,0,1,0,3,1,TA,5,Typ,0,,Detchd,1980.0,Unf,2,461,TA,TA,Y,112500
1,0,1,0,3,1,TA,6,Typ,2,Gd,Attchd,1960.0,Unf,2,461,TA,TA,Y,167500
1,0,2,0,3,1,Gd,7,Typ,1,Gd,Attchd,2008.0,RFn,3,800,TA,TA,Y,293077
1,0,1,0,3,1,TA,6,Typ,1,Gd,Attchd,1941.0,Unf,1,240,TA,TA,Y,105000
0,1,1,1,3,1,TA,7,Typ,0,,Detchd,1972.0,Unf,1,264,TA,TA,Y,118000
0,0,2,0,5,2,TA,10,Typ,0,,,,,0,0,,,N,160000
1,0,2,1,5,1,TA,12,Typ,2,TA,Basment,1970.0,Fin,2,672,TA,TA,Y,197000
1,0,2,1,5,1,Gd,10,Typ,1,TA,Attchd,1993.0,RFn,3,796,TA,TA,Y,310000
1,0,2,0,3,1,Gd,6,Typ,0,,Attchd,2002.0,Unf,3,900,TA,TA,Y,230000
0,0,1,0,2,1,Fa,5,Typ,1,Gd,Basment,1938.0,Unf,1,240,Fa,TA,Y,119750
0,0,1,0,3,1,TA,5,Typ,0,,Detchd,1957.0,Unf,1,290,TA,TA,N,84000
1,0,2,0,2,1,Ex,6,Typ,1,Ex,Attchd,2008.0,Fin,3,912,TA,TA,Y,315500
0,0,2,1,3,1,Gd,7,Typ,1,TA,BuiltIn,2001.0,Fin,2,905,TA,TA,Y,287000
0,0,1,1,3,1,TA,6,Typ,1,TA,,,,0,0,,,Y,97000
1,0,1,0,1,1,TA,3,Typ,0,,Attchd,1970.0,Unf,1,286,TA,TA,Y,80000
1,0,2,0,3,1,TA,8,Maj1,1,TA,Attchd,1957.0,RFn,2,484,TA,TA,Y,155000
0,1,1,1,4,1,Gd,7,Typ,0,,Attchd,1966.0,Unf,2,484,TA,TA,Y,173000
1,0,2,0,1,1,Gd,5,Typ,1,Gd,Attchd,2005.0,RFn,2,624,TA,TA,Y,196000
1,0,2,1,4,1,Gd,10,Typ,1,Ex,Attchd,1990.0,Unf,2,514,TA,TA,Y,262280
1,0,2,1,4,1,Gd,9,Typ,1,Gd,Attchd,1981.0,Fin,2,542,TA,TA,Y,278000
0,0,2,0,4,1,TA,8,Min2,1,Gd,Attchd,1955.0,Unf,2,452,TA,TA,Y,139600
0,0,3,1,4,1,Ex,11,Typ,1,Gd,BuiltIn,2005.0,Fin,3,716,TA,TA,Y,556581
0,1,1,0,3,1,TA,5,Typ,0,,Detchd,1996.0,Unf,2,672,TA,TA,Y,145000
0,0,1,0,3,1,TA,9,Min1,1,TA,Attchd,1960.0,Unf,2,336,TA,TA,Y,115000
0,0,1,0,2,1,Gd,6,Typ,0,,Detchd,1946.0,Unf,1,308,TA,TA,Y,84900
0,0,2,0,3,1,Gd,6,Typ,0,,Attchd,2007.0,Fin,2,436,TA,TA,Y,176485
0,0,2,0,3,1,Gd,6,Typ,1,Gd,Attchd,2007.0,Fin,2,440,TA,TA,Y,200141
0,1,1,1,4,1,TA,9,Typ,1,TA,Attchd,1964.0,RFn,2,540,TA,TA,Y,165000
0,0,1,0,4,1,TA,7,Min2,1,Gd,Basment,1957.0,Unf,1,364,TA,TA,Y,144500
1,0,2,1,3,1,Gd,7,Typ,1,Gd,Attchd,2002.0,Fin,2,586,TA,TA,Y,255000
0,1,2,0,3,1,TA,7,Typ,1,TA,Attchd,1976.0,Fin,2,478,TA,TA,Y,180000
1,0,2,0,2,1,Gd,6,Typ,1,Gd,Attchd,2005.0,RFn,2,484,TA,TA,Y,185850
0,0,2,1,3,1,Gd,7,Typ,1,Gd,BuiltIn,1994.0,Fin,2,467,TA,TA,Y,248000
1,0,2,1,3,1,Ex,10,Typ,1,Gd,Attchd,2008.0,Fin,3,836,TA,TA,Y,335000
0,0,1,1,3,1,TA,7,Typ,1,Gd,Detchd,1977.0,Unf,2,432,TA,Fa,Y,220000
1,0,2,0,2,1,Gd,6,Typ,0,,Attchd,2001.0,Fin,2,582,TA,TA,Y,213500
0,0,1,0,2,1,TA,6,Typ,0,,Detchd,1994.0,RFn,3,1248,TA,TA,Y,81000
0,0,2,0,5,2,TA,10,Min2,0,,Detchd,1945.0,Unf,2,560,TA,TA,Y,90000
0,0,1,0,2,1,Gd,5,Typ,1,Gd,Detchd,1976.0,Unf,2,440,TA,TA,Y,110500
0,0,1,1,3,1,TA,6,Typ,1,Po,Attchd,1966.0,RFn,2,480,TA,TA,Y,154000
1,0,2,1,3,1,Gd,7,Typ,0,,Attchd,1996.0,RFn,2,533,TA,TA,Y,328000
0,0,2,1,3,1,TA,7,Typ,1,TA,Attchd,1993.0,RFn,2,380,TA,TA,Y,178000
1,0,1,1,4,1,TA,7,Typ,0,,Attchd,1964.0,RFn,2,442,TA,TA,Y,167900
1,0,2,1,5,1,TA,10,Maj1,1,Gd,Attchd,1973.0,Fin,2,576,TA,TA,Y,151400
0,1,1,0,2,1,Gd,4,Typ,0,,Detchd,1985.0,Unf,2,576,TA,TA,Y,135000
1,0,1,0,3,1,TA,6,Typ,0,,Attchd,1956.0,Unf,1,286,TA,TA,Y,135000
0,0,1,1,4,1,TA,8,Typ,0,,Attchd,1968.0,Unf,2,441,TA,TA,Y,154000
1,1,1,0,4,1,TA,7,Typ,1,TA,Detchd,1954.0,Unf,1,280,TA,TA,P,91500
0,0,1,1,3,1,TA,6,Typ,0,,Attchd,1977.0,Fin,2,440,TA,TA,Y,159500
0,0,2,0,2,1,Gd,5,Typ,0,,Attchd,2006.0,RFn,3,826,TA,TA,Y,194000
0,0,1,1,3,1,TA,6,Typ,2,Gd,Attchd,1940.0,Unf,1,240,TA,TA,Y,219500
0,1,2,0,3,1,Gd,7,Min1,1,TA,Attchd,1950.0,Unf,2,566,TA,TA,Y,170000
1,0,1,0,3,1,TA,6,Typ,0,,Attchd,1969.0,Fin,1,299,TA,TA,Y,138800
1,0,1,0,1,1,Gd,3,Typ,1,Gd,Attchd,2004.0,RFn,2,420,TA,TA,Y,155900
0,0,1,0,3,1,TA,5,Typ,0,,Attchd,1996.0,Unf,1,299,TA,TA,Y,126000
0,1,2,0,3,1,Gd,5,Typ,0,,Attchd,1971.0,RFn,2,528,TA,TA,Y,145000
1,0,1,1,3,1,TA,5,Typ,0,,Attchd,1963.0,Fin,1,308,TA,TA,Y,133000
0,0,2,0,3,1,Gd,6,Typ,1,Gd,Attchd,2002.0,RFn,2,527,TA,TA,Y,192000
1,0,1,0,3,1,TA,6,Typ,2,Gd,Attchd,1964.0,RFn,1,461,TA,TA,Y,160000
0,0,2,1,3,1,TA,6,Typ,1,TA,Attchd,1995.0,Fin,2,409,TA,TA,Y,187500
1,0,1,0,2,1,Gd,5,Typ,0,,Attchd,1992.0,Unf,2,564,TA,TA,Y,147000
0,0,1,1,3,1,TA,6,Typ,0,,Attchd,1973.0,RFn,1,286,TA,TA,Y,83500
0,0,2,1,3,1,Gd,9,Typ,1,Gd,Attchd,2005.0,RFn,3,1043,TA,TA,Y,252000
0,0,2,0,3,1,Gd,7,Maj1,0,,Detchd,2004.0,Unf,2,380,TA,TA,Y,137500
1,0,1,1,1,1,Gd,4,Typ,1,Gd,Attchd,2005.0,Fin,2,550,TA,TA,Y,197000
0,0,2,0,2,2,TA,6,Typ,0,,Detchd,1987.0,Unf,2,400,TA,TA,Y,92900
1,0,2,1,2,1,Gd,4,Typ,0,,Detchd,1999.0,Unf,2,462,TA,TA,Y,160000
0,0,2,0,4,1,TA,7,Typ,1,Gd,Detchd,1925.0,Unf,2,576,TA,TA,Y,136500
1,0,1,1,1,1,Gd,6,Typ,0,,Detchd,1977.0,Unf,2,884,TA,TA,Y,146000
1,0,1,0,2,1,TA,4,Typ,0,,Attchd,1956.0,Fin,1,308,TA,TA,Y,129000
0,0,2,0,3,1,Gd,6,Typ,1,Gd,Attchd,2006.0,RFn,2,440,TA,TA,Y,176432
0,0,1,1,3,1,Gd,7,Typ,0,,,,,0,0,,,Y,127000
0,0,1,1,2,1,Gd,5,Typ,0,,Attchd,1987.0,RFn,2,461,TA,TA,Y,170000
0,0,1,0,3,1,TA,6,Typ,0,,Detchd,1936.0,Unf,1,240,TA,TA,Y,128000
0,0,2,0,3,1,TA,7,Typ,1,TA,Attchd,1978.0,RFn,2,478,TA,TA,Y,157000
0,0,1,0,1,1,Fa,3,Typ,0,,Detchd,1930.0,Unf,1,246,TA,TA,N,60000
0,0,1,0,3,1,TA,5,Typ,0,,Detchd,1981.0,Unf,1,280,TA,TA,Y,119500
0,0,1,0,2,1,TA,6,Typ,0,,Attchd,1960.0,RFn,1,254,TA,TA,Y,135000
0,1,1,0,3,1,TA,6,Typ,1,Fa,BuiltIn,1954.0,Fin,2,539,TA,TA,Y,159500
0,0,2,1,3,1,TA,6,Typ,0,,Detchd,1970.0,Unf,2,440,TA,TA,Y,106000
1,0,2,1,3,1,Gd,9,Typ,2,TA,Attchd,1994.0,RFn,2,712,TA,TA,Y,325000
1,0,2,0,3,1,Gd,6,Typ,1,TA,Attchd,1990.0,Fin,2,719,TA,TA,Y,179900
0,0,2,1,3,1,Gd,9,Typ,1,Gd,BuiltIn,2006.0,RFn,2,422,TA,TA,Y,274725
0,0,2,1,3,1,TA,7,Typ,1,TA,Attchd,2000.0,RFn,2,463,TA,TA,Y,181000
1,0,2,0,3,1,Gd,7,Typ,1,Gd,Attchd,2004.0,Fin,3,862,TA,TA,Y,280000
1,0,2,1,3,1,TA,8,Typ,1,TA,Attchd,1995.0,Fin,2,431,TA,TA,Y,188000
0,0,2,1,4,1,TA,8,Typ,1,Gd,Attchd,1976.0,RFn,2,483,TA,TA,Y,205000
1,0,1,0,2,1,TA,5,Typ,0,,Detchd,1957.0,Unf,1,308,TA,TA,Y,129900
1,0,1,0,2,1,Gd,6,Typ,0,,Attchd,1953.0,Unf,1,240,TA,TA,Y,134500
0,0,1,0,2,1,Gd,4,Typ,0,,Detchd,1955.0,Unf,1,326,TA,TA,Y,117000
1,0,2,0,3,1,Ex,7,Typ,1,Gd,Attchd,2007.0,RFn,3,928,TA,TA,Y,318000
1,0,2,1,3,1,Gd,7,Typ,1,TA,BuiltIn,2002.0,Fin,2,527,TA,TA,Y,184100
1,0,1,0,3,1,Gd,5,Typ,0,,Attchd,1967.0,RFn,2,450,TA,TA,Y,130000
0,1,1,0,3,1,TA,6,Min2,0,,BuiltIn,1958.0,RFn,1,300,TA,TA,Y,140000
0,0,1,0,3,1,TA,6,Typ,0,,Attchd,1959.0,RFn,1,286,TA,TA,Y,133700
0,0,1,0,2,1,TA,6,Typ,1,Gd,Detchd,1920.0,Unf,1,308,TA,TA,Y,118400
0,0,2,0,3,1,Gd,7,Typ,0,,Attchd,2005.0,RFn,3,782,TA,TA,Y,212900
0,0,1,0,3,1,TA,5,Typ,0,,Basment,1956.0,Unf,1,288,TA,TA,Y,112000
0,1,1,0,2,1,TA,4,Typ,0,,,,,0,0,,,Y,118000
0,0,2,1,3,1,Gd,7,Typ,1,TA,Attchd,1992.0,Fin,2,392,TA,TA,Y,163900
0,0,1,0,2,1,Fa,5,Typ,1,TA,Detchd,1977.0,Unf,2,672,Fa,Fa,Y,115000
0,0,2,0,2,1,Gd,7,Typ,1,TA,Attchd,2007.0,Fin,3,660,TA,TA,Y,174000
1,0,2,0,3,1,Gd,7,Typ,1,Gd,Attchd,2004.0,Fin,3,630,TA,TA,Y,259000
0,0,2,1,4,1,Gd,8,Typ,1,Gd,BuiltIn,2004.0,Fin,2,434,TA,TA,Y,215000
1,0,1,0,2,1,TA,4,Typ,0,,Detchd,1980.0,Unf,2,672,TA,TA,Y,140000
1,0,2,0,4,1,Gd,7,Min2,2,TA,Detchd,1981.0,Unf,2,576,TA,TA,Y,135000
0,0,1,0,3,1,TA,5,Typ,0,,,,,0,0,,,Y,93500
0,0,2,0,5,1,Fa,8,Typ,0,,Detchd,1930.0,Unf,1,205,Fa,TA,N,117500
0,0,2,1,3,1,Gd,8,Typ,1,TA,Attchd,1995.0,RFn,2,466,TA,TA,Y,239500
0,0,2,1,3,1,TA,7,Typ,1,TA,Attchd,1997.0,Fin,2,460,TA,TA,Y,169000
0,0,1,0,2,1,TA,5,Typ,1,Gd,Detchd,1926.0,Unf,1,180,TA,TA,Y,102000
0,0,1,0,3,1,TA,6,Typ,0,,Attchd,1950.0,Unf,1,288,TA,TA,Y,119000
0,0,1,0,2,1,TA,6,Typ,0,,,,,0,0,,,N,94000
1,0,2,0,2,1,Gd,5,Typ,2,TA,Attchd,1977.0,RFn,2,714,TA,TA,Y,196000
0,0,1,0,3,1,TA,6,Maj1,1,Gd,Detchd,1972.0,Unf,2,495,TA,TA,Y,144000
1,0,1,0,2,1,TA,4,Typ,0,,Detchd,1988.0,Unf,2,840,TA,TA,Y,139000
1,0,2,1,4,1,Gd,9,Typ,1,TA,Attchd,1976.0,Unf,2,484,TA,TA,Y,197500
1,0,3,0,4,1,Gd,11,Typ,1,TA,BuiltIn,2006.0,RFn,3,1052,TA,TA,Y,424870
0,0,1,0,3,1,TA,5,Typ,0,,,,,0,0,,,Y,80000
1,0,1,0,2,1,Fa,5,Typ,0,,Detchd,1941.0,Unf,1,280,TA,TA,Y,80000
0,0,1,0,3,1,TA,8,Typ,1,Gd,Detchd,1928.0,Unf,1,225,TA,TA,Y,149000
1,0,2,0,3,1,Gd,5,Typ,1,TA,Attchd,1985.0,Unf,2,403,TA,TA,Y,180000
0,0,1,1,3,1,Fa,7,Typ,1,Gd,Attchd,1941.0,Unf,1,234,TA,TA,Y,174500
0,0,1,0,2,1,TA,5,Typ,1,Gd,Detchd,1982.0,Unf,1,288,TA,TA,Y,116900
0,1,1,0,3,1,TA,7,Typ,0,,Detchd,1930.0,Unf,2,324,TA,TA,Y,143000
0,0,1,0,2,1,Gd,4,Typ,1,Gd,Attchd,1950.0,Unf,1,306,TA,TA,Y,124000
0,0,1,1,3,1,Fa,6,Typ,2,Gd,Attchd,1959.0,Fin,2,528,TA,TA,Y,149900
0,0,1,0,2,1,Ex,6,Typ,1,Gd,Attchd,1956.0,Fin,2,470,TA,TA,Y,230000
0,0,1,0,2,1,TA,5,Typ,0,,Detchd,2002.0,Unf,1,432,TA,TA,Y,120500
0,0,1,2,4,1,Gd,8,Typ,2,Gd,Attchd,1965.0,Unf,2,492,TA,TA,Y,201800
1,0,2,0,3,1,Gd,6,Typ,1,Fa,Attchd,1976.0,RFn,2,528,TA,TA,Y,218000
0,1,2,0,3,1,Gd,6,Typ,1,Gd,Attchd,1965.0,RFn,2,502,TA,TA,Y,179900
1,0,2,0,2,1,Gd,6,Typ,1,Gd,Attchd,2008.0,RFn,2,626,TA,TA,Y,230000
0,0,2,0,3,1,Gd,7,Typ,0,,Attchd,2008.0,RFn,3,830,TA,TA,Y,235128
0,0,2,1,4,1,Gd,8,Typ,1,TA,Attchd,1974.0,RFn,2,540,Gd,TA,Y,185000
0,0,2,1,3,1,TA,7,Typ,1,TA,Attchd,1978.0,Unf,2,440,TA,TA,Y,146000
1,0,1,0,3,1,Gd,7,Typ,1,Gd,Detchd,1993.0,Unf,2,924,TA,TA,Y,224000
0,0,1,0,3,1,TA,5,Typ,1,Po,Attchd,1968.0,Fin,2,450,TA,TA,Y,129000
2,0,0,2,0,2,TA,6,Typ,0,,CarPort,1969.0,Unf,2,400,Fa,TA,Y,108959
1,0,1,1,2,1,Gd,5,Typ,1,TA,Attchd,1978.0,Unf,2,588,TA,TA,Y,194000
0,0,2,0,3,1,Gd,7,Typ,0,,Attchd,2009.0,RFn,2,644,TA,TA,Y,233170
0,0,2,0,3,1,Gd,7,Typ,0,,Attchd,2008.0,RFn,3,776,TA,TA,Y,245350
1,0,2,1,3,1,TA,7,Typ,1,TA,Attchd,2000.0,Fin,2,472,TA,TA,Y,173000
0,0,2,0,4,1,Gd,7,Typ,2,TA,Basment,1935.0,Unf,2,540,TA,TA,Y,235000
1,0,3,1,4,1,Gd,10,Typ,1,TA,Attchd,1995.0,Fin,3,807,TA,TA,Y,625000
1,0,1,0,3,1,TA,6,Typ,1,Po,Attchd,1977.0,Fin,1,358,TA,TA,Y,171000
1,0,1,0,3,1,TA,6,Typ,1,TA,Attchd,1958.0,RFn,2,433,TA,TA,Y,163000
0,0,2,1,2,1,Gd,5,Typ,0,,Detchd,2006.0,Fin,2,625,TA,TA,Y,171900
0,0,3,0,3,1,Ex,12,Maj1,1,Gd,,,,0,0,,,Y,200500
0,0,2,1,4,1,TA,9,Typ,1,Gd,Detchd,1932.0,Unf,2,360,TA,TA,Y,239000
0,0,2,1,4,1,Gd,9,Typ,1,TA,Attchd,1992.0,Fin,2,541,TA,TA,Y,285000
1,0,1,0,3,1,TA,5,Typ,0,,Attchd,1984.0,Unf,1,264,TA,TA,Y,119500
0,0,1,0,3,1,TA,5,Typ,0,,Detchd,1926.0,Unf,1,210,TA,TA,N,115000
0,0,1,1,3,1,TA,7,Typ,1,Gd,Detchd,1921.0,Unf,1,186,Fa,TA,Y,154900
0,0,1,0,3,1,TA,5,Min2,1,Gd,,,,0,0,,,N,93000
0,0,2,1,4,1,TA,8,Typ,0,,Attchd,1990.0,Fin,2,693,TA,TA,Y,250000
1,1,2,0,2,1,Gd,5,Typ,1,Gd,Attchd,2008.0,Fin,2,482,TA,TA,Y,392500
1,0,3,1,4,1,Ex,10,Typ,2,TA,Attchd,1996.0,Fin,3,813,TA,TA,Y,745000
1,0,1,0,2,1,TA,5,Typ,1,Gd,Detchd,1970.0,Unf,2,720,TA,TA,Y,120000
1,0,1,1,3,1,TA,5,Typ,2,TA,2Types,1963.0,RFn,3,995,TA,TA,Y,186700
1,0,1,0,4,1,TA,7,Typ,0,,Attchd,1965.0,Unf,1,392,TA,TA,Y,104900
1,0,2,0,3,2,TA,7,Typ,0,,CarPort,1920.0,Unf,2,420,Fa,Fa,Y,95000
1,0,2,0,2,1,Gd,5,Typ,1,Fa,Attchd,1994.0,RFn,3,757,TA,TA,Y,262000
0,0,2,1,3,1,Gd,7,Typ,0,,Attchd,2002.0,RFn,2,493,TA,TA,Y,195000
0,0,2,1,3,1,Gd,7,Typ,1,TA,Attchd,1999.0,Fin,2,442,TA,TA,Y,189000
1,0,1,0,3,1,TA,7,Typ,1,TA,2Types,1975.0,Fin,4,1356,TA,TA,Y,168000
0,0,2,1,2,1,Gd,5,Typ,0,,Detchd,1999.0,Unf,2,492,TA,TA,Y,174000
0,0,1,0,3,1,Gd,6,Typ,0,,Detchd,1925.0,Unf,1,250,TA,Fa,P,125000
1,0,2,0,2,1,TA,5,Typ,0,,Attchd,1999.0,Fin,2,402,TA,TA,Y,165000
0,0,1,1,4,1,TA,7,Typ,0,,Attchd,1969.0,Fin,1,299,TA,TA,Y,158000
0,0,2,1,3,1,Gd,8,Typ,0,,Attchd,2005.0,Fin,2,400,TA,TA,Y,176000
0,0,2,1,4,1,Gd,9,Typ,1,Gd,BuiltIn,2006.0,Fin,3,660,TA,TA,Y,219210
0,0,1,0,3,1,TA,7,Typ,1,Gd,Detchd,1916.0,Unf,1,225,TA,TA,Y,144000
0,0,2,0,3,1,Gd,6,Typ,0,,Attchd,2001.0,RFn,2,573,TA,TA,Y,178000
0,0,1,1,3,1,TA,6,Typ,1,Po,Attchd,1974.0,Unf,2,459,TA,TA,Y,148000
0,0,1,0,3,1,TA,5,Typ,0,,Attchd,1972.0,Unf,1,280,TA,TA,Y,116050
0,0,2,1,3,1,Gd,6,Typ,0,,Attchd,1998.0,RFn,2,546,TA,TA,Y,197900
1,0,1,0,3,1,TA,5,Typ,1,Fa,Detchd,1960.0,Unf,1,216,TA,TA,N,117000
0,0,2,0,3,1,Gd,6,Typ,1,TA,Attchd,2000.0,Unf,2,451,TA,TA,Y,213000
1,0,1,1,3,1,TA,6,Typ,0,,Attchd,1975.0,RFn,2,495,TA,TA,Y,153500
0,0,2,0,3,1,Gd,7,Typ,1,TA,Attchd,1990.0,RFn,3,701,TA,TA,Y,271900
1,0,1,0,2,1,TA,5,Typ,0,,Detchd,1966.0,Unf,1,384,TA,TA,Y,107000
1,0,2,0,3,1,Gd,7,Typ,0,,Attchd,2003.0,RFn,2,544,TA,TA,Y,200000
1,0,1,0,3,1,TA,6,Typ,0,,Detchd,1980.0,Unf,2,506,TA,TA,Y,140000
1,0,2,0,3,1,Gd,8,Typ,1,Gd,Attchd,2006.0,RFn,2,500,TA,TA,Y,290000
0,0,2,1,3,1,Gd,8,Typ,1,TA,Attchd,1992.0,RFn,2,462,TA,TA,Y,189000
0,0,2,0,4,1,TA,8,Typ,0,,Basment,1988.0,RFn,2,492,TA,TA,Y,164000
1,0,1,0,2,1,TA,4,Typ,0,,Attchd,1941.0,Unf,1,234,TA,TA,N,113000
1,1,0,0,0,1,TA,3,Typ,0,,Attchd,1965.0,Unf,1,364,TA,TA,Y,145000
1,0,1,0,3,1,TA,6,Typ,0,,Attchd,1962.0,Unf,1,300,TA,TA,Y,134500
0,0,1,0,3,1,TA,5,Typ,0,,Detchd,1966.0,RFn,1,384,TA,TA,Y,125000
0,0,2,0,4,2,TA,8,Typ,0,,Attchd,1978.0,Unf,2,539,TA,TA,Y,112000
1,0,2,0,3,1,Gd,6,Typ,0,,Attchd,2009.0,RFn,2,552,TA,TA,Y,229456
0,0,1,0,2,1,TA,3,Typ,0,,,,,0,0,,,N,80500
0,0,1,1,3,1,TA,7,Typ,0,,,,,0,0,,,N,91500
0,0,1,0,2,1,TA,5,Typ,0,,Attchd,1964.0,Unf,1,288,TA,TA,Y,115000
0,0,1,0,3,1,TA,5,Typ,1,TA,Attchd,1968.0,Unf,1,322,TA,TA,Y,134000
0,0,2,0,3,1,TA,7,Typ,1,Gd,Attchd,1949.0,Unf,1,315,TA,TA,Y,143000
0,0,2,0,4,1,TA,7,Mod,0,,Detchd,1951.0,Unf,2,528,TA,TA,Y,137900
1,0,2,1,3,1,Gd,8,Typ,1,Gd,Attchd,2004.0,Fin,2,388,TA,TA,Y,184000
0,1,1,0,3,1,TA,6,Typ,0,,Attchd,1958.0,RFn,1,264,TA,TA,Y,145000
0,0,2,1,4,1,Gd,9,Typ,1,Gd,BuiltIn,2007.0,Fin,3,668,TA,TA,Y,214000
1,0,1,0,2,1,Gd,5,Typ,0,,Detchd,1992.0,Unf,2,576,TA,TA,Y,147000
1,0,1,1,1,1,Ex,7,Typ,1,Gd,Attchd,2008.0,Fin,3,1052,TA,TA,Y,367294
0,0,2,0,4,1,TA,7,Maj1,0,,Basment,1960.0,Unf,1,404,TA,TA,Y,127000
0,0,2,2,4,2,TA,12,Typ,1,TA,BuiltIn,1977.0,RFn,2,600,TA,TA,N,190000
1,0,1,0,3,1,TA,6,Typ,0,,Attchd,1962.0,Unf,2,540,TA,TA,Y,132500
0,0,2,0,2,2,TA,6,Typ,0,,CarPort,1962.0,Unf,2,462,TA,TA,Y,101800
1,0,1,0,3,1,TA,6,Typ,0,,Attchd,1959.0,RFn,2,531,TA,TA,Y,142000
0,0,1,1,4,1,TA,7,Typ,0,,,,,0,0,,,N,130000
0,0,1,1,4,1,TA,9,Typ,0,,Detchd,1914.0,Unf,1,180,Fa,Fa,N,138887
0,0,2,1,2,1,Gd,6,Typ,0,,BuiltIn,2003.0,RFn,2,474,TA,TA,Y,175500
0,0,2,1,4,1,Gd,8,Typ,1,Gd,BuiltIn,2004.0,Fin,2,434,TA,TA,Y,195000
0,0,1,1,3,1,TA,6,Typ,0,,Detchd,2005.0,Unf,2,484,TA,TA,Y,142500
0,0,2,0,2,1,Ex,6,Typ,1,Gd,Attchd,2006.0,RFn,2,472,TA,TA,Y,265900
1,0,2,1,3,1,Gd,8,Typ,0,,Attchd,2003.0,RFn,2,543,TA,TA,Y,224900
0,0,2,0,3,1,Gd,7,Typ,0,,Attchd,2007.0,RFn,3,954,TA,TA,Y,248328
1,0,2,0,3,1,Gd,6,Typ,2,TA,Attchd,1974.0,RFn,2,528,TA,TA,Y,170000
1,0,2,1,2,1,Ex,7,Typ,1,Gd,Attchd,2006.0,Fin,3,850,TA,TA,Y,465000
0,0,1,0,3,1,Gd,7,Typ,2,Gd,Detchd,1931.0,Unf,2,400,TA,TA,Y,230000
0,0,3,1,3,1,TA,7,Typ,1,TA,BuiltIn,1984.0,Fin,2,477,TA,TA,Y,178000
0,0,2,1,3,1,Gd,6,Typ,0,,Attchd,2005.0,RFn,2,615,TA,TA,Y,186500
1,0,1,0,3,1,TA,6,Typ,0,,Attchd,1976.0,Unf,3,888,TA,TA,Y,169900
0,0,1,1,3,1,TA,8,Typ,1,Gd,Detchd,1950.0,Unf,2,396,Fa,Fa,P,129500
0,0,1,0,3,1,TA,6,Typ,0,,Attchd,1950.0,Unf,1,276,TA,TA,Y,119000
1,0,2,1,3,1,Ex,8,Typ,2,TA,Attchd,1968.0,Fin,2,522,TA,TA,Y,244000
0,0,2,0,2,1,Gd,6,Typ,1,Gd,Attchd,2003.0,RFn,2,478,TA,TA,Y,171750
1,0,1,0,3,1,TA,5,Typ,0,,Attchd,1968.0,RFn,1,288,TA,TA,Y,130000
1,0,2,1,3,1,Gd,9,Typ,2,Gd,Attchd,1974.0,RFn,2,518,TA,TA,Y,294000
0,0,2,1,3,1,Gd,7,Typ,1,Gd,BuiltIn,2003.0,Fin,2,397,TA,TA,Y,165400
0,0,1,0,3,1,TA,6,Typ,1,Gd,Detchd,1978.0,Unf,1,560,TA,TA,Y,127500
1,0,2,0,2,1,Gd,7,Typ,1,TA,Attchd,1994.0,Fin,2,691,TA,TA,Y,301500
0,0,1,0,2,1,TA,4,Typ,0,,,,,0,0,,,Y,99900
1,0,2,0,2,1,Gd,5,Typ,0,,Attchd,2005.0,Fin,2,400,TA,TA,Y,190000
1,0,1,1,3,1,TA,6,Typ,0,,Attchd,1969.0,Unf,2,460,TA,TA,Y,151000
0,0,2,1,3,1,TA,7,Typ,1,TA,BuiltIn,1999.0,Fin,2,502,TA,TA,Y,181000
0,0,1,0,2,1,TA,5,Typ,0,,Attchd,1956.0,Unf,1,338,TA,TA,Y,128900
1,0,1,0,5,1,TA,8,Min2,2,TA,Attchd,1957.0,Unf,1,304,TA,TA,Y,161500
0,0,1,0,3,1,TA,8,Typ,1,Gd,Detchd,1940.0,Unf,2,520,TA,TA,N,180500
1,0,2,0,2,1,Gd,5,Typ,0,,Attchd,1998.0,Fin,2,511,TA,TA,Y,181000
1,0,2,1,3,1,Gd,6,Typ,0,,Detchd,1999.0,Unf,2,506,TA,TA,Y,183900
0,0,1,1,4,2,TA,9,Typ,1,Gd,Detchd,1960.0,Unf,1,308,TA,TA,N,122000
0,0,2,0,3,1,Ex,10,Typ,1,Gd,Attchd,2009.0,Fin,3,746,TA,TA,Y,378500
0,0,3,1,4,1,Gd,11,Typ,2,Gd,BuiltIn,1982.0,Unf,3,1014,TA,TA,Y,381000
0,0,1,1,3,1,TA,7,Typ,0,,Attchd,1958.0,Unf,1,315,TA,TA,Y,144000
2,0,0,1,0,1,Gd,4,Typ,1,TA,Attchd,1979.0,Fin,2,586,TA,TA,Y,260000
0,0,2,0,3,1,Gd,7,Typ,1,Gd,Attchd,1968.0,RFn,2,462,TA,TA,Y,185750
1,0,1,0,3,1,TA,5,Typ,0,,Attchd,1965.0,Unf,1,288,TA,TA,Y,137000
1,0,1,0,2,1,Ex,5,Typ,1,Gd,Basment,1959.0,RFn,1,312,TA,TA,Y,177000
0,0,2,0,3,1,TA,8,Typ,1,Gd,Detchd,1985.0,Unf,2,552,TA,TA,Y,139000
0,0,2,0,4,2,TA,10,Typ,0,,Detchd,1948.0,Unf,2,400,TA,Fa,Y,137000
0,1,1,1,3,1,TA,6,Typ,1,TA,Attchd,1972.0,Unf,2,497,TA,TA,Y,162000
1,0,1,1,3,1,TA,7,Typ,1,Gd,Attchd,1967.0,RFn,2,480,TA,TA,Y,197900
1,0,2,1,3,1,Gd,7,Typ,1,Gd,Attchd,2002.0,RFn,2,577,TA,TA,Y,237000
0,0,1,0,2,1,TA,6,Typ,0,,Detchd,1980.0,RFn,2,528,TA,TA,Y,68400
1,0,2,0,3,1,Gd,6,Typ,0,,Attchd,2002.0,RFn,2,544,TA,TA,Y,227000
1,0,2,0,2,1,TA,6,Typ,1,TA,Attchd,1990.0,Fin,2,484,Gd,Gd,Y,180000
0,0,2,0,3,1,Gd,5,Typ,0,,Detchd,1977.0,Unf,2,484,TA,TA,Y,150500
0,0,2,2,4,2,TA,8,Typ,0,,,,,0,0,,,Y,139000
0,0,2,0,4,1,Gd,10,Min2,1,Gd,Detchd,1969.0,Unf,1,336,TA,TA,Y,169000
0,0,1,0,4,1,TA,6,Typ,1,Gd,Detchd,1939.0,Unf,1,280,TA,TA,Y,132500
1,0,1,1,3,1,TA,6,Typ,2,Gd,Attchd,1963.0,Unf,2,528,TA,TA,Y,143000
0,1,2,0,4,1,TA,7,Typ,0,,Attchd,1964.0,Unf,2,390,TA,TA,N,190000
1,0,2,0,2,1,Ex,5,Typ,1,Ex,Attchd,2000.0,Fin,2,499,TA,TA,Y,278000
0,0,2,1,3,1,Ex,8,Typ,1,Gd,BuiltIn,2006.0,Fin,3,753,TA,TA,Y,281000
1,0,1,0,3,1,TA,6,Typ,1,Gd,Attchd,1964.0,RFn,2,484,TA,TA,Y,180500
0,0,2,1,3,1,TA,6,Typ,0,,Detchd,1972.0,Unf,1,264,TA,TA,Y,119500
0,0,2,0,4,2,TA,11,Min2,0,,Attchd,1985.0,RFn,1,432,TA,TA,Y,107500
0,0,2,1,4,1,TA,8,Typ,1,TA,Attchd,1976.0,RFn,2,528,TA,TA,Y,162900
1,0,1,0,2,1,TA,5,Typ,0,,Detchd,1957.0,Unf,2,572,TA,TA,N,115000
1,0,1,1,3,1,TA,5,Typ,0,,Attchd,1968.0,RFn,1,288,TA,TA,Y,138500
1,0,2,0,3,1,TA,6,Typ,0,,Attchd,1963.0,RFn,2,525,TA,TA,Y,155000
1,0,2,0,2,1,TA,5,Typ,0,,Basment,2005.0,Fin,2,525,TA,TA,Y,140000
2,0,2,1,3,1,Ex,12,Typ,3,Gd,Attchd,2008.0,Fin,2,1418,TA,TA,Y,160000
1,0,1,1,3,1,Gd,6,Typ,0,,Attchd,1959.0,RFn,1,305,TA,TA,Y,154000
0,0,2,1,3,1,Gd,9,Typ,1,TA,Attchd,1999.0,Fin,2,490,TA,TA,Y,225000
0,0,1,0,3,1,Gd,7,Typ,2,Gd,Attchd,1942.0,Unf,1,213,TA,TA,P,177500
1,0,2,1,4,1,Gd,8,Typ,1,TA,Attchd,1994.0,RFn,3,844,TA,TA,Y,290000
0,0,2,0,3,1,Gd,7,Typ,0,,Attchd,2005.0,RFn,3,834,TA,TA,Y,232000
0,0,2,0,3,1,Gd,7,Maj1,0,,Detchd,2004.0,Unf,2,380,TA,TA,Y,130000
1,0,2,0,2,1,Ex,6,Typ,2,Ex,Attchd,2006.0,Fin,2,840,TA,TA,Y,325000
0,0,2,0,2,1,Gd,6,Typ,1,Gd,Attchd,2005.0,RFn,2,474,TA,TA,Y,202500
1,0,1,0,3,1,TA,5,Typ,0,,Detchd,2000.0,Unf,2,480,TA,TA,Y,138000
1,0,1,0,2,1,Gd,6,Typ,0,,Attchd,1948.0,Unf,2,528,TA,TA,Y,147000
1,0,2,0,3,1,Gd,6,Typ,0,,Attchd,1991.0,RFn,2,496,TA,TA,Y,179200
1,0,2,0,3,1,Ex,7,Typ,2,TA,Attchd,1959.0,Fin,2,567,TA,TA,Y,335000
1,0,2,0,3,1,Gd,6,Typ,0,,Attchd,2005.0,RFn,2,508,TA,TA,Y,203000
0,0,2,1,4,1,Gd,9,Typ,1,Ex,Attchd,1990.0,RFn,2,750,Gd,Gd,Y,302000
0,0,2,1,4,1,Gd,10,Typ,1,TA,BuiltIn,1999.0,Fin,3,779,TA,TA,Y,333168
1,0,1,0,3,1,TA,5,Typ,1,TA,Detchd,1956.0,Unf,1,280,TA,TA,Y,119000
0,0,2,1,4,1,TA,9,Typ,2,Gd,Attchd,1969.0,Unf,2,576,TA,TA,Y,206900
1,0,2,0,3,1,Ex,8,Typ,1,Gd,Attchd,2008.0,RFn,3,860,TA,TA,Y,295493
0,0,2,0,2,1,Gd,5,Typ,1,Gd,Attchd,2006.0,RFn,2,466,TA,TA,Y,208900
0,0,2,0,3,1,Gd,7,Typ,1,TA,Attchd,2001.0,RFn,3,748,TA,TA,Y,275000
0,0,1,0,3,1,TA,5,Typ,0,,Attchd,1954.0,Unf,1,248,TA,TA,Y,111000
1,0,1,1,3,1,TA,6,Typ,2,Gd,Attchd,1957.0,RFn,2,442,TA,TA,Y,156500
0,0,1,0,2,1,TA,4,Typ,0,,Detchd,1955.0,Unf,1,287,TA,Fa,Y,72500
1,0,2,1,3,1,Gd,8,Typ,1,TA,Attchd,1992.0,RFn,2,564,TA,TA,Y,190000
0,0,1,0,2,1,Fa,5,Typ,0,,,,,0,0,,,Y,82500
0,0,2,0,2,1,Gd,7,Typ,1,Gd,Attchd,2007.0,RFn,3,895,TA,TA,Y,147000
0,0,1,0,2,1,TA,5,Typ,0,,,,,0,0,,,N,55000
0,0,1,0,3,1,Gd,6,Typ,0,,,,,0,0,,,Y,79000
0,1,1,0,3,1,Gd,5,Typ,1,Ex,Attchd,1982.0,Unf,1,264,TA,TA,Y,130500
0,0,2,0,5,1,TA,8,Mod,2,TA,Detchd,1920.0,Unf,2,520,Fa,TA,Y,256000
0,0,2,1,3,1,TA,8,Typ,1,TA,Attchd,1998.0,Fin,2,462,TA,TA,Y,176500
0,0,2,0,3,1,Gd,7,Typ,1,Gd,Attchd,2006.0,RFn,3,825,TA,TA,Y,227000
0,0,1,0,3,1,TA,6,Typ,0,,Detchd,1976.0,Unf,2,576,TA,TA,Y,132500
1,0,1,0,2,1,TA,3,Typ,1,Gd,Detchd,1958.0,Unf,1,288,Fa,Fa,Y,100000
0,0,1,1,2,1,Gd,6,Typ,0,,Detchd,1951.0,Unf,1,297,TA,TA,Y,125500
0,0,1,1,3,1,TA,7,Min1,0,,Attchd,1970.0,Unf,2,440,TA,TA,Y,125000
0,1,2,0,2,1,TA,6,Typ,1,TA,Attchd,1977.0,RFn,2,630,TA,TA,Y,167900
0,0,2,0,4,2,TA,8,Typ,0,,Detchd,1973.0,Unf,2,506,TA,TA,Y,135000
0,0,1,0,2,1,Fa,4,Typ,0,,,,,0,0,,,N,52500
1,0,2,1,3,1,Gd,8,Typ,0,,BuiltIn,2002.0,RFn,2,492,TA,TA,Y,200000
0,0,1,0,3,1,TA,5,Typ,0,,Attchd,1972.0,RFn,1,288,TA,TA,Y,128500
0,0,1,0,3,1,TA,5,Typ,0,,Detchd,1974.0,Unf,4,480,TA,TA,Y,123000
1,0,1,0,3,1,Gd,6,Typ,0,,Detchd,2004.0,Unf,2,576,TA,TA,Y,155000
0,0,2,1,3,1,Gd,7,Typ,1,Gd,Attchd,2002.0,RFn,2,647,TA,TA,Y,228500
0,0,1,1,3,1,TA,9,Typ,1,TA,Detchd,1929.0,Unf,2,342,Fa,Fa,Y,177000
0,0,2,1,3,1,Gd,8,Typ,1,TA,Attchd,2006.0,Fin,2,440,TA,TA,Y,155835
0,0,1,0,2,1,Fa,5,Typ,0,,Detchd,1997.0,Unf,1,308,TA,TA,Y,108500
0,0,2,0,3,1,TA,9,Typ,1,Gd,Attchd,1968.0,RFn,2,508,Gd,TA,Y,262500
1,0,2,0,3,1,Gd,7,Typ,1,Gd,Attchd,2006.0,Fin,3,712,TA,TA,Y,283463
1,0,2,0,3,1,Gd,5,Typ,1,Fa,Attchd,1998.0,RFn,2,514,TA,TA,Y,215000
0,0,2,0,4,1,TA,8,Typ,0,,,,,0,0,,,Y,122000
1,1,2,2,6,2,TA,12,Typ,0,,Detchd,1969.0,Unf,4,968,TA,TA,Y,200000
0,0,1,1,4,1,TA,8,Typ,1,Gd,Attchd,1962.0,Fin,2,490,TA,TA,Y,171000
0,0,1,0,2,1,TA,4,Typ,0,,Detchd,1999.0,Unf,2,624,TA,TA,N,134900
1,0,2,1,4,1,Gd,9,Typ,1,Ex,Attchd,1996.0,Fin,3,666,TA,TA,Y,410000
1,0,2,1,3,1,Gd,7,Typ,1,TA,Attchd,2000.0,RFn,3,839,TA,TA,Y,235000
0,0,3,0,4,1,Gd,8,Typ,1,TA,Attchd,1968.0,RFn,2,487,TA,TA,Y,170000
0,0,1,0,3,1,TA,5,Typ,0,,Attchd,1966.0,RFn,1,264,TA,TA,Y,110000
1,0,1,1,3,1,TA,6,Typ,1,Fa,Attchd,1971.0,Fin,2,500,TA,TA,Y,149900
0,0,2,1,3,1,Gd,5,Typ,0,,Detchd,2000.0,Unf,2,440,TA,TA,Y,177500
1,0,2,0,3,1,Ex,8,Typ,1,Gd,Attchd,2004.0,Fin,3,770,TA,TA,Y,315000
0,0,3,1,4,1,TA,8,Typ,0,,BuiltIn,1998.0,RFn,2,621,TA,TA,Y,189000
1,0,2,0,3,1,Gd,7,Typ,1,Gd,Attchd,2005.0,Fin,2,430,TA,TA,Y,260000
0,0,2,0,4,1,TA,7,Typ,1,Gd,Attchd,1920.0,Unf,1,368,TA,TA,Y,104900
0,0,2,1,3,1,Gd,6,Typ,1,Gd,BuiltIn,2007.0,Fin,2,432,TA,TA,Y,156932
0,0,2,1,2,1,Gd,4,Typ,0,,Detchd,2005.0,RFn,2,480,TA,TA,Y,144152
1,0,2,1,3,1,Gd,7,Typ,0,,Attchd,2000.0,RFn,2,663,TA,TA,Y,216000
1,0,2,1,3,1,Gd,7,Typ,0,,Attchd,1999.0,RFn,2,588,TA,TA,Y,193000
0,0,2,0,4,1,TA,6,Typ,1,TA,Attchd,1977.0,RFn,1,336,TA,TA,Y,127000
1,0,1,0,1,1,Gd,4,Typ,0,,Attchd,2003.0,Fin,2,420,TA,TA,Y,144000
1,0,2,0,3,1,Gd,8,Typ,1,TA,Attchd,2003.0,Fin,2,502,TA,TA,Y,232000
0,0,1,0,2,1,TA,6,Typ,0,,Detchd,1967.0,Fin,1,338,TA,TA,Y,105000
1,0,1,0,3,1,Gd,8,Typ,1,TA,BuiltIn,1955.0,RFn,1,377,TA,TA,Y,165500
1,0,2,1,3,1,Gd,8,Typ,1,TA,Detchd,1998.0,RFn,2,583,TA,TA,Y,274300
1,0,2,1,2,1,Ex,8,Typ,2,Gd,Attchd,2001.0,RFn,3,804,TA,TA,Y,466500
0,0,2,1,3,1,Gd,9,Typ,1,Gd,Attchd,2005.0,Fin,3,936,TA,TA,Y,250000
0,0,2,0,3,1,Gd,7,Typ,1,Gd,Attchd,2007.0,Fin,3,722,TA,TA,Y,239000
0,0,1,0,2,1,TA,4,Typ,0,,Detchd,1925.0,Unf,1,160,Fa,TA,Y,91000
0,0,2,0,3,1,TA,6,Min2,0,,Detchd,1977.0,Unf,2,660,TA,TA,Y,117000
0,0,1,1,2,1,TA,5,Typ,0,,Detchd,1973.0,Unf,1,264,TA,TA,Y,83000
0,0,2,1,3,1,Gd,7,Typ,0,,BuiltIn,2007.0,Fin,2,400,TA,TA,Y,167500
1,0,1,0,2,1,TA,5,Typ,0,,Detchd,1938.0,Unf,1,200,TA,Fa,Y,58500
0,0,2,1,4,1,TA,7,Typ,2,Gd,Attchd,1970.0,Fin,2,550,TA,TA,Y,237500
1,0,1,1,4,1,Gd,8,Typ,0,,Detchd,1989.0,Unf,2,576,TA,TA,N,157000
0,0,2,0,3,1,Gd,7,Typ,0,,Attchd,2007.0,Unf,2,576,TA,TA,N,112000
0,0,1,0,2,1,TA,6,Typ,0,,Detchd,1939.0,Unf,1,280,TA,TA,P,105000
1,0,1,0,3,1,Gd,7,Typ,0,,Detchd,1922.0,Unf,1,240,TA,TA,N,125500
1,0,3,1,5,1,Gd,12,Typ,2,TA,Attchd,1978.0,RFn,2,564,TA,TA,Y,250000
0,0,2,0,5,1,Gd,10,Typ,1,Gd,Detchd,1916.0,Unf,1,216,TA,TA,Y,136000
1,0,2,0,3,1,Ex,7,Typ,2,Gd,Attchd,2006.0,Fin,3,758,TA,TA,Y,377500
0,1,1,0,3,1,TA,6,Typ,1,Gd,Detchd,2003.0,Unf,2,440,TA,TA,Y,131000
1,0,2,0,3,1,Gd,6,Typ,0,,Attchd,2000.0,RFn,2,541,TA,TA,Y,235000
0,0,2,0,4,2,TA,8,Mod,0,,Detchd,1967.0,Unf,3,792,TA,TA,Y,124000
1,0,1,0,3,1,TA,6,Typ,1,Po,Attchd,1967.0,RFn,1,288,TA,TA,Y,123000
0,0,2,0,3,2,TA,7,Typ,1,TA,Detchd,2003.0,Unf,2,672,Gd,TA,Y,163000
1,0,2,0,2,1,Gd,6,Typ,1,Gd,Attchd,2006.0,Fin,3,648,TA,TA,Y,246578
0,0,2,1,4,1,Gd,9,Typ,1,Gd,BuiltIn,2005.0,Fin,3,642,TA,TA,Y,281213
1,0,1,0,3,1,TA,7,Min1,2,TA,Detchd,1966.0,Unf,2,572,TA,TA,N,160000
0,0,1,1,4,1,TA,8,Typ,0,,Detchd,1933.0,Unf,1,180,Fa,Fa,N,137500
1,0,1,1,3,1,TA,7,Min1,0,,Attchd,1950.0,Unf,1,240,TA,TA,Y,138000
0,0,2,1,3,1,Gd,7,Typ,1,Gd,Detchd,1925.0,Unf,1,216,Fa,TA,Y,137450
0,0,1,0,3,1,TA,5,Typ,1,Gd,BuiltIn,1929.0,RFn,1,208,TA,TA,Y,120000
1,0,2,1,3,1,TA,8,Typ,1,TA,Attchd,2004.0,Fin,2,398,TA,TA,Y,193000
0,0,2,0,2,1,Gd,6,Typ,1,Gd,Attchd,2006.0,RFn,2,662,TA,TA,Y,193879
1,0,2,0,3,1,Gd,6,Typ,0,,Attchd,2007.0,Unf,3,754,TA,TA,Y,282922
0,0,1,0,3,1,TA,6,Typ,0,,Detchd,1998.0,Unf,3,936,TA,TA,Y,105000
1,1,2,0,2,1,Gd,5,Typ,1,Gd,Attchd,2004.0,Fin,2,482,TA,TA,Y,275000
1,0,1,0,2,1,TA,5,Typ,0,,Detchd,1988.0,Unf,2,396,TA,TA,Y,133000
1,0,1,0,3,1,TA,5,Typ,0,,,,,0,0,,,Y,112000
0,0,1,0,3,1,TA,6,Typ,0,,Detchd,1966.0,Unf,2,528,TA,TA,Y,125500
0,0,2,1,3,1,TA,7,Typ,1,TA,Attchd,1986.0,Fin,2,542,TA,TA,Y,215000
1,0,2,1,3,1,Gd,6,Typ,0,,Attchd,2001.0,RFn,2,622,TA,TA,Y,230000
0,0,1,1,3,1,TA,6,Min2,0,,Attchd,1950.0,Unf,1,271,TA,TA,Y,140000
0,0,2,0,2,2,TA,6,Typ,0,,Detchd,1956.0,Unf,2,420,TA,TA,Y,90000
1,0,2,0,2,1,Gd,7,Typ,1,Gd,Attchd,2005.0,Fin,2,620,TA,TA,Y,257000
0,0,1,1,4,1,Gd,8,Typ,1,Gd,Detchd,1922.0,Unf,2,370,TA,TA,N,207000
0,1,2,0,1,1,Gd,7,Typ,1,TA,Attchd,2007.0,RFn,3,660,TA,TA,Y,175900
0,0,2,0,4,2,TA,11,Typ,0,,Detchd,1971.0,Unf,2,560,TA,TA,N,122500
1,0,2,1,3,1,Gd,7,Typ,1,TA,Attchd,1998.0,Fin,3,1069,TA,TA,Y,340000
1,0,1,1,3,1,TA,6,Typ,0,,Detchd,1962.0,Unf,1,336,TA,TA,Y,124000
1,0,2,0,3,1,Gd,7,Typ,1,TA,Attchd,1969.0,RFn,2,540,TA,TA,Y,223000
0,0,2,1,3,1,TA,7,Typ,1,TA,Attchd,1968.0,RFn,2,776,TA,TA,Y,179900
0,0,2,0,2,1,TA,4,Typ,1,Fa,Attchd,1977.0,RFn,2,440,TA,TA,Y,127500
1,0,1,0,1,1,Gd,3,Typ,0,,Attchd,2003.0,Fin,2,420,TA,TA,Y,136500
0,0,2,0,4,1,Gd,8,Typ,1,Gd,Attchd,1966.0,Unf,2,432,Gd,Gd,Y,274970
1,0,1,0,2,1,TA,6,Min1,1,TA,Detchd,1970.0,Unf,1,484,TA,TA,Y,144000
0,0,1,0,3,1,Gd,7,Typ,0,,Detchd,1960.0,Unf,2,528,TA,TA,Y,142000
1,0,2,1,3,1,Gd,5,Typ,2,TA,Attchd,1994.0,RFn,2,525,TA,TA,Y,271000
1,0,1,1,3,1,TA,6,Typ,1,TA,Attchd,1962.0,Unf,1,288,TA,TA,Y,140000
1,0,1,0,2,1,Gd,4,Typ,2,Gd,Attchd,1940.0,Unf,1,240,TA,TA,Y,119000
0,0,2,0,3,1,Gd,7,Typ,1,TA,Attchd,1981.0,Fin,2,467,TA,TA,Y,182900
0,0,2,1,4,1,TA,7,Typ,1,Gd,BuiltIn,2005.0,Fin,2,372,TA,TA,Y,192140
0,0,2,0,2,1,TA,5,Typ,0,,Attchd,1976.0,RFn,2,440,TA,TA,Y,143750
0,0,2,0,4,1,TA,5,Typ,0,,Detchd,1928.0,Unf,1,216,Fa,Fa,Y,64500
1,0,2,1,3,1,TA,8,Typ,1,TA,Attchd,2000.0,Fin,2,451,TA,TA,Y,186500
1,0,2,0,3,1,TA,5,Typ,1,Gd,Attchd,1977.0,RFn,2,484,TA,TA,P,160000
1,0,1,1,3,1,Gd,7,Typ,1,Gd,Attchd,1962.0,RFn,2,462,TA,TA,Y,174000
0,0,1,0,3,1,TA,5,Typ,0,,Detchd,1974.0,Unf,2,528,TA,TA,Y,120500
1,0,2,0,2,1,Ex,7,Typ,1,Gd,Attchd,2008.0,Fin,3,774,TA,TA,Y,394617
1,0,1,0,2,1,TA,6,Typ,0,,Attchd,1957.0,Unf,2,923,TA,TA,Y,149700
0,0,2,1,3,1,TA,6,Typ,1,TA,Attchd,1979.0,RFn,2,550,TA,TA,Y,197000
0,0,2,0,3,1,TA,11,Min1,1,Gd,Detchd,1993.0,Fin,2,672,TA,TA,Y,191000
1,0,1,0,1,1,Gd,3,Typ,1,TA,Attchd,2004.0,RFn,2,420,TA,TA,Y,149300
1,0,2,1,3,1,Ex,10,Typ,1,Ex,Attchd,2008.0,Fin,3,812,TA,TA,Y,310000
0,0,1,0,2,1,Fa,4,Typ,1,Gd,Detchd,1916.0,Unf,1,192,Fa,Po,P,121000
0,0,2,0,3,1,Gd,7,Typ,0,,Attchd,2004.0,RFn,2,626,TA,TA,Y,179600
1,0,1,0,3,1,TA,6,Typ,0,,Detchd,1990.0,Unf,1,240,TA,TA,Y,129000
0,0,1,0,3,1,TA,6,Typ,0,,Attchd,1962.0,Unf,1,312,TA,TA,P,157900
1,0,2,1,3,1,Gd,8,Typ,1,TA,Attchd,1995.0,RFn,2,556,TA,TA,Y,240000
0,0,1,1,2,1,TA,6,Min2,0,,Detchd,1950.0,Unf,1,384,Fa,TA,Y,112000
1,0,1,0,1,1,Ex,3,Typ,0,,,,,0,0,,,Y,92000
0,0,2,2,4,2,TA,8,Typ,0,,,,,0,0,,,Y,136000
0,0,2,0,3,1,Ex,7,Typ,1,Gd,Attchd,2008.0,Fin,3,840,TA,TA,Y,287090
1,0,1,0,2,1,TA,5,Typ,0,,Basment,2005.0,Fin,2,525,TA,TA,Y,145000
0,0,1,0,3,1,TA,6,Typ,0,,,,,0,0,,,Y,84500
1,0,2,0,2,1,Gd,6,Typ,0,,Attchd,2004.0,RFn,2,400,TA,TA,Y,185000
0,0,2,1,3,1,TA,7,Typ,1,TA,Attchd,1999.0,RFn,2,460,TA,TA,Y,175000
1,0,2,0,3,1,TA,7,Min1,2,TA,Attchd,1978.0,Unf,2,500,TA,TA,Y,210000
0,0,2,0,4,1,Gd,9,Typ,2,Gd,Attchd,1941.0,RFn,1,252,TA,TA,Y,266500
1,0,1,0,2,1,Gd,5,Typ,0,,Attchd,1950.0,Unf,1,240,TA,TA,Y,142125
1,0,1,1,3,1,TA,6,Typ,0,,Attchd,1965.0,Fin,1,276,TA,TA,Y,147500
