WoodDeckSF,OpenPorchSF,EnclosedPorch,3SsnPorch,ScreenPorch,PoolArea,PoolQC,Fence,MiscFeature,MiscVal,MoSold,YrSold,SaleType,SaleCondition,Cluster,Silhouette
250,0,0,0,0,0,,,,0,6,2010,WD,Normal,0,0
0,40,0,0,0,0,,,,0,5,2009,WD,Normal,1,1
328,0,164,0,0,0,,MnPrv,,0,5,2008,WD,Normal,9,0
0,0,264,0,0,0,,MnPrv,,0,6,2007,WD,Normal,5,5
0,0,242,0,0,0,,,,0,5,2010,WD,Normal,5,5
256,0,0,0,0,0,,GdWo,,0,7,2006,WD,Abnorml,0,0
100,38,0,0,0,0,,,,0,3,2009,WD,Normal,6,6
0,96,0,0,0,0,,MnPrv,,0,5,2010,WD,Normal,8,8
276,0,0,0,0,0,,GdPrv,,0,6,2008,WD,Normal,0,0
168,130,0,0,0,0,,,,0,6,2007,New,Partial,2,2
0,0,252,0,0,0,,,,0,5,2007,WD,Normal,5,5
0,0,0,0,0,0,,GdWo,,0,6,2006,WD,Normal,5,5
0,0,0,0,0,0,,,,0,4,2009,COD,Abnorml,5,5
0,42,0,0,189,0,,,,0,10,2009,WD,Normal,1,1
0,0,0,0,0,0,,,,0,7,2006,COD,Normal,5,5
120,46,0,0,0,0,,,,0,12,2009,ConLI,Normal,6,6
166,120,192,0,0,0,,MnPrv,,0,10,2007,COD,Abnorml,2,2
140,50,0,0,0,0,,MnPrv,,0,6,2008,WD,Normal,6,6
252,0,0,0,0,0,,MnPrv,,0,7,2009,WD,Normal,0,0
192,0,0,0,0,0,,,,0,11,2008,WD,Normal,0,6
0,0,112,0,0,0,,MnPrv,,0,6,2007,WD,Normal,5,5
0,0,0,0,0,0,,,,0,8,2009,WD,Normal,5,5
0,0,0,0,0,0,,,,0,8,2006,WD,Family,5,5
0,72,0,0,0,0,,,,0,7,2007,New,Partial,1,1
0,41,0,0,0,0,,,,0,8,2009,WD,Normal,1,1
0,54,0,0,0,0,,,,0,6,2007,New,Partial,1,1
0,207,162,0,0,0,,,,0,5,2010,WD,Normal,4,4
0,0,0,0,0,0,,,,0,5,2006,WD,Normal,5,5
0,114,0,0,0,0,,,,0,9,2009,New,Partial,8,8
0,65,0,0,0,0,,MnPrv,,0,6,2008,WD,Normal,1,1
0,28,0,0,0,0,,,Othr,0,9,2009,WD,Normal,1,1
0,0,96,0,0,0,,,,0,4,2008,WD,Normal,5,5
384,131,0,0,0,0,,,,0,5,2006,WD,Normal,7,7
120,78,0,0,0,0,,GdWo,,0,6,2009,WD,Normal,6,2
120,0,0,0,0,0,,,,0,4,2009,WD,Normal,6,6
216,121,0,0,0,0,,,,0,8,2006,New,Partial,2,2
0,0,0,162,0,0,,,,0,2,2009,WD,Normal,5,5
0,0,0,0,0,0,,,Shed,0,7,2006,Oth,Abnorml,5,5
120,0,0,0,0,0,,,,0,6,2009,WD,Alloca,6,6
511,116,0,0,0,0,,GdPrv,,0,6,2008,WD,Normal,7,7
0,0,0,0,0,0,,MnPrv,,0,10,2008,WD,Normal,5,5
0,0,0,0,0,0,,,,0,11,2008,WD,Alloca,5,5
0,102,0,0,0,0,,,,0,2,2008,WD,Abnorml,8,8
74,0,0,0,0,0,,,,0,7,2007,COD,Normal,5,5
242,0,81,0,0,0,,,,0,11,2007,WD,Normal,0,0
0,0,102,0,0,0,,,,0,6,2009,New,Partial,5,5
0,8,128,0,0,0,,,,0,4,2008,WD,Normal,5,5
0,120,0,0,0,0,,,,0,12,2008,New,Partial,8,8
224,84,0,0,0,0,,,,0,6,2008,WD,Normal,2,2
194,0,0,0,0,0,,,,0,7,2007,WD,Normal,0,6
0,0,228,0,0,0,,,,0,7,2006,WD,Normal,5,5
0,36,0,0,0,0,,GdPrv,,0,7,2008,COD,Abnorml,1,1
100,17,0,0,0,0,,,,0,11,2006,New,Partial,6,6
168,52,0,0,0,0,,,,0,4,2009,WD,Normal,6,6
206,49,0,0,0,0,,,,0,8,2006,WD,Normal,0,6
0,0,184,0,0,0,,,,0,7,2007,WD,Normal,5,5
0,65,0,0,222,0,,,,0,8,2006,WD,Normal,1,1
88,0,0,0,0,0,,,,0,5,2006,WD,Normal,6,6
105,502,0,0,0,0,,,,0,7,2008,WD,Normal,3,3
414,84,0,0,0,0,,,,0,3,2007,WD,Normal,9,7
128,53,0,0,155,0,,,,0,1,2008,WD,Normal,6,6
165,26,0,0,0,0,,,,0,5,2006,WD,Normal,6,6
160,33,0,0,0,0,,,,0,2,2010,WD,Normal,6,6
0,0,0,0,0,0,,,Gar2,15500,4,2007,WD,Normal,5,5
150,72,0,0,0,0,,,,0,5,2006,WD,Normal,6,2
0,0,176,0,0,0,,,,0,5,2010,WD,Normal,5,5
0,96,0,0,0,0,,,,0,1,2010,WD,Normal,8,8
236,46,0,0,0,0,,,,0,8,2008,WD,Normal,0,6
0,224,0,0,0,0,,,,0,6,2007,WD,Normal,4,4
0,28,0,0,0,0,,,,0,4,2009,WD,Normal,1,1
192,87,0,0,0,0,,,,0,8,2007,WD,Normal,2,2
168,98,0,0,0,0,,,,0,1,2009,WD,Normal,2,2
0,88,0,0,0,0,,,,0,8,2008,COD,Normal,1,1
156,20,0,0,0,0,,,,0,5,2008,WD,Normal,6,6
265,0,0,0,0,648,Fa,GdPrv,,0,1,2006,WD,Normal,0,0
0,0,0,0,0,0,,MnPrv,,0,10,2009,WD,Normal,5,5
0,0,36,0,0,0,,GdWo,Shed,600,8,2007,WD,Normal,5,5
0,0,275,0,0,0,,,Shed,500,4,2007,COD,Normal,5,5
0,0,0,0,0,0,,,,0,5,2008,WD,Normal,5,5
100,40,0,0,0,0,,,,0,1,2006,WD,Normal,6,6
0,50,0,0,0,0,,MnPrv,,0,2,2007,WD,Normal,1,1
100,35,0,0,0,0,,,,0,10,2006,WD,Normal,6,6
0,0,0,0,197,0,,,,0,9,2009,WD,Normal,5,5
0,0,0,0,271,0,,MnPrv,,0,5,2006,WD,Normal,5,5
0,0,0,0,0,0,,,,0,7,2006,WD,Normal,5,5
0,122,0,0,0,0,,MnPrv,,0,1,2010,COD,Normal,8,8
0,0,0,0,0,0,,,,0,7,2008,COD,Abnorml,5,5
168,68,0,0,0,0,,,,0,2,2010,WD,Normal,6,6
120,0,158,0,0,0,,,,0,6,2007,WD,Normal,6,6
439,0,0,0,0,0,,,,0,3,2007,WD,Normal,9,0
95,75,0,0,0,0,,,,0,6,2006,WD,Normal,6,1
227,0,0,0,0,0,,,,0,4,2010,WD,Normal,0,6
289,0,0,0,0,0,,MnPrv,,0,6,2007,WD,Normal,0,0
182,81,0,0,0,0,,,,0,9,2006,WD,Normal,2,2
0,0,0,0,0,0,,,,0,5,2009,WD,Normal,5,5
40,156,0,0,0,0,,MnPrv,,0,11,2009,WD,Normal,8,8
159,214,0,0,0,0,,,,0,12,2007,WD,Normal,4,4
0,0,0,0,128,0,,GdPrv,,0,6,2006,WD,Normal,5,5
0,0,112,0,0,0,,,,0,7,2008,WD,Normal,5,5
0,0,0,0,0,0,,GdPrv,,0,11,2009,WD,Normal,5,5
0,205,0,0,0,0,,,,0,2,2007,WD,Normal,4,4
0,108,0,0,260,0,,,,0,7,2007,New,Partial,8,8
0,0,0,0,160,0,,,,0,1,2009,WD,Normal,5,5
126,66,0,0,0,0,,,,0,11,2008,New,Partial,6,6
0,0,0,0,120,0,,,,0,11,2007,WD,Normal,5,5
0,0,0,0,0,0,,,,0,6,2009,WD,Normal,5,5
0,26,0,0,0,0,,,,0,8,2007,WD,Normal,5,5
237,0,0,0,0,0,,,,0,5,2007,WD,Normal,0,0
100,24,0,0,0,0,,,,0,7,2008,WD,Normal,6,6
517,76,0,0,0,0,,,,0,7,2009,WD,Normal,7,7
0,192,0,0,0,0,,,,0,11,2008,WD,Abnorml,4,4
0,0,0,0,0,0,,MnPrv,,0,7,2008,WD,Normal,5,5
0,80,120,0,0,0,,,,0,7,2009,WD,Normal,1,1
0,0,0,0,0,0,,,,0,4,2010,ConLI,Normal,5,5
140,60,0,0,0,0,,,,0,6,2010,WD,Normal,6,6
0,0,0,0,0,0,,,,0,6,2007,WD,Normal,5,5
38,243,0,0,0,0,,,,0,6,2008,WD,Normal,4,4
172,62,0,0,0,0,,,,0,7,2009,WD,Normal,6,6
240,39,0,0,0,0,,,,0,6,2010,WD,Normal,0,0
0,35,0,144,0,0,,,,0,5,2010,WD,Normal,1,1
164,0,0,0,0,0,,,,0,12,2009,WD,Normal,6,6
0,26,0,0,170,0,,,,0,1,2009,WD,Normal,5,5
0,0,0,0,0,0,,,,0,6,2008,WD,Normal,5,5
192,267,0,0,0,0,,,,0,1,2006,New,Partial,4,4
0,0,0,0,0,0,,,,0,6,2006,WD,Normal,5,5
0,102,0,0,0,0,,,,0,7,2009,WD,Normal,8,8
0,114,192,0,0,0,,GdPrv,,0,7,2006,WD,Normal,8,8
0,0,0,0,0,0,,,,0,2,2008,WD,Normal,5,5
144,48,0,0,0,0,,,,0,5,2010,WD,Normal,6,6
0,30,0,0,216,0,,,,0,4,2006,WD,Normal,1,1
172,62,0,0,0,0,,,,0,4,2009,ConLw,Normal,6,6
224,0,0,0,0,0,,,,0,6,2007,WD,Normal,0,6
72,192,224,0,0,0,,GdPrv,,0,11,2007,WD,Normal,4,4
0,184,0,0,0,0,,,,0,3,2008,WD,Normal,8,8
192,35,0,0,0,0,,,,0,6,2010,New,Partial,0,6
100,0,0,0,0,0,,,,0,12,2007,WD,Normal,6,6
0,113,0,0,0,0,,,,0,10,2009,WD,Normal,8,8
182,182,0,0,0,0,,,,0,11,2009,WD,Normal,2,2
0,0,236,0,0,0,,GdWo,,0,12,2009,WD,Normal,5,5
0,80,0,180,0,0,,MnWw,,0,7,2006,WD,Abnorml,1,1
0,0,0,0,0,0,,,,0,1,2007,WD,Normal,5,5
0,0,0,0,0,0,,,,0,8,2007,WD,Normal,5,5
142,98,0,0,0,0,,,,0,7,2006,WD,Normal,2,2
0,0,0,0,0,0,,,,0,5,2008,WD,Normal,5,5
0,46,0,0,0,0,,GdPrv,Shed,800,8,2009,ConLI,Normal,1,1
144,78,0,0,0,0,,,,0,7,2009,New,Partial,2,2
98,0,0,0,0,0,,MnPrv,,0,5,2008,WD,Normal,6,6
0,28,0,0,0,0,,,,0,5,2006,WD,Normal,1,1
169,45,0,0,0,0,,,,0,6,2010,Con,Normal,6,6
0,191,0,0,0,0,,,,0,3,2007,WD,Normal,4,4
158,61,0,0,0,0,,,,0,4,2009,ConLw,Normal,6,6
176,0,0,0,0,0,,GdPrv,,0,6,2008,WD,Normal,0,6
635,104,0,0,0,0,,GdPrv,Shed,400,5,2010,WD,Normal,7,7
280,34,0,0,0,0,,,,0,12,2008,WD,Normal,0,0
315,44,0,0,0,0,,,,0,7,2006,WD,Normal,9,0
0,136,0,0,0,0,,GdWo,,0,5,2010,WD,Normal,8,8
0,0,0,0,0,0,,,,0,7,2008,WD,Normal,5,5
180,0,0,0,80,0,,,,0,7,2008,WD,Normal,0,6
0,0,0,0,0,0,,,,0,6,2008,WD,Normal,5,5
0,100,0,0,0,0,,GdPrv,,0,6,2008,WD,Normal,8,8
136,63,0,0,0,0,,,,0,8,2009,WD,Normal,6,6
120,0,0,0,0,0,,,,0,11,2009,WD,Normal,6,6
0,30,226,0,0,0,,,,0,6,2009,WD,Normal,1,1
264,98,0,0,0,0,,,,0,1,2007,New,Partial,2,2
144,39,0,0,0,0,,,,0,6,2008,WD,Normal,6,6
253,142,0,0,0,0,,,,0,5,2009,WD,Normal,2,2
0,211,0,0,0,0,,,,0,3,2008,WD,Normal,4,4
0,0,126,0,0,0,,GdPrv,,0,7,2007,WD,Normal,5,5
0,0,120,0,0,0,,,,0,7,2006,WD,Normal,5,5
0,0,34,0,0,0,,MnPrv,,0,3,2007,WD,Normal,5,5
40,0,0,0,0,0,,,,0,7,2006,WD,Normal,5,5
158,29,0,0,0,0,,,,0,8,2006,WD,Normal,6,6
0,0,0,0,95,0,,,,0,5,2010,WD,Normal,5,5
171,78,0,0,0,555,Ex,MnPrv,,0,7,2007,WD,Abnorml,2,2
0,0,0,0,276,0,,,,0,11,2007,WD,Normal,5,5
156,0,0,0,0,0,,,,0,5,2009,WD,Normal,6,6
0,0,0,0,0,0,,,,0,6,2009,COD,Abnorml,5,5
288,136,0,0,0,0,,,,0,5,2009,WD,Normal,2,2
0,32,0,0,0,0,,,,0,5,2007,WD,Normal,1,1
0,0,0,0,0,0,,,,0,6,2006,WD,Normal,5,5
0,0,0,0,0,0,,MnPrv,,0,4,2008,WD,Normal,5,5
0,0,0,0,0,0,,,,0,6,2008,WD,Normal,5,5
89,0,0,0,0,0,,,,0,7,2006,WD,Normal,6,6
84,70,0,0,0,0,,,,0,6,2009,WD,Normal,1,1
0,0,0,0,0,0,,,,0,4,2010,WD,Normal,5,5
0,0,108,0,0,0,,,,0,8,2008,WD,Normal,5,5
0,130,112,0,0,0,,MnPrv,,0,4,2008,WD,Normal,8,8
364,63,0,0,0,0,,MnPrv,,0,11,2008,WD,Normal,9,0
0,0,0,0,0,0,,,,0,8,2009,WD,Normal,5,5
272,0,42,0,116,0,,,,0,3,2010,WD,Normal,0,0
120,0,0,0,0,0,,MnPrv,,0,5,2010,WD,Abnorml,6,6
0,30,0,0,0,0,,,,0,12,2007,New,Partial,1,1
208,59,0,0,0,0,,,,0,4,2006,WD,Normal,0,6
0,0,0,0,0,0,,,,0,6,2007,WD,Normal,5,5
240,38,0,0,0,0,,,,0,4,2006,WD,Normal,0,0
158,0,0,0,0,0,,,,0,3,2009,WD,Normal,6,6
256,0,0,0,0,0,,MnPrv,,0,4,2009,WD,Normal,0,0
125,144,0,0,0,0,,,,0,4,2007,New,Partial,2,2
237,152,0,0,0,0,,,,0,3,2010,WD,Normal,2,2
0,21,0,0,180,0,,,,0,7,2007,WD,Normal,5,5
74,234,0,0,0,0,,,,0,10,2009,WD,Normal,4,4
270,78,0,0,0,0,,,,0,5,2006,WD,Normal,2,2
113,100,0,0,0,0,,,,0,8,2007,WD,Normal,2,2
0,103,0,0,0,0,,,,0,6,2009,WD,Normal,8,8
0,45,0,0,0,0,,,,0,1,2010,WD,Normal,1,1
48,0,0,0,0,0,,,,0,3,2008,ConLw,Normal,5,5
0,0,0,0,0,0,,,,0,7,2008,WD,Normal,5,5
192,0,0,0,0,0,,,,0,1,2009,WD,Normal,0,6
0,60,0,0,0,0,,,,0,7,2009,New,Partial,1,1
0,0,0,0,0,0,,,,0,6,2006,WD,Normal,5,5
0,0,0,0,0,0,,MnPrv,,0,3,2009,WD,Normal,5,5
0,0,0,0,0,0,,,,0,10,2008,WD,Normal,5,5
110,0,0,0,0,0,,,,0,10,2009,WD,Normal,6,6
0,45,0,0,0,0,,,,0,4,2006,WD,Normal,1,1
349,0,0,0,0,0,,MnPrv,,0,2,2010,WD,Normal,9,0
70,78,68,0,0,0,,,,0,6,2008,WD,Normal,1,1
144,20,0,0,0,0,,,,0,7,2006,New,Partial,6,6
0,0,0,0,0,0,,GdWo,,0,7,2009,WD,Normal,5,5
132,105,0,0,0,0,,,,0,5,2010,WD,Normal,2,2
0,0,156,0,0,0,,MnPrv,,0,10,2009,ConLD,Abnorml,5,5
272,54,0,0,0,0,,,,0,6,2006,WD,Family,0,0
169,39,0,0,0,0,,,,0,7,2009,WD,Normal,6,6
0,0,293,0,0,0,,MnPrv,,0,6,2006,WD,Abnorml,5,5
210,0,0,0,0,0,,,,0,7,2009,WD,Normal,0,6
188,124,0,0,0,0,,,,0,11,2006,WD,Normal,2,2
0,0,0,0,0,0,,,,0,6,2007,WD,Normal,5,5
0,51,0,0,0,0,,,,0,7,2006,New,Partial,1,1
36,0,221,0,0,0,,,,0,10,2006,WD,Normal,5,5
0,0,0,0,0,0,,,,0,11,2008,WD,Normal,5,5
0,27,0,0,0,0,,,,0,10,2008,WD,Normal,1,5
100,24,0,0,0,0,,,,0,9,2006,New,Partial,6,6
0,141,0,0,0,0,,,,0,4,2008,WD,Normal,8,8
0,113,252,0,0,0,,,,0,11,2007,WD,Normal,8,8
0,69,0,0,0,0,,,,0,9,2008,WD,Normal,1,1
192,63,0,0,0,0,,MnPrv,,0,6,2008,WD,Normal,6,6
210,0,0,0,0,0,,,,0,11,2008,WD,Normal,0,6
192,30,0,0,0,0,,,,0,7,2008,WD,Normal,0,6
160,0,0,0,0,0,,,,0,5,2010,WD,Normal,6,6
177,74,0,0,0,0,,,,0,10,2006,New,Partial,2,2
322,82,0,0,0,0,,,,0,7,2009,New,Partial,9,0
0,184,0,0,0,0,,,,0,6,2008,WD,Normal,8,8
0,60,268,0,0,0,,,,0,7,2009,WD,Normal,1,1
340,60,144,0,0,0,,,,0,4,2009,WD,Normal,9,0
0,158,158,0,0,0,,MnPrv,,0,4,2010,WD,Normal,8,8
164,0,0,0,0,0,,MnPrv,,0,6,2006,WD,Normal,6,6
140,0,0,0,176,0,,,,0,9,2008,WD,Normal,6,6
210,62,0,0,0,0,,,,0,5,2010,WD,Normal,0,6
0,0,252,0,0,0,,GdWo,,0,5,2009,WD,Normal,5,5
0,0,0,0,0,0,,,,0,10,2007,WD,Normal,5,5
0,0,0,0,0,0,,MnPrv,,0,6,2010,WD,Normal,5,5
222,98,0,0,0,0,,,,0,11,2007,WD,Normal,2,2
224,106,0,0,0,0,,GdPrv,,0,12,2008,WD,Normal,2,2
322,50,0,0,0,0,,,,0,5,2006,New,Partial,9,0
97,65,0,0,0,0,,,,0,1,2008,CWD,Abnorml,6,1
168,0,0,0,0,0,,GdPrv,,0,5,2008,WD,Normal,6,6
276,99,0,0,0,0,,MnPrv,,0,8,2009,WD,Normal,2,2
294,116,0,0,0,0,,,,0,12,2009,WD,Normal,2,2
0,0,220,0,0,0,,MnPrv,,0,6,2010,WD,Normal,5,5
248,105,0,0,0,0,,,,0,6,2009,WD,Normal,2,2
166,120,0,0,0,0,,MnPrv,,0,7,2006,WD,Normal,2,2
0,102,0,0,0,0,,,,0,4,2008,New,Partial,8,8
0,0,244,0,0,0,,,,0,12,2007,WD,Normal,5,5
0,36,0,0,0,0,,GdPrv,,0,8,2009,WD,Family,1,1
0,120,0,0,0,0,,MnPrv,,0,1,2010,WD,Family,8,8
0,0,0,0,0,0,,,Othr,3500,7,2010,WD,Normal,5,5
203,40,0,0,0,0,,,,0,7,2006,WD,Normal,0,6
0,98,0,0,0,0,,GdPrv,,0,9,2006,WD,Normal,8,8
144,60,0,0,0,0,,,,0,8,2006,New,Partial,6,6
0,166,0,0,0,0,,,,0,7,2006,WD,Normal,8,8
0,54,0,0,161,0,,GdWo,,0,3,2010,WD,Normal,1,1
0,211,0,0,0,0,,,,0,11,2008,WD,Normal,4,4
0,35,272,0,0,0,,,,0,2,2006,WD,Abnorml,1,1
668,30,0,0,0,0,,,,0,5,2010,WD,Normal,7,7
168,0,0,0,0,0,,,,0,6,2007,WD,Normal,6,6
184,154,0,0,0,0,,,,0,6,2007,WD,Normal,2,2
40,30,0,320,0,0,,MnPrv,Shed,700,10,2009,WD,Normal,1,1
120,33,0,0,0,0,,,,0,12,2007,WD,Normal,6,6
0,64,0,0,0,0,,MnPrv,,0,10,2006,WD,Normal,1,1
0,0,0,0,0,0,,MnPrv,,0,8,2009,WD,Normal,5,5
0,0,0,0,0,0,,,,0,6,2008,WD,AdjLand,5,5
78,73,0,0,0,0,,,,0,6,2009,WD,Normal,1,1
0,0,77,0,0,0,,,,0,4,2006,WD,Normal,5,5
0,111,0,0,0,0,,,,0,7,2007,WD,Normal,8,8
0,44,0,0,0,0,,,,0,3,2010,WD,Normal,1,1
0,116,0,0,0,0,,,,0,6,2006,WD,Normal,8,8
0,0,0,0,224,0,,,,0,11,2009,WD,Normal,5,5
192,121,0,0,0,0,,,,0,5,2008,WD,Normal,2,2
144,45,0,0,0,0,,,,0,12,2007,WD,Normal,6,6
0,0,192,0,0,0,,,,0,7,2006,WD,Normal,5,5
168,27,0,0,0,0,,,,0,7,2006,WD,Normal,6,6
283,86,0,0,0,0,,,,0,3,2010,WD,Normal,2,2
0,0,0,0,0,0,,,,0,7,2006,WD,Normal,5,5
0,0,234,0,0,0,,,,0,8,2006,WD,Normal,5,5
0,0,0,0,0,0,,,,0,6,2008,WD,Normal,5,5
233,48,0,0,0,0,,,,0,6,2009,WD,Normal,0,6
245,0,156,0,0,0,,,Shed,1300,7,2008,WD,Normal,0,0
144,105,0,0,0,0,,,,0,4,2009,WD,Normal,2,2
0,44,0,0,0,0,,,,0,5,2008,WD,Normal,1,1
0,96,0,0,0,0,,MnPrv,,0,5,2009,WD,Normal,8,8
186,0,0,0,0,0,,,,0,1,2009,WD,Normal,0,6
305,189,0,0,0,0,,MnPrv,Shed,400,9,2008,WD,Normal,2,2
0,0,236,0,0,0,,,,0,3,2006,WD,Normal,5,5
0,158,0,0,0,0,,,,0,10,2006,WD,Normal,8,8
0,0,0,0,0,0,,,,0,9,2008,WD,Normal,5,5
0,244,0,0,0,0,,,,0,5,2007,WD,Normal,4,4
0,0,0,0,0,0,,,,0,4,2006,COD,Normal,5,5
192,36,0,0,0,0,,,,0,8,2009,WD,Normal,0,6
0,126,0,0,0,0,,,,0,5,2009,WD,Normal,8,8
301,0,0,0,0,0,,,,0,7,2010,WD,Normal,0,0
105,61,0,0,0,0,,,,0,2,2010,WD,Normal,6,6
0,0,0,0,0,0,,,,0,11,2008,WD,Normal,5,5
321,0,0,0,0,0,,,,0,8,2007,Oth,Abnorml,9,0
100,22,0,0,0,0,,,,0,3,2010,WD,Normal,6,6
0,0,176,0,0,0,,,,0,8,2008,WD,Normal,5,5
0,204,0,0,0,0,,,,0,7,2008,WD,Normal,4,4
120,155,0,0,0,0,,,,0,7,2008,WD,Normal,2,2
0,26,0,0,0,0,,,,0,6,2010,WD,Normal,5,5
356,0,0,0,0,0,,GdWo,,0,11,2006,WD,Normal,9,0
127,82,0,0,0,0,,,,0,4,2006,WD,Normal,2,2
0,36,0,0,0,0,,,,0,10,2007,WD,Normal,1,1
509,135,0,0,0,0,,GdPrv,,0,10,2009,WD,Normal,7,7
0,0,0,0,0,0,,,,0,8,2006,WD,Normal,5,5
156,73,0,0,0,0,,,,0,8,2007,WD,Normal,6,2
280,0,0,0,0,0,,,,0,6,2008,WD,Normal,0,0
0,0,112,0,0,0,,,,0,8,2007,WD,Normal,5,5
100,75,0,0,0,0,,,,0,4,2008,WD,Normal,6,1
0,0,0,0,0,0,,,,0,3,2010,WD,Normal,5,5
289,0,0,0,0,0,,MnPrv,,0,4,2009,WD,Normal,0,0
0,0,0,0,0,0,,MnPrv,,0,6,2007,WD,Normal,5,5
0,0,177,0,0,0,,,,0,7,2009,ConLD,Normal,5,5
192,0,0,0,0,0,,,,0,7,2009,WD,Normal,0,6
0,42,0,0,0,0,,,,0,9,2008,WD,Normal,1,1
255,57,0,0,0,0,,,,0,8,2007,WD,Normal,0,0
0,0,0,0,0,0,,,,0,5,2009,WD,Normal,5,5
304,0,0,0,0,0,,,,0,11,2006,WD,Normal,9,0
0,45,0,0,189,0,,,,0,9,2008,WD,Normal,1,1
0,88,216,0,0,0,,,,0,11,2007,WD,Normal,1,1
0,0,0,0,0,0,,MnPrv,,0,5,2006,WD,Normal,5,5
140,0,252,0,0,0,,GdWo,,0,7,2006,WD,Normal,6,6
0,50,0,0,0,0,,,,0,5,2010,WD,Normal,1,1
0,0,0,0,189,0,,MnPrv,,0,5,2008,COD,Abnorml,5,5
0,140,0,0,0,0,,,,0,6,2006,New,Partial,8,8
143,20,0,0,0,0,,,,0,5,2009,WD,Normal,6,6
356,0,0,0,0,0,,,,0,6,2009,WD,Normal,9,0
0,72,0,0,0,0,,,,0,3,2009,WD,Normal,1,1
148,0,0,0,147,0,,,,0,11,2006,WD,Normal,6,6
0,312,0,0,0,0,,,,0,5,2009,WD,Normal,4,4
216,56,0,0,0,0,,,,0,5,2008,WD,Normal,0,6
0,56,0,0,0,0,,,,0,7,2009,WD,Normal,1,1
178,51,0,0,0,0,,,,0,7,2007,WD,Normal,6,6
208,114,0,0,0,0,,,,0,7,2009,New,Partial,2,2
0,146,0,0,0,0,,,,0,7,2007,WD,Normal,8,8
0,0,0,0,0,0,,,Shed,450,8,2007,WD,Normal,5,5
0,0,0,0,0,0,,,,0,4,2006,New,Partial,5,5
0,0,0,407,0,0,,,,0,7,2008,WD,Normal,5,5
0,98,0,0,40,0,,,,0,5,2009,WD,Normal,8,8
224,0,0,0,0,0,,,,0,7,2006,WD,Normal,0,6
0,130,0,130,0,0,,,,0,10,2006,WD,Normal,8,8
0,42,0,0,0,0,,MnPrv,,0,11,2006,WD,Normal,1,1
201,39,0,0,0,0,,,,0,10,2009,WD,Normal,0,6
0,94,0,0,291,0,,,,0,12,2009,WD,Normal,8,8
302,0,0,0,100,0,,,,0,10,2009,WD,Normal,0,0
144,68,0,0,0,0,,,,0,7,2009,WD,Normal,6,6
196,82,0,0,0,0,,,,0,2,2010,WD,Normal,2,2
155,24,145,0,0,0,,,Gar2,8300,8,2007,WD,Normal,6,6
208,406,0,0,0,0,,,,0,10,2007,New,Partial,3,3
0,0,116,0,0,0,,,,0,5,2008,WD,Normal,5,5
168,0,0,0,0,0,,,Shed,400,5,2007,WD,Normal,6,6
0,82,0,0,0,0,,,,0,10,2006,WD,Normal,1,1
335,0,0,0,0,0,,GdPrv,,0,4,2010,WD,Abnorml,9,0
0,0,0,0,0,0,,,,0,1,2007,WD,Normal,5,5
0,172,0,0,0,0,,,,0,6,2010,WD,Normal,8,8
144,20,0,0,0,0,,,,0,5,2006,WD,Normal,6,6
0,152,0,0,0,0,,,,0,4,2009,WD,Normal,8,8
0,0,0,0,0,0,,,,0,6,2006,WD,Normal,5,5
55,0,0,216,0,0,,,,0,10,2008,COD,Abnorml,5,5
0,0,0,0,0,0,,MnPrv,,0,8,2007,WD,Normal,5,5
0,50,0,0,0,0,,,,0,5,2006,New,Partial,1,1
0,0,44,0,0,0,,,,0,8,2009,WD,Normal,5,5
0,265,0,0,0,0,,,,0,8,2007,WD,Abnorml,4,4
132,0,0,0,0,0,,,,0,2,2009,WD,Normal,6,6
0,0,0,0,0,0,,,,0,5,2008,WD,Normal,5,5
0,84,0,196,0,0,,,,0,1,2007,WD,Normal,1,1
208,75,0,0,374,0,,,,0,6,2006,WD,Normal,2,2
0,0,0,0,145,0,,MnPrv,,0,6,2009,WD,Normal,5,5
0,40,0,0,0,0,,,,0,8,2007,WD,Normal,1,1
0,69,0,0,0,0,,,,0,7,2008,WD,Normal,1,1
116,0,0,180,0,0,,MnPrv,,0,6,2007,WD,Normal,6,6
168,95,0,0,0,0,,,,0,4,2010,New,Partial,2,2
182,0,0,0,0,0,,,,0,10,2006,WD,Normal,0,6
240,0,0,0,0,0,,MnPrv,,0,12,2007,WD,Normal,0,0
0,27,0,0,0,0,,,,0,6,2010,WD,Normal,1,5
0,35,0,0,0,0,,MnWw,,0,4,2009,WD,Normal,1,1
0,0,0,0,0,0,,,,0,5,2008,WD,Normal,5,5
106,0,0,0,0,0,,,,0,5,2010,WD,Normal,6,6
0,0,0,0,0,0,,,,0,2,2006,WD,Normal,5,5
48,0,244,0,0,0,,MnWw,,0,9,2009,WD,Normal,5,5
0,0,0,0,126,0,,MnPrv,,0,8,2007,WD,Normal,5,5
165,44,0,0,0,0,,,,0,9,2009,COD,Abnorml,6,6
100,36,0,0,0,0,,,,0,12,2007,New,Partial,6,6
280,238,0,0,0,0,,,,0,6,2008,WD,Normal,4,4
0,0,0,0,0,0,,,,0,7,2006,WD,Family,5,5
104,100,0,0,0,0,,,,0,5,2007,WD,Normal,2,2
0,72,0,0,252,0,,,,0,6,2009,WD,Normal,1,1
0,166,0,0,0,0,,,,0,4,2006,WD,Abnorml,8,8
140,45,0,0,0,0,,,,0,8,2008,WD,Normal,6,6
0,56,0,0,0,0,,,,0,6,2007,WD,Normal,1,1
380,48,0,0,0,0,,,,0,6,2007,WD,Normal,9,0
519,112,0,0,0,0,,,,0,3,2006,WD,Normal,7,7
140,0,0,0,0,0,,,,0,9,2008,WD,Normal,6,6
144,68,0,0,0,0,,,,0,9,2007,WD,Normal,6,6
0,144,0,0,0,0,,MnPrv,,0,3,2008,WD,Normal,8,8
0,0,0,0,0,0,,,,0,6,2010,WD,Normal,5,5
168,120,0,0,0,0,,,,0,10,2008,WD,Normal,2,2
100,38,0,0,0,0,,,,0,7,2008,WD,Normal,6,6
120,0,0,0,0,0,,,,0,5,2007,WD,Normal,6,6
327,64,0,0,0,0,,,,0,2,2009,WD,Normal,9,0
0,0,164,0,0,0,,MnPrv,,0,2,2010,WD,Normal,5,5
0,0,0,0,0,0,,,,0,6,2006,WD,Normal,5,5
0,0,0,0,0,0,,,,0,6,2009,WD,Alloca,5,5
88,0,0,0,0,0,,,,0,6,2008,WD,Normal,6,6
238,0,0,0,0,0,,,,0,8,2009,WD,Normal,0,0
404,102,0,0,0,0,,,,0,11,2009,WD,Normal,7,7
0,0,0,0,0,0,,GdWo,,0,9,2008,WD,Normal,5,5
0,49,0,0,0,0,,,,0,2,2007,New,Partial,1,1
468,81,0,0,0,0,,,,0,1,2006,WD,Normal,7,7
0,0,0,0,0,0,,GdWo,,0,8,2008,WD,Normal,5,5
206,0,0,0,0,0,,,,0,11,2007,WD,Normal,0,6
120,25,0,0,0,0,,,,0,7,2008,WD,Normal,6,6
0,0,0,0,0,0,,,,0,8,2008,WD,Normal,5,5
0,113,0,0,0,0,,,,0,8,2009,WD,Normal,8,8
262,24,0,0,0,0,,,,0,7,2008,WD,Normal,0,0
168,0,0,0,0,0,,,,0,7,2007,WD,Normal,6,6
80,64,0,0,0,0,,,,0,4,2007,New,Partial,1,1
0,36,190,0,0,0,,,,0,4,2006,WD,Normal,1,1
0,87,0,0,200,0,,,,0,6,2007,WD,Normal,1,1
0,98,0,0,0,0,,,Shed,500,6,2007,WD,Normal,8,8
296,44,0,0,0,0,,,,0,4,2010,WD,Normal,0,0
0,52,0,0,0,0,,GdPrv,,0,6,2007,WD,Normal,1,1
0,0,0,0,0,0,,,,0,6,2007,WD,Normal,5,5
0,162,0,0,0,0,,,,0,5,2007,WD,Normal,8,8
431,0,0,0,0,0,,,,0,9,2008,WD,Normal,9,0
0,38,0,0,0,0,,,,0,4,2010,WD,Normal,1,1
0,38,0,0,0,0,,,,0,2,2006,WD,Normal,1,1
0,0,0,0,0,0,,,,0,6,2006,WD,Normal,5,5
0,0,0,0,0,0,,MnPrv,,0,11,2009,COD,Normal,5,5
0,48,143,0,0,0,,,,0,7,2007,WD,Normal,1,1
418,0,194,0,0,0,,,,0,6,2008,WD,Normal,9,0
0,0,0,0,0,0,,,,0,7,2006,WD,Normal,5,5
0,0,0,0,0,0,,MnPrv,,0,6,2009,WD,Family,5,5
371,0,0,0,0,0,,,,0,2,2009,WD,Normal,9,0
0,0,0,0,0,0,,MnPrv,,0,1,2008,WD,Normal,5,5
120,72,0,0,0,0,,,Shed,700,5,2009,WD,Normal,6,6
180,130,0,0,0,0,,,,0,6,2007,WD,Normal,2,2
144,99,0,0,0,0,,,,0,10,2008,WD,Normal,2,2
224,137,0,0,0,0,,,,0,3,2008,WD,Normal,2,2
0,0,0,0,0,0,,,,0,12,2006,WD,Abnorml,5,5
0,0,90,0,0,0,,,,0,5,2006,WD,Normal,5,5
0,90,0,0,0,0,,,,0,8,2006,New,Partial,8,1
0,22,0,0,0,0,,,,0,8,2007,New,Partial,5,5
0,0,0,0,0,0,,,,0,10,2006,WD,Normal,5,5
195,130,0,0,0,0,,,,0,10,2009,New,Partial,2,2
220,21,0,0,0,0,,,,0,6,2007,WD,Normal,0,6
0,0,0,0,0,0,,GdPrv,,0,5,2010,WD,Normal,5,5
0,0,0,0,0,0,,,,0,4,2010,WD,Normal,5,5
0,40,0,0,0,0,,,,0,5,2007,WD,Normal,1,1
268,0,0,0,0,0,,,,0,4,2010,WD,Normal,0,0
0,0,0,168,0,0,,GdPrv,,0,6,2009,WD,Normal,5,5
0,118,0,0,233,0,,,,0,1,2009,COD,Abnorml,8,8
0,0,0,0,184,0,,,,0,6,2007,WD,Normal,5,5
64,0,39,0,0,0,,,,0,4,2007,WD,Normal,5,5
728,20,0,0,0,0,,GdPrv,,0,6,2006,WD,Normal,7,7
0,35,0,0,0,0,,,,0,8,2006,New,Partial,1,1
81,207,0,0,224,0,,,,0,10,2007,WD,Normal,4,4
120,49,0,0,0,0,,,,0,10,2007,WD,Normal,6,6
0,120,0,0,0,0,,,,0,5,2006,New,Partial,8,8
0,40,0,0,0,0,,,,0,2,2010,WD,Normal,1,1
168,228,0,0,0,0,,,,0,12,2007,New,Partial,4,4
216,0,0,0,0,0,,,,0,3,2009,WD,Abnorml,0,6
0,40,0,0,0,0,,,,0,4,2006,WD,Normal,1,1
55,0,0,0,0,0,,,,0,6,2009,WD,Normal,5,5
66,0,0,0,0,0,,GdWo,,0,11,2009,WD,Normal,5,5
367,0,0,0,0,0,,,,0,5,2010,WD,Normal,9,0
136,0,115,0,0,0,,,,0,3,2007,WD,Normal,6,6
263,0,0,0,0,0,,GdWo,Shed,450,5,2010,WD,Normal,0,0
58,0,0,0,0,0,,MnPrv,,0,3,2009,WD,Normal,5,5
0,4,0,0,0,0,,,,0,1,2008,WD,Normal,5,5
0,176,0,0,0,0,,,,0,6,2007,WD,Normal,8,8
100,24,0,0,0,0,,,,0,7,2007,New,Partial,6,6
192,0,0,0,0,0,,,,0,2,2006,WD,Normal,0,6
140,0,0,0,0,0,,,,0,5,2009,WD,Normal,6,6
196,134,0,0,0,0,,,,0,8,2008,New,Partial,2,2
0,0,208,0,0,0,,,,0,5,2009,WD,Normal,5,5
0,0,0,0,90,0,,,,0,7,2008,WD,Normal,5,5
0,47,120,0,0,0,,,,0,9,2006,COD,Normal,1,1
214,292,0,0,0,480,Gd,,,0,1,2008,New,Partial,4,4
316,28,0,0,0,0,,GdWo,,0,6,2007,WD,Normal,9,0
0,150,0,0,0,0,,,,0,12,2009,New,Partial,8,8
0,0,0,0,156,0,,,,0,5,2008,WD,Normal,5,5
0,80,0,290,0,0,,,,0,6,2006,WD,Normal,1,1
0,0,0,0,0,0,,,,0,11,2006,ConLI,Abnorml,5,5
0,108,0,0,0,0,,,,0,2,2008,WD,Normal,8,8
0,20,0,0,192,0,,,,0,6,2007,WD,Normal,5,5
187,56,0,0,0,0,,,,0,4,2009,WD,Normal,6,6
0,54,20,0,0,0,,,,0,12,2008,WD,Normal,1,1
160,22,0,0,0,0,,,,0,5,2007,WD,Normal,6,6
180,0,0,0,0,0,,MnPrv,Shed,2000,5,2010,WD,Normal,0,6
0,0,0,0,0,0,,,,0,7,2006,WD,Normal,5,5
0,0,0,0,168,0,,,,0,6,2010,WD,Normal,5,5
0,0,0,0,0,0,,,,0,9,2006,WD,Normal,5,5
168,55,0,0,0,0,,,,0,7,2006,New,Partial,6,6
0,0,192,0,0,0,,,,0,3,2007,WD,Normal,5,5
120,0,0,0,0,0,,,,0,3,2009,WD,Normal,6,6
0,0,99,0,0,0,,,,0,4,2007,WD,Normal,5,5
36,56,0,0,0,0,,,,0,7,2006,WD,Abnorml,1,1
235,204,228,0,0,0,,,Shed,350,11,2009,WD,Normal,2,2
0,45,0,0,0,0,,,,0,6,2008,WD,Normal,1,1
224,42,0,0,0,0,,,,0,10,2008,WD,Normal,0,6
0,0,0,0,0,0,,,,0,3,2007,WD,Normal,5,5
536,90,0,0,0,0,,MnPrv,,0,8,2007,WD,Normal,7,7
303,30,0,0,0,0,,,,0,7,2009,WD,Normal,9,0
0,48,0,0,0,0,,,,0,8,2008,ConLD,Normal,1,1
0,0,137,0,0,0,,GdWo,,0,7,2009,WD,Normal,5,5
192,60,0,0,0,0,,,,0,11,2007,WD,Normal,6,6
0,0,0,0,0,0,,,,0,5,2008,WD,Normal,5,5
160,50,0,0,0,0,,,,0,5,2009,WD,Normal,6,6
0,96,0,245,0,0,,,,0,5,2008,WD,Normal,8,8
0,0,0,0,0,0,,MnPrv,,0,7,2010,WD,Normal,5,5
353,0,0,0,90,0,,MnPrv,,0,2,2010,WD,Normal,9,0
0,0,0,0,0,0,,,,0,7,2007,CWD,Normal,5,5
342,40,0,0,0,0,,MnPrv,,0,12,2009,WD,Normal,9,0
0,0,0,0,0,0,,MnPrv,,0,6,2010,WD,Normal,5,5
38,144,0,0,0,0,,,,0,4,2006,WD,Normal,8,8
0,100,0,0,0,0,,,,0,9,2006,New,Partial,8,8
0,16,0,0,0,0,,,,0,4,2009,WD,Normal,5,5
0,48,0,0,0,0,,,,0,3,2008,WD,Normal,1,1
88,15,0,0,0,0,,GdWo,,0,8,2007,CWD,Family,6,6
0,72,0,0,170,0,,,,0,4,2009,WD,Normal,1,1
0,0,84,0,0,0,,,,0,6,2008,WD,Normal,5,5
361,76,0,0,0,0,,,,0,7,2006,WD,Normal,9,0
224,114,0,0,0,0,,,,0,6,2007,WD,Abnorml,2,2
0,0,0,0,0,0,,,,0,7,2009,WD,Normal,5,5
0,0,0,0,0,0,,MnPrv,,0,5,2010,WD,Normal,5,5
0,45,0,0,0,0,,,,0,3,2006,New,Partial,1,1
0,0,0,0,0,0,,,,0,2,2007,WD,Normal,5,5
168,108,0,0,0,0,,,,0,7,2009,New,Partial,2,2
74,0,128,0,0,0,,MnPrv,,0,5,2009,WD,Normal,5,5
0,0,0,0,0,0,,,,0,4,2008,WD,Normal,5,5
207,0,96,0,0,0,,,,0,7,2006,WD,Normal,0,6
328,128,0,0,189,0,,,,0,6,2008,WD,Normal,2,2
156,90,0,0,0,0,,GdPrv,,0,6,2010,WD,Normal,2,2
147,0,0,0,0,0,,,,0,7,2009,WD,Normal,6,6
100,25,0,0,0,0,,,,0,7,2007,WD,Normal,6,6
0,0,116,0,0,0,,,,0,8,2006,WD,Normal,5,5
0,140,0,0,0,0,,,,0,5,2008,New,Partial,8,8
192,25,0,0,0,0,,,,0,6,2009,WD,Normal,0,6
0,64,0,0,0,0,,,,0,4,2007,WD,Normal,1,1
335,0,0,0,0,0,,GdWo,,0,7,2009,WD,Normal,9,0
192,62,0,0,0,0,,,,0,8,2007,New,Partial,6,6
100,16,0,0,0,0,,,,0,3,2008,WD,Normal,6,6
0,102,0,0,0,0,,,,0,9,2009,New,Partial,8,8
0,0,214,0,0,0,,GdPrv,,0,11,2007,WD,Normal,5,5
260,0,0,0,0,0,,,,0,6,2009,WD,Normal,0,0
394,0,0,0,0,0,,,,0,6,2006,WD,Normal,9,0
0,40,0,0,0,0,,,,0,12,2009,WD,Normal,1,1
0,151,0,0,0,0,,,,0,5,2006,WD,AdjLand,8,8
0,61,0,0,0,0,,,,0,2,2008,WD,Normal,1,1
0,0,0,0,192,0,,MnPrv,,0,6,2007,WD,Normal,5,5
486,0,0,0,225,0,,,,0,6,2009,WD,Abnorml,9,0
100,0,0,0,0,0,,,,0,5,2008,WD,Normal,6,6
0,24,0,0,192,0,,,,0,7,2007,WD,Normal,5,5
0,0,0,0,0,0,,,,0,5,2010,WD,Normal,5,5
0,70,0,0,0,0,,,,0,8,2006,WD,Normal,1,1
0,0,0,0,0,0,,,,0,11,2009,WD,Normal,5,5
0,0,0,0,163,0,,GdPrv,,0,5,2008,WD,Normal,5,5
0,0,0,0,143,0,,,,0,4,2010,WD,Normal,5,5
36,24,0,0,0,0,,,,0,6,2009,WD,Normal,5,5
441,35,0,0,0,0,,,,0,6,2006,WD,Normal,9,0
0,113,0,0,0,0,,,,0,6,2006,WD,Normal,8,8
53,0,0,0,0,0,,,,0,6,2006,WD,Normal,5,5
0,0,0,0,0,0,,,,0,11,2008,WD,Normal,5,5
224,0,0,0,0,0,,,,0,8,2008,WD,Abnorml,0,6
0,36,0,0,0,0,,,,0,3,2009,WD,Normal,1,1
0,288,0,0,0,0,,,,0,5,2006,WD,Normal,4,4
0,29,0,0,0,0,,,,0,7,2006,WD,Normal,1,1
0,0,0,0,0,0,,,,0,6,2009,WD,Normal,5,5
0,0,40,0,0,0,,,,0,7,2006,WD,Normal,5,5
208,364,0,0,0,0,,,,0,8,2007,New,Partial,3,3
0,140,0,0,100,0,,,,0,11,2006,WD,Normal,8,8
0,0,196,0,0,0,,,Shed,1200,6,2010,WD,Normal,5,5
196,187,0,0,0,0,,,,0,12,2008,WD,Normal,2,2
123,0,0,0,153,0,,,,0,12,2007,WD,Family,6,6
0,21,114,0,0,0,,,,0,7,2006,WD,Normal,5,5
52,170,0,0,192,0,,,,0,1,2009,New,Partial,8,8
24,48,0,0,0,0,,,,0,7,2009,WD,Normal,1,1
0,0,0,0,0,0,,,,0,6,2006,WD,Normal,5,5
0,0,0,0,0,0,,,,0,5,2007,WD,Abnorml,5,5
122,30,0,0,0,0,,,,0,5,2008,Con,Normal,6,6
171,132,0,0,0,0,,,,0,8,2008,WD,Normal,2,2
0,116,0,0,0,0,,MnPrv,Shed,700,3,2006,WD,Normal,8,8
12,285,0,0,0,0,,MnWw,Shed,480,6,2007,WD,Normal,4,4
0,0,0,0,0,0,,GdWo,,0,5,2009,WD,Abnorml,5,5
192,39,0,0,0,0,,,,0,1,2010,WD,Normal,0,6
306,111,0,0,0,0,,,,0,7,2006,WD,Normal,2,2
0,523,115,0,0,0,,GdWo,,0,11,2009,WD,Abnorml,3,3
194,45,0,0,0,0,,,,0,9,2006,WD,Normal,0,6
108,45,0,0,0,0,,,Shed,400,5,2006,WD,Normal,6,6
240,0,0,0,0,0,,,,0,6,2009,WD,Normal,0,0
0,0,183,0,0,0,,,,0,10,2007,WD,Normal,5,5
288,258,0,0,0,0,,,,0,12,2006,WD,Normal,4,4
0,104,0,0,0,0,,GdPrv,,0,8,2009,COD,Abnorml,8,8
0,40,0,0,0,0,,,,0,5,2006,WD,Normal,1,1
0,0,0,0,0,0,,,,0,4,2010,WD,Normal,5,5
0,0,286,0,0,0,,,,0,5,2007,WD,Normal,5,5
0,0,100,0,0,0,,MnPrv,,0,1,2008,WD,Normal,5,5
574,64,0,0,0,0,,,,0,1,2006,WD,Normal,7,7
178,120,0,0,0,0,,,,0,11,2007,New,Partial,2,2
0,120,0,0,0,0,,,,0,7,2009,WD,Normal,8,8
0,20,0,0,0,0,,,,0,6,2008,COD,Normal,5,5
0,36,0,0,0,0,,MnPrv,,0,5,2007,WD,Normal,1,1
162,53,0,153,0,0,,,,0,11,2008,New,Partial,6,6
0,0,0,0,0,0,,,,0,7,2009,WD,Normal,5,5
0,0,112,0,120,0,,MnPrv,Shed,620,7,2006,WD,Abnorml,5,5
0,0,32,0,0,0,,MnPrv,,0,8,2006,WD,Normal,5,5
0,0,0,0,0,0,,GdWo,,0,5,2010,WD,Normal,5,5
201,0,0,0,0,0,,,,0,4,2006,WD,Abnorml,0,6
0,0,0,0,0,0,,,,0,7,2009,WD,Normal,5,5
0,160,0,0,0,0,,,,0,6,2010,WD,Normal,8,8
0,0,112,0,0,0,,MnPrv,,0,2,2008,WD,Normal,5,5
0,129,0,0,0,0,,GdPrv,,0,5,2008,WD,Normal,8,8
288,48,0,0,0,0,,,,0,5,2010,WD,Normal,0,0
192,84,0,0,0,0,,,,0,7,2008,WD,Normal,2,2
0,36,0,0,0,0,,MnPrv,Shed,450,3,2010,WD,Normal,1,1
0,70,0,0,0,0,,,,0,5,2010,New,Partial,1,1
0,0,0,0,0,0,,,,0,7,2007,WD,Normal,5,5
0,0,0,0,0,0,,,,0,7,2009,WD,Normal,5,5
209,208,0,0,0,0,,MnPrv,,0,2,2006,WD,Normal,4,4
500,0,0,0,0,0,,,,0,6,2007,WD,Normal,9,7
0,260,0,0,410,0,,GdPrv,,0,6,2006,WD,Normal,4,4
0,104,0,0,0,0,,,,0,7,2007,WD,Normal,8,8
320,27,0,0,0,0,,,,0,4,2006,WD,Normal,9,0
0,0,144,0,0,0,,,,0,8,2007,WD,Normal,5,5
0,52,0,0,0,0,,,,0,1,2010,WD,Abnorml,1,1
349,40,0,0,0,0,,,,0,9,2009,WD,Normal,9,0
0,252,0,0,0,0,,,,0,11,2007,WD,Normal,4,4
0,0,0,0,0,0,,MnPrv,,0,5,2010,COD,Abnorml,5,5
168,160,0,0,0,0,,,,0,8,2007,WD,Normal,2,2
0,125,0,0,0,0,,,,0,5,2006,WD,Normal,8,8
0,44,0,0,0,0,,,,0,5,2007,WD,Normal,1,1
0,0,0,0,0,0,,MnPrv,Shed,2000,7,2007,WD,Normal,5,5
406,90,0,0,0,0,,MnPrv,,0,5,2010,WD,Normal,9,7
48,0,0,0,0,0,,,,0,7,2007,WD,Normal,5,5
0,0,0,0,0,0,,,,0,1,2009,WD,Normal,5,5
0,0,0,0,0,0,,,,0,6,2010,WD,Normal,5,5
0,0,0,0,0,0,,GdWo,,0,7,2009,WD,Normal,5,5
0,18,0,0,0,0,,GdWo,,0,5,2006,WD,Normal,5,5
0,76,0,0,185,0,,,,0,7,2009,WD,Normal,1,1
0,0,0,0,0,0,,,,0,7,2009,COD,Normal,5,5
140,0,0,0,0,0,,,,0,11,2007,WD,Normal,6,6
0,58,0,0,90,0,,,,0,7,2006,WD,Normal,1,1
0,0,91,0,0,0,,,,0,10,2009,WD,Normal,5,5
147,0,0,0,0,0,,,,0,5,2007,WD,Family,6,6
224,0,0,0,0,0,,MnPrv,,0,11,2008,WD,Normal,0,6
0,0,0,0,0,0,,,,0,5,2009,WD,Normal,5,5
0,0,0,0,0,0,,,,0,7,2006,WD,Family,5,5
0,0,0,0,0,0,,,,0,6,2008,WD,Normal,5,5
120,101,0,0,0,0,,GdWo,,0,11,2009,WD,Normal,2,2
0,234,0,0,0,0,,,,0,6,2009,New,Partial,4,4
0,0,0,0,0,0,,,,0,6,2006,WD,Normal,5,5
144,133,0,0,0,0,,,,0,7,2008,WD,Normal,2,2
44,0,0,0,0,0,,,,0,6,2010,WD,Normal,5,5
0,0,0,0,0,0,,MnPrv,Shed,500,7,2007,WD,Normal,5,5
0,228,0,0,192,0,,,,0,9,2007,WD,Normal,4,4
0,102,0,0,0,0,,,,0,6,2008,WD,Normal,8,8
0,0,0,0,0,0,,,,0,6,2009,WD,Normal,5,5
0,28,0,0,0,0,,,,0,5,2006,WD,Normal,1,1
250,0,24,0,0,0,,,,0,9,2009,WD,Normal,0,0
0,74,137,0,0,0,,,,0,10,2007,WD,Normal,1,1
0,0,0,0,0,0,,GdWo,,0,7,2009,WD,Normal,5,5
180,75,0,0,120,0,,,,0,8,2006,New,Partial,2,2
0,0,144,0,0,0,,,,0,3,2007,WD,Normal,5,5
0,240,0,0,0,0,,,,0,12,2008,WD,Normal,4,4
132,57,0,0,0,0,,,,0,4,2010,WD,Normal,6,6
362,0,0,0,0,0,,MnPrv,,0,10,2008,WD,Normal,9,0
196,0,150,0,0,0,,GdWo,,0,10,2008,WD,Normal,0,6
0,0,0,0,0,0,,,,0,6,2009,WD,Normal,5,5
0,0,198,0,0,0,,,,0,10,2009,WD,Normal,5,5
124,98,0,0,142,0,,,,0,5,2007,New,Partial,2,2
100,48,0,0,0,0,,,,0,7,2007,WD,Normal,6,6
112,0,0,0,0,0,,MnPrv,,0,4,2009,WD,Normal,6,6
0,98,0,0,0,0,,,,0,3,2010,WD,Normal,8,8
0,0,168,0,0,0,,,,0,7,2007,WD,Normal,5,5
392,64,0,0,0,0,,,,0,6,2009,WD,Normal,9,0
0,341,0,0,0,0,,,,0,10,2006,WD,Normal,4,4
0,0,0,0,0,0,,MnPrv,,0,9,2009,WD,Normal,5,5
0,0,240,0,0,0,,,,0,7,2009,WD,Normal,5,5
45,0,0,0,0,0,,,,0,5,2009,WD,Normal,5,5
172,42,0,0,0,0,,,,0,1,2009,WD,Normal,6,6
0,116,0,0,0,0,,,,0,11,2007,New,Partial,8,8
104,0,0,0,0,0,,,,0,4,2007,WD,Normal,6,6
108,0,0,216,0,0,,,,0,11,2008,WD,Normal,6,6
140,0,0,0,0,0,,,,0,10,2007,New,Partial,6,6
120,0,0,0,0,0,,,,0,3,2009,WD,Alloca,6,6
0,32,0,0,0,0,,,,0,6,2007,WD,Normal,1,1
0,51,0,0,190,0,,,,0,5,2008,WD,Normal,1,1
0,0,96,0,0,0,,,,0,5,2008,COD,Abnorml,5,5
120,144,0,0,0,0,,,,0,5,2006,WD,Normal,2,2
0,0,0,0,0,0,,GdWo,,0,4,2006,WD,Abnorml,5,5
28,0,0,0,0,0,,,,0,4,2009,WD,Normal,5,5
0,0,0,0,0,0,,,Shed,450,10,2009,WD,Normal,5,5
0,0,0,0,0,0,,GdWo,,0,5,2007,WD,Normal,5,5
0,25,0,0,0,0,,,,0,7,2009,COD,Abnorml,5,5
0,85,184,0,0,0,,,,0,7,2010,WD,Normal,1,1
0,0,0,0,0,0,,,,0,3,2009,WD,Normal,5,5
0,144,0,0,0,0,,,,0,6,2010,New,Partial,8,8
0,0,202,0,0,0,,,,0,5,2010,WD,Normal,5,5
0,88,0,0,0,0,,,,0,6,2008,WD,Abnorml,1,1
448,96,0,0,0,0,,,,0,10,2009,WD,Normal,7,7
144,28,0,0,0,0,,,,0,5,2007,WD,Normal,6,6
188,45,0,0,0,0,,,,0,6,2008,New,Partial,6,6
87,0,0,0,0,0,,,,0,7,2009,WD,Normal,6,6
736,68,0,0,0,0,,,,0,6,2008,WD,Normal,7,7
100,75,0,0,0,0,,,,0,6,2006,WD,Normal,6,1
224,0,0,0,0,0,,MnPrv,,0,7,2007,WD,Normal,0,6
0,0,0,0,0,0,,,,0,11,2007,WD,Normal,5,5
0,162,0,0,126,0,,,,0,12,2007,WD,Normal,8,8
0,0,0,0,0,0,,,,0,3,2006,ConLD,Normal,5,5
0,70,0,0,0,0,,GdPrv,,0,9,2008,WD,Normal,1,1
192,36,0,0,0,0,,,,0,9,2008,WD,Normal,0,6
168,24,0,0,0,0,,GdWo,,0,5,2007,WD,Normal,6,6
0,0,0,0,0,0,,,,0,8,2007,WD,Normal,5,5
486,40,0,0,175,0,,,,0,9,2008,WD,Normal,9,7
0,0,0,0,0,0,,MnPrv,,0,8,2006,WD,Normal,5,5
144,39,0,0,0,0,,,,0,2,2007,WD,Normal,6,6
192,52,0,0,0,0,,,,0,3,2006,WD,Normal,6,6
64,0,0,0,0,0,,MnPrv,,0,6,2009,WD,Normal,5,5
147,21,0,0,0,0,,,,0,7,2006,New,Partial,6,6
215,0,0,0,0,0,,,,0,9,2009,WD,Normal,0,6
0,0,52,0,0,0,,,,0,7,2007,WD,Normal,5,5
149,0,0,0,0,0,,,,0,5,2008,WD,Normal,6,6
0,0,330,0,0,0,,,,0,7,2006,ConLw,Normal,5,5
104,26,0,0,0,0,,,,0,7,2006,WD,Normal,6,6
192,28,0,0,0,0,,,,0,6,2007,WD,Normal,0,6
143,20,0,0,0,0,,,,0,5,2006,WD,Normal,6,6
239,132,0,168,0,0,,,,0,3,2006,New,Partial,2,2
0,50,0,0,0,0,,,,0,10,2008,WD,Normal,1,1
0,0,84,0,0,0,,GdWo,,0,7,2007,WD,Normal,5,5
123,110,0,0,0,0,,,,0,3,2009,WD,Abnorml,2,2
670,0,0,0,0,0,,,Shed,700,8,2008,WD,Normal,7,7
0,28,0,0,178,0,,MnPrv,,0,10,2008,WD,Normal,1,1
0,0,0,0,0,0,,,,0,4,2009,WD,Normal,5,5
156,54,0,0,0,0,,,,0,9,2009,New,Partial,6,6
0,45,0,0,0,0,,,,0,11,2009,WD,Normal,1,1
120,33,0,0,0,0,,,,0,10,2006,WD,Normal,6,6
0,287,0,0,0,0,,,,0,12,2009,WD,Normal,4,4
0,0,0,0,0,0,,,,0,10,2009,WD,Normal,5,5
140,93,0,0,0,0,,,,0,5,2007,WD,Normal,2,2
0,40,0,0,0,0,,,,0,5,2007,WD,Normal,1,1
171,159,0,0,0,0,,,,0,9,2008,WD,Normal,2,2
120,26,0,0,0,0,,,,0,7,2009,WD,Normal,6,6
0,36,0,0,0,0,,,,0,5,2009,New,Partial,1,1
135,0,0,0,0,0,,,,0,4,2010,WD,Normal,6,6
0,98,0,0,0,0,,MnPrv,,0,9,2008,ConLD,Abnorml,8,8
250,63,0,0,0,0,,,,0,7,2007,New,Partial,0,2
0,172,60,0,0,0,,,,0,9,2006,WD,Family,8,8
173,0,0,0,0,0,,,,0,10,2009,WD,Normal,6,6
0,54,0,0,0,0,,,,0,3,2008,WD,Normal,1,1
0,0,0,0,0,0,,,,0,5,2010,WD,Normal,5,5
0,169,0,0,119,0,,,,0,5,2006,WD,Normal,8,8
0,0,0,0,99,0,,,,0,11,2007,WD,Normal,5,5
100,48,0,0,180,0,,,,0,4,2009,WD,Normal,6,6
0,0,129,0,0,0,,,,0,6,2006,WD,Normal,5,5
0,319,0,0,0,0,,,,0,1,2006,COD,Normal,4,4
409,0,0,0,0,0,,,,0,3,2008,WD,Normal,9,0
0,64,0,0,0,0,,,,0,5,2009,WD,Normal,1,1
366,0,112,0,0,0,,,,0,4,2010,WD,Normal,9,0
133,168,0,0,0,0,,,,0,7,2007,WD,Normal,2,2
216,110,0,0,0,0,,,,0,6,2007,WD,Normal,2,2
344,0,40,0,0,0,,MnPrv,,0,5,2010,WD,Normal,9,0
224,0,0,0,0,0,,MnWw,,0,6,2007,WD,Normal,0,6
224,0,0,0,180,0,,,,0,2,2007,WD,Normal,0,6
143,20,0,0,0,0,,,,0,10,2006,WD,Normal,6,6
0,0,0,0,0,0,,,,0,7,2007,WD,Normal,5,5
0,0,0,0,0,0,,,,0,7,2006,WD,Normal,5,5
390,0,0,0,0,0,,,,0,7,2007,WD,Normal,9,0
309,78,0,0,0,0,,,,0,12,2006,WD,Normal,9,0
100,16,0,0,0,0,,,,0,9,2009,WD,Normal,6,6
0,20,144,0,0,0,,,,0,9,2009,WD,Normal,5,5
270,0,112,0,0,0,,GdPrv,,0,5,2007,WD,Abnorml,0,0
0,0,0,0,192,0,,,,0,6,2008,WD,Normal,5,5
0,24,0,0,0,0,,,,0,7,2006,New,Partial,5,5
0,0,0,0,0,0,,MnPrv,,0,8,2008,WD,Normal,5,5
0,110,0,0,0,0,,,,0,3,2007,WD,Abnorml,8,8
364,17,0,0,182,0,,,,0,3,2010,WD,Normal,9,0
0,25,0,0,0,0,,,,0,2,2008,WD,Normal,5,5
0,0,0,0,0,0,,,,0,3,2010,WD,Family,5,5
0,0,32,0,0,0,,,,0,6,2006,WD,Normal,5,5
100,48,0,0,0,0,,,,0,10,2007,WD,Family,6,6
192,80,0,0,0,0,,,,0,11,2007,New,Partial,2,2
168,43,0,0,198,0,,,,0,8,2009,WD,Abnorml,6,6
168,198,0,0,0,0,,,,0,6,2006,WD,Normal,4,4
0,169,0,0,0,0,,,,0,11,2009,WD,Normal,8,8
0,0,0,0,0,0,,,,0,1,2007,WD,Normal,5,5
0,0,0,0,0,0,,,,0,7,2007,COD,Normal,5,5
192,84,0,0,0,0,,,,0,12,2008,WD,Normal,2,2
0,0,0,0,0,0,,,,0,6,2007,WD,Normal,5,5
314,12,0,0,0,0,,GdWo,,0,5,2008,WD,Normal,9,0
0,0,0,0,0,0,,,,0,4,2010,WD,Normal,5,5
183,0,301,0,0,0,,,,0,5,2008,WD,Normal,0,6
0,36,0,0,0,0,,,,0,5,2009,WD,Normal,1,1
144,16,0,0,0,0,,,,0,6,2007,New,Partial,6,6
144,104,0,0,0,0,,,,0,7,2008,WD,Normal,2,2
240,32,0,0,0,0,,,,0,3,2006,WD,Abnorml,0,0
0,0,0,0,0,0,,,,0,11,2008,WD,Normal,5,5
0,40,0,0,0,0,,,,0,4,2006,WD,Normal,1,1
302,0,0,0,0,0,,,,0,5,2008,WD,Normal,0,0
325,12,0,0,0,0,,,,0,6,2010,WD,Normal,9,0
0,0,0,0,0,0,,,,0,6,2009,WD,Normal,5,5
200,114,0,0,0,0,,,,0,4,2006,WD,Normal,2,2
35,0,0,0,0,0,,GdWo,,0,12,2007,WD,Normal,5,5
0,75,0,0,0,0,,,,0,7,2007,WD,Normal,1,1
0,0,0,0,0,0,,,,0,6,2008,COD,Abnorml,5,5
292,44,0,182,0,0,,,,0,12,2009,WD,Normal,0,0
0,0,0,0,152,0,,,,0,2,2009,WD,Normal,5,5
0,0,0,0,0,0,,,,0,11,2007,New,Partial,5,5
0,54,0,0,140,0,,,,0,6,2010,WD,Normal,1,1
0,27,0,0,0,0,,,,0,7,2009,WD,Normal,1,5
57,0,239,0,0,0,,MnPrv,,0,6,2008,WD,Normal,5,5
0,168,0,0,0,0,,,,0,10,2009,WD,Normal,8,8
132,35,0,0,0,0,,,,0,3,2006,New,Partial,6,6
240,154,0,0,0,0,,,,0,9,2006,New,Partial,2,2
0,0,0,0,0,0,,MnPrv,,0,5,2009,COD,Abnorml,5,5
0,81,0,0,0,0,,,,0,6,2010,WD,Normal,1,1
113,32,0,0,0,0,,,,0,9,2006,WD,Normal,6,6
0,75,0,0,0,0,,,,0,7,2006,WD,Normal,1,1
290,39,0,0,0,0,,,,0,4,2009,WD,Normal,0,0
112,51,0,0,0,0,,GdWo,,0,6,2008,WD,Normal,6,6
0,0,160,0,0,0,,,,0,3,2008,WD,Normal,5,5
300,87,0,0,0,0,,,,0,7,2007,WD,Normal,2,2
216,0,0,0,0,0,,MnWw,,0,4,2008,COD,Normal,0,6
0,0,0,0,0,0,,,,0,8,2008,WD,Normal,5,5
0,57,0,0,0,0,,,,0,9,2007,WD,Normal,1,1
197,39,0,0,0,0,,,,0,6,2006,WD,Normal,0,6
144,36,0,0,0,0,,,,0,11,2007,WD,Family,6,6
0,291,134,0,0,0,,,,0,6,2008,WD,Normal,4,4
0,0,0,0,0,0,,,,0,5,2009,WD,Normal,5,5
0,0,228,0,0,0,,,,0,3,2006,WD,Family,5,5
550,282,0,0,0,0,,,,0,7,2008,WD,Normal,7,7
180,0,0,0,0,0,,MnPrv,,0,8,2009,WD,Normal,0,6
0,0,0,0,385,0,,,,0,2,2010,WD,Normal,5,5
219,0,0,0,0,0,,,,0,9,2007,WD,Normal,0,6
42,0,0,0,0,0,,,,0,12,2006,WD,Normal,5,5
147,16,0,0,0,0,,MnPrv,,0,10,2009,WD,Normal,6,6
0,0,0,0,0,0,,,Shed,500,10,2006,WD,Normal,5,5
0,0,0,0,0,0,,,,0,6,2007,WD,Normal,5,5
0,43,0,0,0,0,,GdPrv,,0,4,2008,WD,Normal,1,1
144,76,0,0,0,0,,,,0,7,2008,WD,Normal,6,2
0,60,0,0,0,0,,,,0,10,2009,WD,Normal,1,1
0,74,0,0,0,0,,,,0,12,2007,WD,Normal,1,1
0,0,216,0,126,0,,,,0,5,2007,WD,Normal,5,5
239,42,0,0,0,0,,MnWw,,0,7,2007,WD,Normal,0,0
0,39,0,0,0,0,,,,0,10,2008,WD,Normal,1,1
0,0,0,0,0,0,,,,0,7,2006,WD,Normal,5,5
168,0,0,0,0,0,,GdPrv,,0,11,2009,WD,Normal,6,6
0,0,0,0,0,0,,,,0,6,2007,WD,Normal,5,5
208,50,0,0,0,0,,,,0,5,2007,WD,Normal,0,6
264,75,291,0,0,0,,,,0,5,2007,WD,Normal,2,2
212,0,0,0,0,0,,,,0,7,2008,WD,Normal,0,6
0,0,0,0,0,0,,GdWo,,0,1,2007,WD,Normal,5,5
0,88,0,0,0,0,,MnPrv,,0,7,2006,WD,Normal,1,1
220,0,0,0,0,0,,,,0,7,2009,WD,Normal,0,6
0,0,0,0,0,0,,,,0,5,2007,WD,Normal,5,5
140,39,0,0,0,0,,,,0,4,2008,WD,Normal,6,6
0,75,0,0,0,0,,,,0,5,2010,New,Partial,1,1
0,0,0,0,0,0,,,Shed,700,3,2010,WD,Normal,5,5
0,0,0,0,0,0,,,,0,8,2006,WD,Normal,5,5
0,38,0,144,0,0,,,,0,5,2007,WD,Normal,1,1
192,0,0,0,0,0,,,,0,1,2010,WD,Abnorml,0,6
0,304,0,0,0,0,,,,0,6,2009,WD,Normal,4,4
142,20,0,0,0,0,,,,0,4,2006,WD,Normal,6,6
0,30,0,0,0,0,,MnPrv,,0,10,2006,WD,Normal,1,1
0,44,0,0,0,0,,,,0,5,2010,WD,Normal,1,1
314,140,0,0,0,0,,,,0,3,2007,WD,Normal,2,2
210,150,0,0,0,0,,,,0,12,2009,New,Partial,2,2
0,0,0,0,0,0,,,,0,4,2008,WD,Abnorml,5,5
0,0,0,0,0,0,,,,0,5,2009,COD,Abnorml,5,5
222,32,0,0,0,0,,,,0,5,2010,WD,Normal,0,6
0,0,105,0,0,0,,,,0,1,2009,WD,Normal,5,5
0,73,216,0,0,0,,,,0,12,2006,WD,Normal,1,1
143,20,0,0,0,0,,,,0,5,2009,WD,Normal,6,6
0,0,0,0,0,0,,,,0,10,2009,WD,Normal,5,5
92,0,185,0,0,0,,,,0,4,2009,WD,Normal,6,6
0,0,0,0,0,0,,,,0,6,2009,WD,Normal,5,5
144,70,0,0,0,0,,,,0,6,2008,WD,Normal,6,6
268,112,0,0,147,0,,,,0,1,2007,WD,Abnorml,2,2
295,41,0,0,0,0,,,,0,5,2006,WD,Normal,0,0
0,60,0,0,0,0,,,,0,3,2007,WD,Normal,1,1
0,0,0,0,0,0,,,,0,3,2009,WD,Normal,5,5
312,0,0,0,0,0,,,,0,10,2006,New,Partial,9,0
0,0,0,0,0,0,,,,0,6,2009,WD,Normal,5,5
0,24,0,0,0,0,,,,0,6,2008,ConLD,Partial,5,5
135,112,0,0,0,0,,,,0,9,2009,New,Partial,2,2
0,547,0,0,480,0,,MnPrv,Shed,1150,6,2008,WD,Normal,3,3
403,114,185,0,0,0,,,Shed,400,5,2008,WD,Normal,7,7
0,0,0,0,0,0,,,,0,6,2008,WD,Normal,5,5
150,0,0,0,0,0,,GdPrv,,0,5,2009,WD,Normal,6,6
0,74,0,0,0,0,,,,0,8,2009,WD,Abnorml,1,1
0,32,112,0,0,0,,,,0,2,2009,WD,Normal,1,1
100,48,0,0,0,0,,,,0,9,2006,WD,Normal,6,6
184,0,0,0,0,0,,,,0,6,2009,WD,Normal,0,6
0,0,0,0,0,0,,,,0,8,2007,WD,Normal,5,5
0,66,0,0,0,0,,GdWo,,0,6,2006,WD,Normal,1,1
146,91,0,0,0,0,,,,0,6,2006,WD,Normal,2,2
224,88,0,0,0,0,,MnPrv,,0,7,2009,WD,Normal,2,2
0,128,0,0,0,0,,,,0,5,2007,WD,Normal,8,8
148,36,0,0,0,0,,,,0,3,2006,WD,Normal,6,6
0,36,0,0,0,0,,,,0,5,2010,WD,Normal,1,1
0,0,112,0,0,0,,MnWw,,0,5,2008,WD,Normal,5,5
0,0,96,0,0,0,,,,0,6,2010,WD,Normal,5,5
0,24,0,0,0,0,,,,0,7,2008,WD,Normal,5,5
857,72,0,0,0,0,,,,0,11,2006,WD,Normal,7,7
0,102,0,0,0,0,,,,0,1,2008,New,Partial,8,8
144,123,0,0,0,0,,,,0,7,2006,WD,Abnorml,2,2
0,0,114,0,0,0,,,,0,4,2010,WD,Normal,5,5
355,0,0,0,0,0,,GdWo,,0,4,2008,WD,Normal,9,0
0,42,0,0,0,0,,,,0,5,2008,WD,Normal,1,1
64,0,0,0,160,0,,MnPrv,,0,10,2009,COD,Abnorml,5,5
90,0,205,0,0,0,,,,0,4,2008,WD,Abnorml,6,6
0,130,0,0,0,0,,,,0,11,2007,WD,Normal,8,8
0,36,0,0,0,0,,GdWo,,0,5,2008,WD,Normal,1,1
0,0,170,0,0,0,,,,0,4,2010,WD,Normal,5,5
144,122,0,0,0,0,,,,0,7,2007,WD,Normal,2,2
333,0,0,0,0,0,,MnPrv,,0,10,2007,CWD,Normal,9,0
0,28,0,0,0,0,,,,0,4,2006,WD,Abnorml,1,1
72,0,0,0,0,0,,,,0,6,2006,WD,Normal,5,5
0,49,0,0,0,0,,,,0,6,2007,WD,Normal,1,1
0,68,0,0,0,0,,,,0,7,2009,WD,Normal,1,1
0,32,0,0,0,0,,,,0,6,2007,WD,Normal,1,1
0,0,0,0,0,0,,,,0,10,2006,WD,Normal,5,5
220,47,0,0,0,0,,MnPrv,,0,7,2007,WD,Normal,0,6
292,12,0,0,0,0,,GdWo,,0,7,2006,WD,Normal,0,0
0,0,0,0,0,0,,MnPrv,,0,1,2007,WD,Normal,5,5
0,28,0,0,0,0,,,,0,6,2008,WD,Normal,1,1
185,140,0,0,0,0,,,,0,4,2008,WD,Normal,2,2
261,39,0,0,0,0,,,,0,4,2010,WD,Normal,0,0
154,210,0,0,0,0,,,,0,7,2008,WD,Normal,4,4
0,55,0,0,200,0,,,,0,10,2008,COD,Abnorml,1,1
202,151,0,0,0,0,,,,0,6,2009,WD,Normal,2,2
142,0,0,0,0,0,,,,0,5,2006,ConLD,Normal,6,6
0,0,0,0,0,0,,,,0,7,2008,WD,Normal,5,5
0,0,0,0,288,0,,,Shed,1400,11,2008,WD,Normal,5,5
48,0,0,0,0,0,,,,0,11,2009,WD,Normal,5,5
168,0,0,0,0,0,,GdPrv,,0,8,2008,WD,Normal,6,6
0,0,0,0,0,0,,,,0,10,2006,WD,AdjLand,5,5
216,0,160,0,0,0,,MnPrv,,0,1,2006,WD,Family,0,6
0,0,0,0,0,0,,MnPrv,,0,3,2009,WD,Normal,5,5
0,0,0,0,0,0,,,,0,8,2008,WD,Normal,5,5
168,27,0,0,0,0,,GdPrv,,0,6,2009,WD,Normal,6,6
0,0,0,0,0,0,,,,0,7,2009,WD,Normal,5,5
100,75,0,0,0,0,,,,0,2,2008,WD,Normal,6,1
0,0,0,0,0,0,,,,0,9,2007,WD,Alloca,5,5
144,29,0,0,0,0,,,,0,6,2009,WD,Normal,6,6
0,48,0,0,0,0,,,,0,8,2007,WD,Normal,1,1
250,0,0,0,0,0,,,,0,7,2009,WD,Normal,0,0
0,16,552,0,0,512,Ex,GdPrv,,0,3,2006,WD,Abnorml,5,5
0,188,0,0,0,0,,,,0,3,2006,WD,Normal,4,4
288,117,0,0,0,0,,,,0,3,2008,WD,Normal,2,2
0,250,0,0,0,0,,,,0,3,2006,WD,Normal,4,4
0,28,0,0,0,0,,,,0,6,2006,WD,Normal,1,1
120,30,0,0,224,0,,,,0,12,2008,WD,Normal,6,6
0,0,0,0,130,0,,,,0,6,2008,WD,Normal,5,5
192,23,0,0,0,0,,,,0,5,2006,WD,Normal,0,6
0,0,126,0,0,0,,,,0,5,2006,COD,Normal,5,5
290,0,0,0,0,0,,,,0,2,2010,WD,Normal,0,0
0,60,112,0,0,0,,,,0,4,2006,WD,Normal,1,1
0,112,0,0,440,519,Fa,MnPrv,TenC,2000,7,2006,WD,Normal,8,8
253,170,0,0,0,0,,,,0,6,2006,WD,Normal,2,2
0,0,96,0,0,0,,,,0,6,2008,WD,Normal,5,5
216,231,0,0,0,0,,,,0,6,2007,WD,Normal,4,4
212,59,0,0,0,0,,,,0,10,2009,WD,Normal,0,6
0,418,0,0,312,0,,,,0,7,2006,WD,Abnorml,3,3
108,0,0,0,0,0,,,,0,3,2006,New,Partial,6,6
0,235,0,0,0,0,,,,0,5,2007,WD,Normal,4,4
298,0,0,0,0,0,,,,0,5,2007,WD,Normal,0,0
120,184,0,0,168,0,,,,0,10,2007,New,Partial,4,4
416,144,0,0,0,0,,MnPrv,,0,4,2010,WD,Normal,7,7
0,25,212,0,0,0,,,,0,4,2008,WD,Normal,5,5
421,0,0,0,0,0,,MnPrv,,0,7,2006,WD,Abnorml,9,0
128,0,0,0,0,0,,,,0,4,2010,WD,Normal,6,6
198,150,0,0,0,0,,,,0,8,2006,WD,Normal,2,2
0,0,0,0,0,0,,,,0,9,2008,WD,Normal,5,5
0,0,96,0,0,0,,,,0,4,2008,WD,Abnorml,5,5
262,36,0,0,0,0,,,,0,8,2008,WD,Normal,0,0
0,0,180,0,0,0,,MnPrv,,0,4,2008,WD,Normal,5,5
0,0,0,0,0,0,,,,0,5,2008,WD,Normal,5,5
0,96,0,0,0,0,,,,0,7,2009,WD,Normal,8,8
192,20,123,0,0,0,,MnPrv,,0,12,2008,WD,Normal,0,6
208,46,0,0,0,0,,,,0,12,2007,WD,Normal,0,6
0,124,216,0,0,0,,,,0,6,2010,WD,Normal,8,8
0,0,0,0,0,0,,MnPrv,,0,12,2008,WD,Abnorml,5,5
0,0,0,0,288,0,,,,0,9,2009,WD,Normal,5,5
28,0,0,0,0,0,,,,0,4,2010,WD,Normal,5,5
0,0,189,0,0,0,,,,0,3,2010,WD,Normal,5,5
192,0,0,0,0,0,,,,0,4,2009,WD,Family,0,6
0,0,259,0,0,0,,,,0,4,2008,WD,Normal,5,5
586,236,0,0,0,738,Gd,GdPrv,,0,8,2006,WD,Alloca,7,7
178,128,0,0,0,0,,,,0,7,2008,WD,Normal,2,2
402,25,0,0,0,0,,,,0,8,2007,WD,Normal,9,0
0,50,0,0,204,0,,MnPrv,,0,4,2010,WD,Normal,1,1
0,312,40,0,0,0,,,,0,3,2007,WD,Normal,4,4
96,0,112,0,53,0,,,,0,8,2007,WD,Normal,6,6
268,0,0,0,122,0,,MnWw,,0,5,2006,WD,Normal,0,0
0,0,56,0,0,0,,,,0,7,2009,WD,Abnorml,5,5
160,68,240,0,0,0,,,,0,5,2006,WD,Abnorml,6,6
125,185,0,0,0,0,,,,0,3,2009,WD,Normal,4,4
0,0,264,0,0,0,,MnPrv,,0,1,2007,WD,Normal,5,5
229,0,0,0,0,0,,,,0,6,2006,WD,Normal,0,6
239,60,0,0,0,0,,,,0,8,2007,WD,Normal,0,2
0,0,19,0,0,0,,,,0,3,2007,WD,Normal,5,5
270,68,0,0,0,0,,,,0,3,2009,WD,Normal,0,0
379,36,0,0,0,0,,MnPrv,,0,3,2010,WD,Normal,9,0
240,56,154,0,0,0,,,,0,3,2010,WD,Normal,0,6
0,84,0,0,120,0,,,,0,3,2008,WD,Normal,1,1
0,132,0,0,0,0,,,,0,3,2007,WD,Normal,8,8
232,63,0,0,0,0,,,Shed,480,4,2009,WD,Normal,0,2
252,64,0,0,0,0,,,,0,6,2008,WD,Normal,0,2
72,36,0,0,144,0,,,,0,7,2008,WD,Normal,6,1
144,68,0,0,0,0,,,,0,8,2008,COD,Abnorml,6,6
120,55,0,0,0,0,,GdPrv,,0,12,2007,WD,Normal,6,6
0,0,0,0,0,0,,GdPrv,,0,7,2009,WD,Normal,5,5
243,0,0,0,0,0,,,,0,7,2009,WD,Normal,0,0
0,0,0,0,0,0,,,,0,5,2009,WD,Normal,5,5
0,30,0,0,0,0,,,,0,3,2007,WD,Normal,1,1
0,0,0,0,0,0,,MnPrv,Shed,1200,7,2007,WD,Normal,5,5
143,46,0,0,0,0,,,Shed,500,10,2008,WD,Normal,6,6
0,0,0,0,0,0,,,,0,8,2009,WD,Normal,5,5
0,168,0,0,0,0,,,,0,7,2007,WD,Normal,8,8
228,66,156,0,0,0,,MnPrv,Shed,500,3,2010,WD,Normal,0,2
0,78,0,0,0,0,,,,0,7,2008,WD,Normal,1,1
0,56,0,0,0,0,,,,0,6,2007,New,Partial,1,1
0,0,0,0,0,0,,,,0,4,2007,WD,Normal,5,5
269,111,0,0,0,0,,MnPrv,,0,7,2009,WD,Normal,2,2
160,122,0,0,0,0,,,,0,11,2009,WD,Normal,2,2
117,0,0,0,0,0,,,,0,2,2010,WD,Normal,6,6
96,0,0,0,0,0,,,Shed,500,11,2009,WD,Normal,6,6
257,45,0,0,0,0,,,,0,7,2007,WD,Normal,0,0
0,0,77,0,0,0,,,Shed,400,5,2010,COD,Abnorml,5,5
0,0,0,0,0,0,,GdWo,,0,6,2006,WD,Family,5,5
0,0,0,0,0,0,,,,0,3,2008,WD,Normal,5,5
0,0,184,0,0,0,,GdPrv,Shed,400,4,2007,WD,Normal,5,5
0,0,0,0,0,0,,,,0,5,2009,WD,Normal,5,5
192,36,0,0,0,0,,,,0,6,2006,WD,Normal,0,6
0,0,0,0,0,0,,,,0,11,2006,WD,Normal,5,5
0,0,0,0,0,0,,,,0,5,2006,WD,Normal,5,5
132,64,0,0,0,0,,,,0,3,2010,WD,Normal,6,6
0,96,180,0,0,0,,MnPrv,,0,7,2006,WD,Normal,8,8
0,20,0,0,0,0,,,,0,10,2007,New,Partial,5,5
0,138,0,0,0,0,,GdWo,,0,12,2006,WD,Abnorml,8,8
63,0,0,0,0,0,,,,0,8,2009,COD,Abnorml,5,5
0,0,120,0,0,0,,,,0,4,2010,WD,Normal,5,5
113,0,0,0,0,0,,,,0,6,2010,New,Partial,6,6
0,0,0,0,0,0,,MnPrv,,0,2,2010,WD,Normal,5,5
0,0,0,0,0,0,,,,0,4,2007,WD,AdjLand,5,5
125,192,0,0,0,0,,,,0,6,2009,WD,Normal,4,4
0,0,0,0,0,0,,,,0,6,2008,WD,Normal,5,5
0,0,0,0,0,0,,,,0,5,2007,WD,Normal,5,5
120,96,0,0,0,0,,,,0,5,2010,WD,Normal,2,2
0,0,0,0,287,0,,,,0,6,2008,WD,Normal,5,5
0,0,280,0,0,0,,,,0,7,2006,WD,Abnorml,5,5
220,114,210,0,0,0,,,,0,8,2008,WD,Normal,2,2
576,36,0,0,0,0,,GdPrv,,0,2,2009,WD,Normal,7,7
0,213,176,0,0,0,,GdWo,,0,5,2008,WD,Normal,4,4
0,0,0,0,0,0,,GdPrv,,0,4,2006,WD,Normal,5,5
0,58,0,0,0,0,,MnPrv,,0,11,2009,WD,Normal,1,1
0,0,0,0,0,0,,,,0,5,2006,New,Partial,5,5
100,63,0,0,0,0,,,,0,6,2009,WD,Normal,6,6
0,0,0,140,0,0,,MnPrv,,0,8,2009,WD,Normal,5,5
0,128,0,0,180,0,,,,0,7,2009,WD,Normal,8,8
139,98,0,0,0,0,,,,0,4,2008,WD,Normal,2,2
120,0,0,0,0,0,,,,0,5,2007,WD,Normal,6,6
436,21,0,0,0,0,,,Shed,500,4,2006,WD,Normal,9,0
192,0,0,0,0,0,,MnPrv,Shed,400,6,2010,WD,Normal,0,6
192,74,0,0,0,0,,,,0,12,2008,WD,Normal,2,2
0,0,0,0,0,0,,,,0,5,2006,WD,Normal,5,5
120,0,0,0,0,0,,GdPrv,,0,3,2006,WD,Normal,6,6
115,66,0,0,0,0,,,,0,6,2009,WD,Normal,6,6
0,0,0,0,0,0,,,,0,7,2007,WD,Normal,5,5
0,0,0,0,0,0,,,,0,9,2007,WD,Normal,5,5
0,60,0,0,0,0,,GdPrv,Shed,2500,5,2010,WD,Normal,1,1
0,34,0,0,0,0,,,,0,5,2010,WD,Normal,1,1
370,30,0,0,0,0,,GdPrv,,0,5,2007,WD,Normal,9,0
0,57,0,0,63,0,,MnPrv,,0,8,2006,WD,Abnorml,1,1
238,83,0,0,0,0,,MnPrv,,0,2,2008,WD,Normal,2,2
400,0,0,0,0,0,,,,0,3,2008,WD,Normal,9,0
0,23,112,0,0,0,,,,0,1,2009,WD,Normal,5,5
0,0,0,0,0,0,,,,0,7,2006,New,Partial,5,5
324,100,0,0,0,0,,,,0,7,2006,New,Partial,2,2
49,0,0,0,0,0,,,,0,8,2007,WD,Normal,5,5
0,66,136,0,0,0,,,,0,5,2010,WD,Normal,1,1
105,54,0,0,0,0,,,,0,7,2006,New,Partial,6,6
96,0,0,0,0,0,,MnPrv,,0,3,2007,WD,Normal,6,6
0,0,0,0,0,0,,,,0,4,2007,WD,Normal,5,5
0,34,0,508,0,0,,,,0,5,2009,WD,Normal,1,1
203,47,0,0,0,0,,,,0,8,2007,WD,Normal,0,6
0,247,0,0,0,0,,,,0,6,2009,WD,Normal,4,4
0,0,116,0,0,0,,,,0,10,2008,WD,Normal,5,5
149,0,0,0,0,0,,,,0,5,2008,WD,Normal,6,6
219,36,0,0,0,0,,,,0,9,2006,WD,Normal,0,6
0,0,0,0,0,0,,GdWo,,0,12,2006,WD,Abnorml,5,5
0,36,0,0,0,0,,,,0,3,2007,New,Partial,1,1
154,0,0,0,0,0,,,,0,6,2009,WD,Alloca,6,6
0,40,0,0,0,0,,,,0,7,2006,WD,Normal,1,1
0,262,0,0,0,0,,,,0,5,2010,WD,Normal,4,4
144,59,0,0,0,0,,,,0,7,2006,New,Partial,6,6
58,42,0,0,0,0,,,,0,8,2007,WD,Normal,1,1
160,33,0,0,0,0,,,,0,8,2007,New,Partial,6,6
100,51,0,0,0,0,,,,0,7,2009,WD,Normal,6,6
179,60,0,0,0,0,,,,0,6,2006,WD,Normal,6,6
296,0,0,0,0,0,,GdWo,,0,10,2009,WD,Abnorml,0,0
0,44,0,0,0,0,,,,0,6,2006,New,Partial,1,1
476,0,0,0,142,0,,GdWo,,0,11,2009,COD,Normal,9,0
0,0,254,0,0,0,,,,0,3,2008,WD,Normal,5,5
240,154,0,0,0,0,,,,0,11,2006,New,Partial,2,2
0,27,0,0,0,0,,,,0,7,2008,WD,Normal,1,5
60,84,0,0,273,0,,GdPrv,,0,5,2008,WD,Normal,1,1
0,166,0,0,0,0,,,,0,6,2006,WD,Normal,8,8
144,76,0,0,0,0,,,,0,5,2010,WD,Normal,6,2
144,0,0,0,0,0,,,,0,7,2008,WD,Normal,6,6
140,0,0,0,0,0,,,,0,3,2008,WD,Normal,6,6
144,105,0,0,0,0,,,,0,8,2007,New,Partial,2,2
0,0,0,0,0,0,,,,0,4,2007,WD,Normal,5,5
0,120,0,0,224,0,,,,0,8,2008,WD,Normal,8,8
153,50,0,0,0,0,,,,0,4,2006,WD,Normal,6,6
156,158,0,0,0,0,,,,0,7,2008,WD,Normal,2,2
324,42,0,0,168,0,,,Shed,2000,6,2009,WD,Normal,9,0
192,39,0,0,0,0,,,,0,9,2007,WD,Normal,0,6
96,48,0,0,0,0,,,,0,8,2007,WD,Normal,6,6
0,0,34,0,0,0,,MnPrv,,0,10,2008,WD,Normal,5,5
181,0,386,0,0,0,,,,0,5,2009,WD,Normal,0,6
138,45,0,0,0,0,,,,0,12,2008,WD,Normal,6,6
0,0,205,0,0,0,,GdPrv,,0,6,2007,WD,Normal,5,5
0,20,0,0,0,0,,,,0,3,2006,WD,Normal,5,5
0,0,248,0,0,0,,,,0,7,2009,WD,Normal,5,5
0,263,0,0,263,0,,,,0,5,2007,WD,Normal,4,4
100,150,0,0,0,0,,,,0,4,2010,WD,Normal,8,8
0,0,0,0,0,0,,,,0,8,2007,WD,Normal,5,5
0,0,0,0,0,0,,MnPrv,,0,5,2007,WD,Normal,5,5
146,20,0,0,144,0,,,,0,4,2010,WD,Normal,6,6
0,60,0,0,0,0,,,,0,7,2008,New,Partial,1,1
0,66,0,304,0,0,,,,0,11,2008,New,Partial,1,1
495,72,0,0,0,0,,,,0,7,2008,WD,Normal,7,7
503,36,0,0,210,0,,,,0,6,2010,WD,Normal,7,7
0,0,0,0,0,0,,,,0,5,2009,WD,Normal,5,5
105,66,0,0,0,0,,GdPrv,,0,5,2006,WD,Normal,6,6
0,77,0,0,0,0,,,,0,6,2010,WD,Normal,1,1
0,200,0,0,0,0,,,,0,6,2009,WD,Normal,4,4
0,0,50,0,0,0,,,,0,6,2010,WD,Normal,5,5
0,234,0,0,0,0,,,,0,6,2009,New,Partial,4,4
155,0,0,0,0,0,,,,0,11,2007,WD,Normal,6,6
0,0,0,0,0,0,,,,0,3,2006,WD,Abnorml,5,5
0,0,0,0,176,0,,GdWo,,0,4,2007,WD,Normal,5,5
0,0,140,0,0,0,,MnPrv,,0,6,2007,WD,Normal,5,5
474,120,0,0,0,0,,MnPrv,,0,7,2009,WD,Normal,7,7
0,22,0,0,0,0,,,,0,3,2007,WD,Normal,5,5
431,44,0,0,0,0,,MnPrv,,0,12,2009,WD,Normal,9,0
0,0,0,0,0,0,,,,0,4,2006,WD,Normal,5,5
0,240,0,0,0,0,,GdPrv,,0,6,2007,WD,Normal,4,4
143,20,0,0,0,0,,,,0,6,2009,WD,Normal,6,6
