BldgType,HouseStyle,OverallQual,OverallCond,YearBuilt,YearRemodAdd,RoofStyle,RoofMatl,Exterior1st,Exterior2nd,MasVnrType,MasVnrArea,SalePrice
1Fam,1Story,5,6,1957,1957,Gable,CompShg,MetalSd,MetalSd,,0.0,145000
1Fam,2Story,6,7,1993,1994,Gable,CompShg,VinylSd,VinylSd,,0.0,178000
1Fam,1Story,5,7,1910,1950,Gable,CompShg,MetalSd,Wd Sdng,,0.0,85000
1Fam,1.5Fin,5,7,1937,1950,Gable,CompShg,Wd Sdng,Wd Sdng,BrkFace,252.0,175000
1Fam,1.5Fin,5,6,1924,1950,Gable,CompShg,BrkFace,Wd Sdng,,0.0,127000
1Fam,1Story,5,7,1972,1972,Gable,CompShg,VinylSd,VinylSd,,0.0,149900
1Fam,2Story,6,5,2005,2005,Gable,CompShg,VinylSd,VinylSd,,0.0,174000
1Fam,1.5Fin,4,8,1922,2007,Gable,CompShg,VinylSd,VinylSd,,0.0,125500
1Fam,1Story,6,6,1981,1981,Gable,CompShg,MetalSd,MetalSd,BrkFace,210.0,175500
1Fam,1Story,8,5,2007,2007,Gable,CompShg,CemntBd,CmentBd,Stone,140.0,225000
1Fam,SFoyer,6,5,1966,1966,Gable,CompShg,VinylSd,VinylSd,,0.0,129000
1Fam,SLvl,5,5,1966,1966,Gable,CompShg,VinylSd,VinylSd,BrkFace,1047.0,159950
1Fam,1Story,7,5,1978,1978,Gable,CompShg,Plywood,Plywood,BrkFace,206.0,157000
1Fam,2Story,7,6,1965,1990,Gable,CompShg,HdBoard,HdBoard,BrkFace,176.0,205000
1Fam,1Story,7,5,1969,1969,Hip,CompShg,HdBoard,HdBoard,BrkFace,168.0,140000
1Fam,2Story,6,5,2002,2002,Gable,CompShg,VinylSd,VinylSd,,0.0,200000
1Fam,1Story,6,5,1953,1953,Hip,CompShg,Wd Sdng,Wd Sdng,BrkFace,184.0,217000
1Fam,1Story,5,7,1955,1995,Gable,CompShg,MetalSd,MetalSd,,0.0,125000
1Fam,2Story,6,6,1977,1977,Hip,CompShg,HdBoard,Plywood,BrkFace,140.0,159500
1Fam,1Story,6,5,1986,1986,Gable,CompShg,VinylSd,Plywood,Stone,132.0,184000
1Fam,1.5Unf,5,5,1926,1950,Gable,CompShg,Wd Sdng,Wd Sdng,,0.0,96500
Duplex,2Story,5,5,1969,1969,Gable,CompShg,MetalSd,MetalSd,BrkFace,368.0,200000
1Fam,1.5Fin,5,6,1928,1950,Gable,CompShg,MetalSd,MetalSd,,0.0,149000
1Fam,2Story,6,5,2005,2007,Gable,CompShg,VinylSd,VinylSd,,0.0,178900
1Fam,1Story,7,5,2003,2003,Gable,CompShg,VinylSd,VinylSd,,,184900
TwnhsE,2Story,7,5,2006,2007,Gable,CompShg,MetalSd,MetalSd,,0.0,164700
1Fam,1Story,7,8,1959,2002,Gable,CompShg,BrkFace,HdBoard,,0.0,335000
Duplex,1Story,3,4,1949,1950,Gable,CompShg,Stucco,Stucco,BrkFace,340.0,87500
1Fam,1Story,7,5,2009,2009,Gable,CompShg,VinylSd,VinylSd,Stone,268.0,233170
1Fam,1Story,5,6,1966,2006,Gable,CompShg,HdBoard,HdBoard,,0.0,149350
1Fam,1Story,5,7,1949,1950,Gable,CompShg,HdBoard,HdBoard,,0.0,133000
1Fam,1Story,5,6,1925,1950,Gable,CompShg,Stucco,Stucco,,0.0,98000
1Fam,1Story,6,6,1980,1980,Gable,CompShg,Plywood,Plywood,BrkFace,157.0,207500
1Fam,1Story,4,4,1976,1993,Gable,CompShg,Plywood,Plywood,,0.0,150000
1Fam,SFoyer,5,5,1982,1982,Hip,CompShg,Wd Sdng,Wd Sdng,,0.0,134900
1Fam,1Story,7,5,2006,2006,Gable,CompShg,VinylSd,VinylSd,,0.0,187750
1Fam,1Story,6,4,1953,1953,Hip,CompShg,Wd Sdng,Wd Sdng,BrkFace,90.0,149500
1Fam,1Story,4,5,1970,1970,Gable,CompShg,MetalSd,MetalSd,,0.0,116050
Duplex,SFoyer,5,5,1979,1979,Gable,CompShg,Plywood,Plywood,Stone,275.0,153337
1Fam,1Story,5,5,1954,1954,Gable,CompShg,Wd Sdng,Plywood,,0.0,165000
1Fam,1Story,5,9,1982,2008,Gable,CompShg,VinylSd,VinylSd,,0.0,130500
Duplex,SFoyer,7,5,1997,1998,Gable,CompShg,VinylSd,VinylSd,BrkFace,200.0,206300
TwnhsE,2Story,7,5,2007,2007,Gable,CompShg,VinylSd,VinylSd,,0.0,146000
1Fam,1Story,5,5,1960,1960,Gable,CompShg,MetalSd,MetalSd,BrkCmn,66.0,126500
1Fam,1.5Fin,5,6,1910,2003,Gable,CompShg,Wd Sdng,Wd Shng,,0.0,139000
2fmCon,2Story,4,5,1920,2008,Gable,CompShg,MetalSd,MetalSd,,0.0,113000
1Fam,1.5Fin,6,5,1924,1950,Gable,CompShg,Wd Sdng,Wd Sdng,,0.0,79000
1Fam,1Story,7,5,2007,2008,Gable,CompShg,CemntBd,CmentBd,,,182000
1Fam,2Story,6,5,1995,1996,Gable,CompShg,HdBoard,HdBoard,,0.0,188000
1Fam,1Story,5,8,1950,2002,Gable,CompShg,VinylSd,VinylSd,,0.0,129000
2fmCon,2Story,5,8,1916,1995,Gable,CompShg,VinylSd,VinylSd,,0.0,160000
1Fam,1Story,6,9,1962,2005,Gable,CompShg,Wd Sdng,Wd Sdng,BrkFace,237.0,174000
1Fam,2Story,7,5,2006,2006,Gable,CompShg,VinylSd,VinylSd,,0.0,219210
1Fam,2Story,10,5,2008,2008,Gable,CompShg,VinylSd,VinylSd,Stone,160.0,310000
1Fam,1Story,9,5,2003,2004,Hip,CompShg,VinylSd,VinylSd,BrkFace,562.0,374000
1Fam,1Story,5,6,1923,2006,Gable,CompShg,Wd Sdng,Wd Sdng,,0.0,100000
1Fam,2Story,6,7,1968,1984,Gable,CompShg,HdBoard,HdBoard,BrkFace,220.0,250000
1Fam,SLvl,4,9,1965,2001,Gable,CompShg,VinylSd,VinylSd,,0.0,145000
1Fam,2.5Unf,10,9,1893,2000,Gable,CompShg,Wd Sdng,Wd Sdng,,0.0,325000
1Fam,2Story,9,5,2006,2006,Hip,CompShg,VinylSd,VinylSd,BrkFace,772.0,380000
TwnhsE,1Story,8,5,2004,2005,Hip,CompShg,CemntBd,CmentBd,Stone,174.0,275000
1Fam,1Story,6,5,1985,1985,Gable,CompShg,Wd Sdng,Wd Shng,BrkFace,85.0,180000
1Fam,1Story,8,5,2008,2008,Gable,CompShg,VinylSd,VinylSd,Stone,72.0,245350
1Fam,1Story,6,8,1960,1998,Hip,CompShg,MetalSd,MetalSd,,0.0,151500
1Fam,SFoyer,5,5,1962,1962,Gable,CompShg,MetalSd,MetalSd,,0.0,134500
1Fam,1.5Fin,5,8,1875,1996,Gable,CompShg,VinylSd,VinylSd,,0.0,94000
1Fam,2Story,7,5,2000,2000,Gable,CompShg,VinylSd,VinylSd,,0.0,216000
1Fam,1Story,8,6,1995,1995,Hip,CompShg,MetalSd,MetalSd,BrkFace,660.0,350000
1Fam,2Story,6,6,1976,1976,Gable,CompShg,Plywood,Plywood,BrkFace,298.0,195000
TwnhsE,2Story,6,6,1980,1980,Gable,CompShg,Plywood,Plywood,,0.0,120000
1Fam,2Story,8,5,2002,2002,Gable,CompShg,VinylSd,VinylSd,BrkFace,149.0,228500
1Fam,2Story,7,6,1994,1994,Gable,CompShg,HdBoard,HdBoard,,0.0,248000
1Fam,1Story,5,5,1963,1963,Gable,CompShg,HdBoard,HdBoard,,0.0,124000
TwnhsE,1Story,7,5,2005,2006,Gable,CompShg,VinylSd,VinylSd,BrkFace,14.0,191000
1Fam,1Story,6,6,1974,1999,Hip,CompShg,HdBoard,HdBoard,BrkFace,99.0,181000
1Fam,1.5Fin,6,5,1939,1950,Gable,CompShg,WdShing,Wd Shng,,0.0,105000
1Fam,1Story,5,5,1960,1978,Hip,CompShg,Wd Sdng,Wd Sdng,,0.0,139900
1Fam,1Story,6,6,1958,1958,Gable,CompShg,MetalSd,MetalSd,BrkFace,243.0,157900
1Fam,1.5Fin,5,6,1946,1995,Gable,CompShg,MetalSd,MetalSd,,0.0,130500
1Fam,2Story,6,5,2000,2000,Gable,CompShg,VinylSd,VinylSd,,0.0,172400
1Fam,SLvl,5,5,1955,1955,Gable,CompShg,MetalSd,MetalSd,,0.0,130000
1Fam,2Story,8,5,2004,2004,Gable,CompShg,VinylSd,VinylSd,,0.0,178000
1Fam,1Story,6,5,1967,1967,Gable,CompShg,BrkFace,Wd Sdng,,0.0,161500
2fmCon,1.5Fin,5,7,1939,1950,Gable,CompShg,MetalSd,MetalSd,,0.0,119900
1Fam,2Story,6,8,1932,1950,Gable,CompShg,Wd Sdng,Wd Sdng,,0.0,239000
1Fam,1Story,6,6,1977,1977,Hip,CompShg,Plywood,Plywood,BrkFace,480.0,190000
Twnhs,2Story,6,5,1971,1971,Gable,CompShg,HdBoard,HdBoard,BrkFace,232.0,85400
1Fam,1Story,6,7,1977,2001,Gable,CompShg,Plywood,Plywood,BrkFace,28.0,205000
1Fam,1Story,6,5,1983,1983,Gable,CompShg,VinylSd,VinylSd,,0.0,134000
2fmCon,1Story,4,4,1961,1975,Gable,CompShg,MetalSd,MetalSd,Stone,149.0,168000
1Fam,2Story,6,5,1997,1997,Gable,CompShg,VinylSd,VinylSd,,0.0,185000
1Fam,SLvl,5,7,1964,1964,Hip,CompShg,Wd Sdng,HdBoard,BrkFace,86.0,180500
1Fam,1.5Fin,5,5,1950,1950,Gable,CompShg,Wd Sdng,Wd Sdng,,0.0,152000
1Fam,2Story,8,5,1993,1994,Gable,CompShg,VinylSd,VinylSd,BrkFace,125.0,215000
1Fam,1Story,5,7,1957,2000,Hip,CompShg,MetalSd,MetalSd,,0.0,153000
1Fam,2.5Unf,5,5,1898,1965,Hip,CompShg,AsbShng,AsbShng,,0.0,106000
1Fam,2Story,8,5,2004,2005,Gable,CompShg,CemntBd,CmentBd,,0.0,340000
1Fam,1.5Fin,6,7,1962,1981,Gable,CompShg,Wd Sdng,Wd Sdng,,0.0,159000
1Fam,1.5Fin,6,7,1929,1950,Gable,CompShg,WdShing,Wd Shng,,0.0,120000
1Fam,1Story,5,4,1960,2006,Hip,CompShg,HdBoard,HdBoard,BrkFace,75.0,115000
TwnhsE,1Story,6,5,1976,1976,Gable,CompShg,Plywood,Plywood,,0.0,128000
1Fam,1Story,9,5,2007,2007,Hip,CompShg,CemntBd,CmentBd,BrkFace,452.0,314813
1Fam,1.5Fin,5,4,1949,2008,Gable,CompShg,Wd Sdng,Wd Sdng,,0.0,131000
1Fam,2Story,9,5,2008,2008,Hip,CompShg,VinylSd,VinylSd,Stone,268.0,446261
1Fam,1.5Fin,6,6,1931,1950,Gable,CompShg,Wd Sdng,Wd Sdng,,0.0,127500
1Fam,2Story,7,8,1915,2005,Gable,CompShg,Stucco,Stucco,,0.0,155000
1Fam,1Story,6,5,1995,1995,Gable,CompShg,VinylSd,VinylSd,,0.0,177500
1Fam,1.5Fin,5,6,1941,1950,Gable,CompShg,MetalSd,MetalSd,,0.0,128500
1Fam,2Story,6,5,2005,2005,Gable,CompShg,VinylSd,VinylSd,,0.0,176000
1Fam,2Story,8,7,1994,2005,Hip,CompShg,VinylSd,VinylSd,BrkFace,528.0,402000
1Fam,2Story,5,6,1911,1950,Gable,CompShg,MetalSd,MetalSd,,0.0,130000
1Fam,1Story,6,7,1964,1964,Hip,CompShg,HdBoard,HdBoard,Stone,260.0,145000
1Fam,1Story,5,7,1950,2007,Gable,CompShg,MetalSd,MetalSd,,0.0,147000
1Fam,1Story,4,5,1971,1971,Gable,CompShg,HdBoard,HdBoard,,0.0,115000
1Fam,2Story,7,5,1999,1999,Gable,CompShg,VinylSd,VinylSd,,0.0,189000
Duplex,1Story,5,4,1967,1967,Gable,CompShg,HdBoard,Plywood,,0.0,143000
1Fam,2Story,6,7,1974,1997,Gable,CompShg,HdBoard,HdBoard,,0.0,240000
Twnhs,1Story,7,5,2007,2008,Gable,CompShg,VinylSd,VinylSd,Stone,166.0,230000
1Fam,2Story,7,5,1992,1992,Gable,CompShg,HdBoard,HdBoard,,0.0,190000
1Fam,1Story,7,5,2004,2005,Gable,CompShg,VinylSd,VinylSd,BrkFace,109.0,213000
1Fam,1Story,4,7,1940,1950,Hip,CompShg,VinylSd,VinylSd,,0.0,82500
1Fam,1Story,8,5,2004,2005,Hip,CompShg,VinylSd,VinylSd,BrkFace,262.0,274900
1Fam,1Story,5,6,1960,1960,Gable,CompShg,BrkFace,Wd Sdng,,0.0,155000
1Fam,1Story,8,5,2005,2006,Gable,CompShg,VinylSd,VinylSd,,0.0,423000
1Fam,1Story,5,7,1972,1972,Hip,CompShg,MetalSd,MetalSd,,0.0,128500
1Fam,2Story,9,5,2008,2008,Gable,CompShg,VinylSd,VinylSd,Stone,154.0,335000
1Fam,1Story,8,5,1994,1995,Gable,CompShg,ImStucc,ImStucc,,0.0,262000
1Fam,1Story,5,5,1965,1965,Hip,CompShg,HdBoard,HdBoard,,0.0,129500
1Fam,2Story,7,5,2001,2001,Gable,CompShg,VinylSd,VinylSd,BrkFace,180.0,222500
TwnhsE,1Story,8,5,1995,1996,Hip,CompShg,BrkFace,BrkFace,,0.0,270000
Twnhs,1Story,7,5,2007,2008,Gable,CompShg,VinylSd,VinylSd,Stone,166.0,207500
1Fam,2Story,6,6,1968,1968,Mansard,CompShg,HdBoard,AsphShn,BrkFace,365.0,175000
1Fam,2Story,7,5,1991,1991,Gable,CompShg,HdBoard,HdBoard,,0.0,238000
2fmCon,2Story,5,6,1912,2000,Gable,CompShg,VinylSd,VinylSd,,0.0,135900
TwnhsE,1Story,7,5,2009,2010,Gable,CompShg,VinylSd,VinylSd,Stone,128.0,224000
1Fam,SLvl,7,5,2000,2000,Gable,CompShg,VinylSd,VinylSd,,0.0,170000
1Fam,1Story,7,5,2004,2005,Gable,CompShg,VinylSd,VinylSd,,0.0,185000
1Fam,2Story,7,5,2003,2004,Gable,CompShg,VinylSd,VinylSd,,0.0,263000
1Fam,1Story,5,5,1965,1965,Gable,CompShg,MetalSd,MetalSd,,0.0,62383
1Fam,1Story,5,7,1958,1991,Gable,CompShg,Plywood,Plywood,BrkFace,85.0,150000
1Fam,SFoyer,5,5,1975,1981,Gable,CompShg,HdBoard,HdBoard,,0.0,171000
1Fam,1Story,5,6,1958,1992,Gable,CompShg,Wd Sdng,Wd Sdng,,0.0,139000
1Fam,1Story,3,8,1955,2005,Gable,CompShg,VinylSd,VinylSd,,0.0,126175
1Fam,2Story,7,6,2007,2007,Gable,CompShg,CemntBd,CmentBd,,,205950
1Fam,1.5Fin,6,8,1920,2000,Gable,CompShg,Wd Sdng,Wd Sdng,,0.0,110000
1Fam,2Story,9,5,2008,2009,Hip,CompShg,VinylSd,VinylSd,Stone,860.0,485000
1Fam,1Story,7,6,1970,1970,Hip,CompShg,Plywood,Plywood,BrkFace,288.0,174000
TwnhsE,SLvl,5,5,2005,2005,Gable,CompShg,VinylSd,VinylSd,BrkFace,80.0,145000
1Fam,2Story,7,5,2009,2009,Gable,CompShg,VinylSd,VinylSd,,0.0,215200
1Fam,1Story,9,5,2006,2006,Hip,CompShg,VinylSd,ImStucc,Stone,302.0,320000
1Fam,2Story,7,6,1996,1996,Gable,CompShg,VinylSd,VinylSd,,0.0,212000
1Fam,SLvl,6,5,1964,1964,Gable,WdShngl,Plywood,Wd Sdng,BrkFace,259.0,168500
1Fam,2Story,6,5,1992,1992,Gable,CompShg,Wd Sdng,Wd Sdng,,0.0,189000
1Fam,SLvl,5,6,1958,1987,Gable,CompShg,MetalSd,MetalSd,,0.0,140000
1Fam,2Story,6,5,1995,1996,Gable,CompShg,HdBoard,HdBoard,,0.0,187500
1Fam,2Story,7,5,2004,2005,Gable,CompShg,VinylSd,VinylSd,,0.0,254900
1Fam,1Story,5,7,1955,1955,Hip,CompShg,Wd Sdng,Wd Sdng,BrkFace,151.0,135000
1Fam,1Story,6,8,1969,1969,Gable,CompShg,HdBoard,HdBoard,,0.0,151000
1Fam,1Story,5,6,1957,1957,Hip,CompShg,BrkFace,BrkFace,,0.0,112500
1Fam,1.5Fin,7,6,1925,1950,Gable,CompShg,Wd Sdng,Wd Sdng,,0.0,184000
1Fam,2.5Fin,7,3,1920,1970,Gable,CompShg,Wd Sdng,Plywood,,0.0,197000
1Fam,1.5Fin,4,5,1957,1989,Gable,CompShg,Wd Sdng,Wd Sdng,,0.0,161500
1Fam,1Story,5,4,1910,2006,Hip,CompShg,MetalSd,Stucco,,0.0,85000
1Fam,1Story,7,5,2005,2007,Gable,CompShg,VinylSd,VinylSd,BrkFace,80.0,203000
1Fam,2Story,9,5,2005,2007,Hip,CompShg,VinylSd,VinylSd,BrkFace,245.0,325000
1Fam,2Story,9,5,2000,2000,Hip,CompShg,VinylSd,VinylSd,BrkFace,204.0,313000
1Fam,2Story,8,5,2002,2002,Gable,CompShg,VinylSd,VinylSd,,,237000
1Fam,2Story,6,6,1919,1950,Gambrel,CompShg,Wd Sdng,Wd Sdng,,0.0,180500
1Fam,1Story,5,6,1954,1954,Gable,CompShg,BrkFace,BrkFace,,0.0,137000
1Fam,1Story,5,6,1913,2002,Gable,CompShg,WdShing,Stucco,,0.0,90350
Duplex,1Story,6,5,1976,1976,Gable,CompShg,Plywood,Plywood,,0.0,150900
1Fam,1Story,7,5,1999,1999,Gable,CompShg,VinylSd,VinylSd,BrkFace,183.0,214000
1Fam,1Story,5,6,1957,1996,Hip,CompShg,Wd Sdng,Wd Sdng,BrkFace,180.0,121500
1Fam,2Story,10,5,1996,1996,Hip,CompShg,Wd Sdng,ImStucc,,0.0,745000
1Fam,2Story,7,6,1977,1977,Mansard,WdShake,WdShing,Plywood,,0.0,190000
TwnhsE,1Story,7,5,2005,2006,Gable,CompShg,VinylSd,VinylSd,BrkFace,16.0,181000
1Fam,1Story,5,3,1958,1958,Gable,CompShg,BrkComm,Brk Cmn,,0.0,60000
1Fam,1Story,9,5,2007,2007,Gable,CompShg,VinylSd,VinylSd,,0.0,239000
Duplex,SFoyer,6,5,1990,1990,Gable,CompShg,HdBoard,HdBoard,BrkFace,104.0,118500
1Fam,1Story,5,7,1950,1950,Hip,CompShg,Wd Sdng,Wd Sdng,,0.0,109500
1Fam,1Story,5,6,1975,1975,Hip,CompShg,HdBoard,HdBoard,,0.0,110000
1Fam,1.5Unf,6,6,1954,1954,Gable,CompShg,MetalSd,MetalSd,,0.0,105500
1Fam,2Story,7,5,1998,1999,Gable,CompShg,VinylSd,VinylSd,,0.0,199900
1Fam,1Story,7,7,1990,1991,Hip,CompShg,HdBoard,HdBoard,BrkFace,234.0,271900
2fmCon,1Story,5,4,1965,1965,Hip,CompShg,Plywood,HdBoard,,0.0,131500
1Fam,1.5Fin,5,5,1948,1950,Gable,CompShg,Wd Sdng,Wd Sdng,,0.0,135000
1Fam,1.5Fin,5,8,1900,1950,Gable,CompShg,MetalSd,MetalSd,,0.0,119000
1Fam,2Story,7,6,1986,1991,Gable,CompShg,Plywood,Plywood,BrkFace,123.0,215000
1Fam,1Story,5,6,1972,1972,Gable,CompShg,HdBoard,Plywood,,0.0,133500
1Fam,1.5Fin,6,7,1919,1990,Gable,CompShg,Wd Sdng,Wd Shng,,0.0,169000
1Fam,SFoyer,6,7,1963,1963,Gable,CompShg,MetalSd,MetalSd,BrkFace,156.0,137500
1Fam,1Story,5,5,2007,2007,Gable,CompShg,VinylSd,VinylSd,,0.0,147000
1Fam,1Story,7,5,2005,2005,Gable,CompShg,VinylSd,VinylSd,BrkFace,228.0,232000
1Fam,1Story,5,7,1965,1965,Hip,CompShg,MetalSd,MetalSd,BrkFace,168.0,156000
1Fam,1Story,5,5,1974,1975,Gable,CompShg,HdBoard,HdBoard,,0.0,170000
1Fam,1Story,4,5,1940,1950,Gable,CompShg,VinylSd,VinylSd,,0.0,82500
1Fam,2Story,7,9,1936,2007,Gable,CompShg,Wd Sdng,Wd Sdng,,0.0,155000
1Fam,2Story,8,5,2006,2007,Hip,CompShg,VinylSd,VinylSd,Stone,340.0,424870
TwnhsE,1Story,8,5,1995,1996,Gable,CompShg,CemntBd,CmentBd,,0.0,236500
1Fam,1Story,5,8,1976,2004,Gable,CompShg,Plywood,Plywood,,0.0,218000
1Fam,1Story,7,5,2000,2001,Gable,CompShg,VinylSd,VinylSd,BrkFace,171.0,213000
1Fam,1Story,8,5,2002,2002,Hip,CompShg,VinylSd,VinylSd,BrkFace,630.0,312500
1Fam,SLvl,6,7,1976,1994,Hip,CompShg,Plywood,Plywood,BrkFace,360.0,187000
1Fam,2Story,6,5,1999,1999,Gable,CompShg,VinylSd,VinylSd,,0.0,181000
1Fam,2Story,7,5,2004,2004,Gable,CompShg,VinylSd,VinylSd,,0.0,233000
1Fam,1.5Fin,5,6,1941,1950,Gable,CompShg,VinylSd,VinylSd,,0.0,95000
1Fam,1Story,3,6,1935,2003,Gable,CompShg,VinylSd,VinylSd,,0.0,52000
1Fam,1Story,6,5,1979,1998,Gable,CompShg,HdBoard,HdBoard,,0.0,181000
1Fam,1Story,9,5,2008,2009,Hip,CompShg,VinylSd,VinylSd,Stone,748.0,501837
1Fam,1Story,4,4,1971,1971,Gable,CompShg,HdBoard,HdBoard,,0.0,88000
1Fam,1Story,5,5,1985,1985,Gable,CompShg,HdBoard,Plywood,,0.0,112000
1Fam,1Story,5,7,1962,1980,Gable,CompShg,MetalSd,MetalSd,,0.0,140000
1Fam,1Story,6,5,1953,1953,Hip,CompShg,HdBoard,HdBoard,Stone,238.0,167000
1Fam,1Story,6,5,1960,1960,Hip,CompShg,Wd Sdng,Wd Sdng,BrkFace,175.0,145250
1Fam,1Story,6,6,1978,1988,Gable,CompShg,Plywood,Plywood,Stone,119.0,210000
1Fam,2Story,5,8,1904,2002,Gable,CompShg,MetalSd,MetalSd,,0.0,157500
1Fam,1Story,7,5,2005,2006,Gable,CompShg,VinylSd,VinylSd,BrkFace,196.0,212900
1Fam,1Story,5,6,1965,1965,Gable,CompShg,VinylSd,VinylSd,,0.0,117500
1Fam,1Story,7,5,2004,2004,Gable,CompShg,VinylSd,VinylSd,BrkFace,98.0,185500
1Fam,1.5Fin,3,2,1915,1982,Hip,CompShg,Plywood,Plywood,,0.0,85000
Duplex,1Story,5,5,1959,2005,Gable,CompShg,MetalSd,MetalSd,BrkFace,122.0,145000
1Fam,1Story,8,5,2006,2006,Gable,CompShg,VinylSd,VinylSd,Stone,250.0,255500
1Fam,2Story,5,6,1880,1991,Gable,CompShg,VinylSd,VinylSd,,0.0,124000
1Fam,1.5Fin,6,9,1937,2000,Gable,CompShg,MetalSd,MetalSd,,0.0,134900
1Fam,2Story,8,5,2000,2000,Gable,CompShg,VinylSd,VinylSd,BrkFace,40.0,230500
1Fam,1Story,4,6,1971,1971,Gable,CompShg,HdBoard,HdBoard,,0.0,110000
1Fam,2Story,8,5,2006,2006,Gable,CompShg,VinylSd,VinylSd,,0.0,233230
1Fam,2Story,7,7,1920,1950,Hip,CompShg,Wd Sdng,Wd Sdng,,0.0,157000
Duplex,1Story,5,5,1965,1965,Gable,CompShg,HdBoard,HdBoard,BrkFace,108.0,142600
Twnhs,2Story,7,5,2003,2004,Gable,CompShg,VinylSd,Wd Shng,Stone,106.0,154000
1Fam,2Story,7,5,2006,2006,Gable,CompShg,VinylSd,VinylSd,,0.0,179665
1Fam,1Story,6,5,1930,1950,Gable,CompShg,Wd Sdng,Wd Sdng,,0.0,91000
1Fam,2Story,7,7,1976,1976,Gable,CompShg,Plywood,Plywood,BrkFace,233.0,197900
1Fam,2Story,7,6,1976,1976,Hip,CompShg,Plywood,Plywood,BrkFace,660.0,205000
1Fam,2Story,8,7,1925,1996,Hip,CompShg,Stucco,Wd Shng,,0.0,161000
1Fam,SLvl,5,8,1977,1977,Gable,CompShg,HdBoard,HdBoard,BrkFace,220.0,149900
TwnhsE,1Story,7,5,2004,2004,Gable,CompShg,VinylSd,VinylSd,Stone,146.0,207000
TwnhsE,1Story,6,5,2004,2004,Gable,CompShg,VinylSd,VinylSd,BrkFace,169.0,143000
1Fam,2Story,8,5,2006,2006,Gable,CompShg,VinylSd,VinylSd,Stone,788.0,281000
1Fam,1Story,8,5,2008,2008,Hip,CompShg,VinylSd,VinylSd,Stone,464.0,372500
1Fam,2Story,7,5,2000,2000,Gable,CompShg,VinylSd,VinylSd,,0.0,235000
1Fam,2.5Unf,6,6,1916,1994,Gable,CompShg,Wd Sdng,Wd Shng,,0.0,214500
1Fam,2Story,7,5,1993,1993,Gable,CompShg,HdBoard,HdBoard,BrkFace,256.0,260000
1Fam,1Story,6,7,1957,1996,Gable,CompShg,MetalSd,MetalSd,,0.0,149700
1Fam,1Story,5,5,1983,1983,Gable,CompShg,HdBoard,HdBoard,,0.0,131000
1Fam,1Story,5,6,1962,1962,Hip,CompShg,HdBoard,Plywood,,0.0,144000
1Fam,1Story,6,5,1960,1960,Hip,CompShg,BrkFace,Plywood,Stone,112.0,215000
1Fam,SLvl,6,5,1962,1962,Gable,CompShg,Wd Sdng,Wd Sdng,BrkFace,399.0,176000
Duplex,1Story,5,5,1977,1977,Gable,CompShg,Plywood,Plywood,BrkFace,320.0,144000
1Fam,SLvl,6,7,1971,1971,Gable,CompShg,HdBoard,HdBoard,BrkFace,80.0,155000
1Fam,2Story,8,5,1995,1995,Gable,CompShg,VinylSd,VinylSd,BrkFace,513.0,290000
1Fam,2Story,8,5,1999,2000,Gable,CompShg,VinylSd,VinylSd,BrkFace,320.0,230000
1Fam,1Story,8,5,2006,2006,Hip,CompShg,VinylSd,VinylSd,Stone,420.0,290000
TwnhsE,1Story,9,5,1999,2000,Gable,CompShg,MetalSd,MetalSd,BrkFace,60.0,328900
1Fam,1Story,6,8,1961,1996,Hip,CompShg,HdBoard,HdBoard,,0.0,142000
1Fam,2Story,6,5,1997,1997,Gable,CompShg,VinylSd,VinylSd,,0.0,231500
1Fam,2Story,6,6,1972,1972,Gable,CompShg,HdBoard,Plywood,,0.0,162000
1Fam,1Story,5,5,1963,1963,Gable,CompShg,HdBoard,HdBoard,,0.0,133000
1Fam,1Story,10,5,2003,2003,Hip,CompShg,VinylSd,VinylSd,BrkFace,922.0,386250
1Fam,1Story,6,6,1925,1980,Gable,CompShg,MetalSd,MetalSd,,0.0,110500
1Fam,2Story,8,5,2007,2008,Gable,CompShg,VinylSd,VinylSd,Stone,100.0,339750
1Fam,1.5Unf,5,6,1941,1950,Gable,CompShg,MetalSd,MetalSd,,0.0,87000
1Fam,1Story,6,8,1950,2004,Gable,CompShg,HdBoard,HdBoard,,0.0,158500
1Fam,SFoyer,7,6,1974,1974,Gable,CompShg,Plywood,Plywood,BrkFace,81.0,170000
2fmCon,2Story,4,5,1930,1950,Hip,CompShg,VinylSd,Wd Shng,,0.0,55000
1Fam,2Story,5,5,1914,1950,Gable,CompShg,Wd Sdng,Wd Sdng,,0.0,138887
1Fam,SLvl,7,6,1968,1992,Gable,CompShg,MetalSd,MetalSd,BrkFace,143.0,170000
1Fam,1Story,7,5,2006,2006,Hip,CompShg,VinylSd,VinylSd,BrkFace,27.0,240000
Twnhs,2Story,7,5,2005,2005,Gable,CompShg,MetalSd,MetalSd,,0.0,147400
1Fam,1Story,7,8,1959,1997,Gable,CompShg,BrkFace,Wd Sdng,,0.0,289000
Duplex,1Story,5,5,1973,1973,Gable,CompShg,Plywood,Plywood,BrkFace,564.0,135000
1Fam,2Story,7,5,1915,1970,Gable,CompShg,Wd Sdng,Wd Shng,,0.0,140000
1Fam,2Story,9,5,1999,1999,Gable,CompShg,VinylSd,VinylSd,BrkFace,165.0,333168
1Fam,2Story,5,7,1942,1995,Gable,CompShg,MetalSd,MetalSd,Stone,224.0,146500
1Fam,2Story,8,5,2004,2004,Gable,CompShg,VinylSd,VinylSd,BrkFace,388.0,354000
1Fam,1.5Fin,5,5,1993,1995,Gable,CompShg,VinylSd,VinylSd,,0.0,143000
1Fam,1Story,8,5,2006,2006,Hip,CompShg,VinylSd,VinylSd,BrkFace,32.0,265900
1Fam,1Story,5,8,1965,1998,Hip,CompShg,MetalSd,MetalSd,BrkFace,166.0,146000
1Fam,1Story,6,5,1974,1974,Hip,CompShg,HdBoard,HdBoard,BrkFace,174.0,165000
Duplex,1Story,4,5,1955,1955,Gable,CompShg,AsbShng,Plywood,,0.0,82000
1Fam,1Story,7,5,1998,1999,Hip,CompShg,VinylSd,VinylSd,,0.0,213250
1Fam,1.5Fin,5,4,1900,1950,Gable,CompShg,Wd Sdng,Wd Sdng,,0.0,79000
1Fam,1Story,5,5,1967,1967,Gable,CompShg,MetalSd,MetalSd,BrkFace,196.0,143000
1Fam,2Story,6,8,1976,2005,Gable,CompShg,HdBoard,Plywood,BrkFace,289.0,130500
1Fam,2Story,8,5,2005,2005,Gable,CompShg,VinylSd,VinylSd,,0.0,239900
1Fam,2Story,6,7,1942,1950,Gable,CompShg,Wd Sdng,Wd Sdng,,0.0,177500
1Fam,2Story,7,5,1990,1990,Hip,CompShg,HdBoard,HdBoard,BrkFace,99.0,262280
1Fam,1Story,8,5,2006,2006,Hip,CompShg,VinylSd,VinylSd,Stone,410.0,227000
1Fam,1Story,6,6,1959,1959,Hip,CompShg,BrkFace,BrkFace,,0.0,159500
1Fam,1Story,6,5,1997,1997,Gable,CompShg,VinylSd,VinylSd,,0.0,217000
1Fam,1.5Fin,8,5,1995,1996,Hip,CompShg,VinylSd,VinylSd,BrkFace,579.0,410000
1Fam,SFoyer,5,5,1996,1996,Gable,CompShg,VinylSd,VinylSd,,0.0,148000
1Fam,2Story,7,7,1925,1990,Gable,CompShg,Wd Sdng,Wd Sdng,,0.0,178000
1Fam,1.5Fin,5,7,1930,1992,Gable,CompShg,MetalSd,MetalSd,,0.0,162900
1Fam,SLvl,7,5,1980,1980,Gable,CompShg,Plywood,Plywood,BrkFace,225.0,187500
1Fam,1.5Fin,6,7,1940,1985,Gable,CompShg,VinylSd,VinylSd,,0.0,160000
1Fam,2Story,8,5,2007,2007,Gable,CompShg,VinylSd,VinylSd,,0.0,212000
1Fam,1Story,6,5,1956,1956,Gable,CompShg,Wd Sdng,Wd Sdng,BrkFace,74.0,139000
1Fam,1Story,4,5,1949,2003,Gable,CompShg,VinylSd,VinylSd,,0.0,108000
1Fam,1Story,4,3,1957,1957,Gable,CompShg,Wd Sdng,Wd Sdng,,0.0,84000
1Fam,2Story,5,4,1969,1969,Gable,CompShg,HdBoard,HdBoard,BrkFace,232.0,172000
1Fam,1.5Fin,5,7,1924,1950,Gable,CompShg,AsbShng,AsbShng,,0.0,104900
1Fam,2Story,6,7,1910,1993,Gable,CompShg,VinylSd,VinylSd,,0.0,114504
Twnhs,2Story,6,6,1970,1970,Gable,CompShg,HdBoard,HdBoard,BrkFace,127.0,106000
1Fam,1Story,7,5,1990,1991,Hip,CompShg,HdBoard,HdBoard,,0.0,179900
1Fam,1Story,4,5,1951,1951,Gable,CompShg,Wd Sdng,Wd Sdng,,0.0,102000
1Fam,1Story,7,5,2004,2004,Gable,CompShg,VinylSd,VinylSd,BrkFace,210.0,190000
1Fam,2Story,8,5,1998,1998,Gable,CompShg,VinylSd,VinylSd,BrkFace,731.0,340000
1Fam,1Story,7,5,1970,1989,Gable,CompShg,Plywood,Plywood,BrkFace,287.0,180000
1Fam,1Story,7,5,2006,2006,Gable,CompShg,VinylSd,VinylSd,Stone,24.0,206000
1Fam,1.5Fin,5,5,1954,1954,Gable,CompShg,MetalSd,MetalSd,BrkFace,335.0,131500
Duplex,1Story,4,3,1977,1977,Gable,CompShg,MetalSd,MetalSd,,0.0,150000
1Fam,1Story,6,5,2009,2009,Gable,CompShg,VinylSd,VinylSd,,0.0,186000
1Fam,1.5Fin,7,7,1926,1950,Gable,CompShg,Wd Sdng,Wd Sdng,,0.0,116900
1Fam,2Story,8,9,1976,1996,Hip,CompShg,VinylSd,VinylSd,BrkFace,289.0,299800
1Fam,2Story,7,5,1998,1999,Gable,CompShg,VinylSd,VinylSd,,0.0,188000
1Fam,1Story,6,5,1963,1963,Hip,CompShg,HdBoard,HdBoard,BrkFace,451.0,143000
1Fam,1Story,5,5,1968,1968,Hip,CompShg,HdBoard,HdBoard,BrkFace,168.0,138500
1Fam,2Story,8,5,1991,1992,Hip,CompShg,HdBoard,HdBoard,BrkFace,284.0,260000
1Fam,1Story,4,6,1954,1954,Hip,CompShg,Wd Sdng,Wd Sdng,,0.0,119000
1Fam,2Story,7,8,1910,1993,Gable,CompShg,HdBoard,HdBoard,,0.0,167500
1Fam,1Story,4,7,1923,1958,Gable,CompShg,Wd Sdng,Wd Sdng,,0.0,85500
Twnhs,1Story,8,5,2006,2006,Gable,CompShg,VinylSd,VinylSd,Stone,108.0,209500
1Fam,2Story,6,5,1969,1969,Gable,CompShg,HdBoard,HdBoard,,0.0,206900
1Fam,1Story,5,7,1918,2007,Gable,CompShg,Wd Sdng,Wd Sdng,,0.0,112000
1Fam,2Story,6,5,2004,2004,Gable,CompShg,VinylSd,VinylSd,,0.0,193000
1Fam,1Story,6,7,1972,2006,Hip,CompShg,Plywood,Plywood,,0.0,197500
1Fam,1Story,6,6,1958,1988,Hip,CompShg,Wd Sdng,Wd Sdng,BrkCmn,183.0,139000
1Fam,1Story,5,7,1938,1950,Gable,CompShg,MetalSd,MetalSd,,0.0,119750
1Fam,SFoyer,7,5,2003,2003,Gable,CompShg,HdBoard,HdBoard,BrkFace,500.0,198500
1Fam,1Story,5,6,1977,1977,Gable,CompShg,Plywood,Plywood,BrkFace,153.0,135000
1Fam,2Story,7,5,2001,2002,Gable,CompShg,VinylSd,VinylSd,BrkFace,162.0,223500
1Fam,1Story,8,5,2004,2005,Gable,CompShg,VinylSd,VinylSd,Stone,186.0,307000
1Fam,1Story,6,6,1948,2002,Gable,CompShg,VinylSd,VinylSd,,0.0,132000
1Fam,1Story,5,6,1956,1987,Gable,CompShg,CemntBd,Wd Sdng,,0.0,168000
1Fam,2Story,8,5,2001,2002,Gable,CompShg,VinylSd,VinylSd,BrkFace,396.0,287000
1Fam,SLvl,7,6,1979,1979,Hip,CompShg,HdBoard,HdBoard,BrkFace,96.0,197000
1Fam,1Story,5,6,1957,1996,Gable,CompShg,HdBoard,HdBoard,BrkFace,64.0,134450
1Fam,1Story,5,5,1959,1959,Gable,CompShg,BrkFace,Wd Sdng,,0.0,133700
1Fam,1Story,8,5,2007,2008,Gable,CompShg,VinylSd,VinylSd,Stone,200.0,306000
1Fam,1Story,6,5,1976,1976,Gable,CompShg,Plywood,Plywood,BrkFace,160.0,180000
1Fam,1Story,8,5,2006,2006,Gable,CompShg,VinylSd,VinylSd,,0.0,232600
TwnhsE,1Story,7,5,2007,2007,Hip,CompShg,VinylSd,VinylSd,BrkFace,130.0,175900
1Fam,1Story,7,5,2001,2001,Gable,CompShg,VinylSd,VinylSd,,0.0,178000
1Fam,1Story,7,5,2002,2002,Gable,CompShg,VinylSd,VinylSd,BrkFace,110.0,227000
1Fam,2Story,6,5,1972,1972,Gable,CompShg,VinylSd,VinylSd,,288.0,165150
1Fam,2Story,5,6,1923,2004,Gable,CompShg,Wd Sdng,Wd Sdng,,0.0,223500
1Fam,2Story,6,5,2003,2003,Gable,CompShg,VinylSd,VinylSd,,0.0,207500
1Fam,1Story,8,5,2007,2007,Gable,CompShg,VinylSd,VinylSd,Stone,640.0,256300
1Fam,1Story,9,5,2005,2006,Hip,CompShg,VinylSd,VinylSd,Stone,200.0,377426
1Fam,2Story,7,5,2009,2009,Gable,CompShg,VinylSd,VinylSd,,0.0,224500
1Fam,1Story,8,5,2006,2006,Gable,CompShg,VinylSd,VinylSd,,0.0,249700
1Fam,1Story,4,7,1885,1995,Mansard,CompShg,VinylSd,VinylSd,,0.0,100000
1Fam,2Story,9,5,2005,2006,Hip,CompShg,CemntBd,CmentBd,BrkFace,870.0,437154
1Fam,1Story,6,5,1964,1964,Gable,CompShg,HdBoard,Plywood,BrkFace,272.0,180500
1Fam,1.5Unf,6,6,1916,1950,Gable,CompShg,Wd Sdng,Wd Sdng,,0.0,121000
1Fam,1Story,5,5,1995,1995,Gable,CompShg,VinylSd,VinylSd,,0.0,156000
1Fam,SLvl,6,5,1969,1969,Flat,Metal,Plywood,Plywood,,0.0,180000
1Fam,1Story,4,4,1966,1966,Gable,CompShg,HdBoard,HdBoard,,0.0,107000
1Fam,1Story,9,5,2006,2007,Gable,CompShg,VinylSd,VinylSd,Stone,160.0,377500
1Fam,2Story,7,5,1998,1998,Gable,CompShg,VinylSd,VinylSd,BrkFace,40.0,185000
1Fam,SLvl,5,6,1963,1999,Gable,CompShg,HdBoard,HdBoard,,0.0,175000
1Fam,2Story,7,5,2002,2002,Gable,CompShg,VinylSd,VinylSd,BrkFace,95.0,195000
TwnhsE,1Story,9,5,2005,2005,Hip,CompShg,MetalSd,MetalSd,BrkFace,412.0,319900
Duplex,1.5Fin,5,5,1977,1977,Shed,CompShg,Plywood,Plywood,,1.0,190000
1Fam,2Story,10,5,2007,2008,Hip,CompShg,CemntBd,CmentBd,Stone,762.0,184750
1Fam,1.5Unf,5,6,1924,1950,Gable,CompShg,MetalSd,MetalSd,,0.0,109500
1Fam,1Story,4,5,1961,1961,Gable,CompShg,VinylSd,VinylSd,,0.0,129000
1Fam,1Story,4,5,1963,1979,Gable,CompShg,HdBoard,HdBoard,BrkFace,51.0,148000
1Fam,2Story,6,5,1978,1978,Hip,CompShg,HdBoard,HdBoard,BrkCmn,328.0,158900
1Fam,1Story,1,3,1946,1950,Gable,CompShg,VinylSd,VinylSd,,0.0,39300
TwnhsE,2Story,7,5,2004,2005,Gable,CompShg,MetalSd,MetalSd,,0.0,151000
TwnhsE,1Story,7,5,2004,2004,Hip,CompShg,VinylSd,VinylSd,BrkFace,18.0,178740
Duplex,1Story,5,5,1967,1967,Gable,CompShg,Plywood,Plywood,,0.0,124000
1Fam,2Story,8,7,1929,1950,Gable,CompShg,BrkFace,Stucco,,0.0,230000
1Fam,1Story,6,7,1971,2004,Gable,CompShg,VinylSd,VinylSd,BrkFace,144.0,145000
1Fam,1Story,5,6,1967,1967,Gable,CompShg,HdBoard,Wd Sdng,BrkFace,75.0,125500
1Fam,1Story,6,5,2004,2004,Gable,CompShg,VinylSd,VinylSd,,0.0,158000
1Fam,1Story,5,7,1921,2006,Gable,CompShg,Wd Sdng,Wd Sdng,,0.0,163500
1Fam,2Story,6,5,1965,1979,Flat,Tar&Grv,Plywood,Plywood,BrkCmn,113.0,129000
1Fam,1Story,7,5,2007,2007,Gable,CompShg,VinylSd,VinylSd,Stone,82.0,194500
1Fam,1Story,5,7,1972,1972,Hip,CompShg,HdBoard,HdBoard,,0.0,127000
1Fam,2Story,7,6,1989,1989,Gable,CompShg,Plywood,Plywood,BrkFace,340.0,228500
1Fam,2Story,8,5,1998,1998,Gable,CompShg,VinylSd,VinylSd,BrkFace,530.0,280000
1Fam,2Story,7,9,1926,2004,Gambrel,CompShg,MetalSd,MetalSd,,0.0,234000
1Fam,2Story,6,5,1999,2000,Gable,CompShg,VinylSd,VinylSd,,0.0,175000
TwnhsE,1Story,6,5,1993,1994,Gable,CompShg,Plywood,Plywood,,0.0,193000
1Fam,1Story,5,6,1957,2006,Hip,CompShg,Wd Sdng,Wd Sdng,BrkFace,98.0,120000
1Fam,1Story,9,5,2009,2010,Hip,CompShg,VinylSd,VinylSd,Stone,450.0,395192
1Fam,1.5Fin,6,4,1954,1972,Gable,CompShg,Wd Sdng,Wd Sdng,,0.0,136900
1Fam,SFoyer,5,7,1983,1983,Gable,CompShg,HdBoard,HdBoard,,0.0,144000
Twnhs,2Story,7,5,2003,2003,Gable,CompShg,VinylSd,Wd Shng,Stone,106.0,175500
1Fam,1.5Fin,5,7,1947,1950,Gable,CompShg,AsbShng,AsbShng,,0.0,110000
1Fam,2Story,8,5,2002,2002,Gable,CompShg,CemntBd,CmentBd,,0.0,255900
Duplex,1Story,5,5,1963,1963,Gable,CompShg,Wd Sdng,Wd Sdng,,0.0,110000
1Fam,1.5Fin,7,5,1988,1988,Gable,CompShg,HdBoard,HdBoard,BrkFace,178.0,229000
1Fam,1.5Fin,5,6,1890,1996,Hip,CompShg,VinylSd,VinylSd,,0.0,124900
1Fam,2.5Unf,7,5,1941,1950,Gable,CompShg,MetalSd,MetalSd,,0.0,164000
1Fam,1Story,8,5,2005,2006,Gable,CompShg,VinylSd,VinylSd,Stone,366.0,257000
1Fam,1Story,8,5,2007,2007,Gable,CompShg,VinylSd,VinylSd,BrkFace,80.0,239000
1Fam,1.5Fin,7,5,2003,2003,Gable,CompShg,VinylSd,VinylSd,,0.0,200000
Duplex,1Story,7,5,1988,1989,Gable,CompShg,VinylSd,VinylSd,BrkFace,70.0,171000
1Fam,2Story,8,5,2003,2004,Hip,CompShg,VinylSd,VinylSd,BrkFace,340.0,285000
1Fam,2Story,6,6,1968,1968,Gable,CompShg,VinylSd,VinylSd,BrkFace,576.0,193500
TwnhsE,2Story,7,5,2005,2005,Gable,CompShg,MetalSd,MetalSd,,0.0,144152
1Fam,2Story,8,5,2003,2004,Hip,CompShg,VinylSd,VinylSd,BrkFace,768.0,250000
1Fam,2Story,8,5,2000,2000,Gable,CompShg,VinylSd,VinylSd,BrkFace,72.0,248000
1Fam,1Story,7,5,1971,2002,Gable,CompShg,Plywood,Plywood,Stone,351.0,302000
1Fam,1Story,9,5,2004,2005,Hip,CompShg,VinylSd,VinylSd,BrkFace,378.0,326000
2fmCon,1.5Fin,5,7,1940,1999,Gable,CompShg,Wd Sdng,Wd Sdng,,0.0,127500
1Fam,2Story,7,5,2003,2003,Gable,CompShg,VinylSd,VinylSd,BrkFace,101.0,180000
1Fam,1.5Fin,6,7,1920,1950,Gable,CompShg,MetalSd,MetalSd,,0.0,89500
1Fam,1Story,6,6,1966,2002,Gable,CompShg,BrkFace,Plywood,,0.0,190000
TwnhsE,1Story,8,5,1988,1989,Gable,CompShg,HdBoard,HdBoard,,0.0,189000
1Fam,2Story,6,5,1998,1998,Gable,CompShg,VinylSd,VinylSd,,0.0,192000
1Fam,1Story,4,5,1965,1965,Hip,CompShg,HdBoard,HdBoard,BrkFace,48.0,94750
1Fam,1Story,9,5,2007,2008,Hip,CompShg,CemntBd,CmentBd,Stone,340.0,320000
1Fam,1Story,5,5,1954,1954,Gable,CompShg,HdBoard,HdBoard,Stone,110.0,128000
1Fam,1Story,5,7,1961,1994,Gable,CompShg,HdBoard,Plywood,,0.0,135000
Duplex,1Story,5,5,1979,1979,Gable,CompShg,HdBoard,HdBoard,,0.0,118964
Twnhs,SFoyer,4,7,1972,1972,Gable,CompShg,CemntBd,CmentBd,,0.0,81000
TwnhsE,2Story,4,4,1970,1970,Gable,CompShg,CemntBd,CmentBd,,0.0,88000
1Fam,1Story,9,5,2006,2007,Hip,CompShg,VinylSd,VinylSd,Stone,300.0,325000
1Fam,1Story,5,6,1961,1961,Gable,CompShg,VinylSd,VinylSd,BrkFace,136.0,139950
1Fam,1Story,8,5,2006,2007,Gable,CompShg,VinylSd,VinylSd,BrkFace,428.0,147000
1Fam,1Story,7,5,2001,2002,Gable,CompShg,VinylSd,VinylSd,BrkFace,150.0,205000
1Fam,SLvl,5,5,1960,1960,Hip,CompShg,BrkFace,HdBoard,,0.0,127000
Twnhs,2Story,8,5,1999,2000,Gable,CompShg,MetalSd,MetalSd,BrkFace,456.0,174000
1Fam,1Story,7,5,1999,2000,Gable,CompShg,VinylSd,VinylSd,BrkFace,125.0,191000
TwnhsE,2Story,6,3,1971,1971,Gable,CompShg,HdBoard,HdBoard,BrkFace,604.0,89500
1Fam,1Story,4,6,1941,1950,Hip,CompShg,MetalSd,MetalSd,,0.0,113000
1Fam,2.5Fin,5,8,1939,1997,Gable,CompShg,Wd Sdng,Wd Sdng,,0.0,179500
1Fam,1Story,8,5,2004,2005,Gable,CompShg,CemntBd,CmentBd,Stone,246.0,305900
1Fam,1Story,5,5,2006,2007,Gable,CompShg,VinylSd,VinylSd,,0.0,155000
1Fam,1Story,5,5,1954,1954,Gable,CompShg,Wd Sdng,Wd Sdng,,0.0,93000
1Fam,1Story,6,7,1957,2004,Hip,CompShg,CemntBd,CmentBd,BrkFace,106.0,257500
1Fam,1.5Fin,6,7,1958,2006,Gable,CompShg,Wd Sdng,HdBoard,BrkCmn,472.0,277000
1Fam,2Story,7,5,1996,1997,Gable,CompShg,Wd Sdng,Wd Sdng,,0.0,328000
1Fam,2Story,6,6,1964,1978,Gable,CompShg,VinylSd,VinylSd,BrkCmn,272.0,165000
1Fam,1Story,4,6,1982,2006,Gable,CompShg,HdBoard,Plywood,,0.0,129500
1Fam,2Story,6,5,1997,1997,Gable,CompShg,VinylSd,VinylSd,,0.0,204750
1Fam,2.5Fin,6,7,1922,1994,Gable,CompShg,MetalSd,MetalSd,,0.0,191000
1Fam,1Story,5,5,1959,1959,Hip,CompShg,BrkFace,BrkFace,,0.0,165500
1Fam,2Story,6,5,2000,2000,Gable,CompShg,VinylSd,VinylSd,,0.0,173000
1Fam,1.5Fin,6,6,1937,1950,Gable,CompShg,MetalSd,MetalSd,,0.0,119500
1Fam,1Story,6,5,1956,1956,Hip,CompShg,Wd Sdng,Wd Sdng,,0.0,127500
1Fam,2Story,7,8,1890,1998,Gable,CompShg,Wd Sdng,VinylSd,,0.0,159500
1Fam,1.5Fin,5,8,1915,1950,Gable,CompShg,Wd Sdng,Wd Sdng,,0.0,153900
1Fam,1Story,5,7,1957,1957,Gable,CompShg,WdShing,Wd Shng,,0.0,129900
1Fam,1Story,7,5,1976,1976,Gable,CompShg,HdBoard,HdBoard,BrkFace,189.0,152000
1Fam,1Story,6,6,1970,1970,Hip,CompShg,HdBoard,HdBoard,BrkFace,571.0,185000
1Fam,1.5Fin,5,5,1948,2001,Gable,CompShg,Wd Sdng,Wd Sdng,,0.0,127000
1Fam,SLvl,7,5,1995,1996,Gable,CompShg,HdBoard,HdBoard,BrkFace,22.0,168500
1Fam,2Story,7,5,1996,1997,Gable,CompShg,MetalSd,MetalSd,,0.0,269790
1Fam,1Story,8,5,2007,2007,Gable,CompShg,VinylSd,VinylSd,Stone,468.0,245000
1Fam,1Story,4,6,1954,1994,Flat,Tar&Grv,Plywood,Plywood,,0.0,256000
1Fam,1.5Fin,4,4,1949,1950,Gable,CompShg,AsbShng,AsbShng,,0.0,135000
1Fam,2Story,4,2,1900,1950,Gable,CompShg,AsbShng,Stucco,,0.0,87000
1Fam,2Story,7,5,2006,2006,Gable,CompShg,VinylSd,VinylSd,,0.0,239799
1Fam,1Story,7,5,2007,2007,Gable,CompShg,VinylSd,VinylSd,,0.0,176485
1Fam,1.5Fin,6,8,1920,1950,Gable,CompShg,Stucco,Stucco,,0.0,116000
1Fam,1Story,9,5,2009,2009,Gable,CompShg,CemntBd,CmentBd,Stone,162.0,370878
1Fam,1Story,7,5,1995,1996,Gable,CompShg,HdBoard,HdBoard,BrkFace,38.0,176000
1Fam,1Story,6,5,1984,1985,Hip,CompShg,HdBoard,Plywood,,0.0,152000
1Fam,1Story,5,6,1971,2008,Gable,CompShg,VinylSd,VinylSd,,0.0,149900
1Fam,2Story,6,5,1995,1996,Gable,CompShg,MetalSd,MetalSd,,0.0,168000
1Fam,1Story,7,6,1979,1979,Shed,WdShake,Plywood,Plywood,,0.0,260000
1Fam,2Story,7,5,1999,1999,Gable,CompShg,VinylSd,VinylSd,BrkFace,298.0,214000
1Fam,SLvl,6,6,1958,1958,Gable,CompShg,HdBoard,HdBoard,BrkFace,541.0,137500
1Fam,1.5Fin,7,4,1931,1950,Gable,CompShg,Stucco,Stucco,BrkFace,600.0,169500
1Fam,1Story,4,5,1961,1961,Gable,CompShg,VinylSd,VinylSd,BrkCmn,192.0,118500
TwnhsE,2Story,6,4,1973,1973,Gable,CompShg,CemntBd,CmentBd,,0.0,151400
1Fam,2Story,6,5,2005,2006,Gable,CompShg,VinylSd,VinylSd,,0.0,173900
1Fam,1Story,8,6,1970,1970,Flat,Tar&Grv,Wd Sdng,Wd Sdng,,0.0,268000
TwnhsE,1Story,8,5,2006,2006,Gable,CompShg,VinylSd,VinylSd,Stone,178.0,202500
1Fam,1Story,6,5,2006,2006,Gable,CompShg,VinylSd,VinylSd,Stone,68.0,185000
1Fam,2Story,7,5,2002,2003,Gable,CompShg,VinylSd,VinylSd,BrkFace,44.0,214900
1Fam,1Story,8,5,2007,2007,Hip,CompShg,VinylSd,VinylSd,BrkFace,254.0,318000
1Fam,1Story,4,6,1971,1971,Gable,CompShg,HdBoard,HdBoard,,0.0,97000
Twnhs,2Story,6,5,2004,2006,Gable,CompShg,VinylSd,VinylSd,Stone,50.0,130000
1Fam,1.5Fin,4,4,1920,2007,Gable,CompShg,VinylSd,VinylSd,,0.0,104900
1Fam,1Story,5,6,1953,1953,Gable,CompShg,MetalSd,MetalSd,,0.0,123000
1Fam,2Story,7,5,1990,1990,Hip,CompShg,Plywood,Plywood,,0.0,320000
1Fam,2Story,6,7,1914,2006,Gable,CompShg,Wd Sdng,Wd Sdng,,0.0,127000
1Fam,1Story,3,2,1940,1966,Gable,CompShg,Wd Sdng,Plywood,,0.0,76500
1Fam,SFoyer,5,7,1972,2007,Gable,CompShg,HdBoard,Wd Shng,,0.0,133000
2fmCon,1.5Unf,5,6,1939,1950,Gable,CompShg,MetalSd,MetalSd,,0.0,118000
1Fam,1.5Fin,3,7,1948,2002,Gable,CompShg,MetalSd,MetalSd,,0.0,120000
1Fam,2Story,7,5,2007,2007,Hip,CompShg,VinylSd,VinylSd,,0.0,179540
1Fam,2Story,7,5,1999,1999,Gable,CompShg,VinylSd,VinylSd,BrkFace,302.0,230000
TwnhsE,1Story,6,5,2003,2003,Gable,CompShg,VinylSd,VinylSd,BrkFace,170.0,140000
1Fam,2Story,10,5,2007,2008,Gable,CompShg,VinylSd,VinylSd,Stone,272.0,426000
1Fam,1.5Fin,5,8,1925,1997,Gable,CompShg,Wd Sdng,Wd Sdng,,0.0,117000
1Fam,2Story,6,7,1935,1986,Hip,CompShg,Stucco,Stucco,,0.0,235000
1Fam,1.5Fin,4,6,1920,1950,Gable,CompShg,MetalSd,MetalSd,,0.0,108000
1Fam,2Story,10,5,2008,2008,Hip,ClyTile,Stucco,Stucco,Stone,796.0,160000
1Fam,1Story,5,5,1958,1983,Hip,CompShg,HdBoard,HdBoard,,0.0,144000
1Fam,2Story,8,5,2009,2009,Gable,CompShg,VinylSd,VinylSd,Stone,110.0,263435
1Fam,1.5Fin,4,6,1954,1972,Gable,CompShg,MetalSd,MetalSd,,0.0,135000
1Fam,1Story,7,7,1968,2003,Hip,CompShg,BrkFace,HdBoard,,0.0,262500
Duplex,1Story,5,5,1963,1963,Gable,CompShg,HdBoard,HdBoard,BrkFace,336.0,125000
1Fam,2Story,7,5,2005,2005,Gable,CompShg,VinylSd,VinylSd,,0.0,226700
1Fam,1Story,5,5,1956,1956,Hip,CompShg,MetalSd,MetalSd,BrkFace,120.0,135000
1Fam,2Story,7,5,2004,2004,Gable,CompShg,VinylSd,VinylSd,,0.0,190000
1Fam,2Story,8,5,1872,1987,Gable,CompShg,MetalSd,MetalSd,,0.0,122000
1Fam,SLvl,7,5,2003,2003,Gable,CompShg,VinylSd,VinylSd,BrkFace,442.0,187500
1Fam,1Story,8,5,2001,2002,Gable,CompShg,VinylSd,VinylSd,BrkFace,479.0,272000
1Fam,1.5Fin,5,5,1958,1958,Gable,CompShg,MetalSd,MetalSd,,0.0,172500
1Fam,2Story,4,7,1910,1950,Gable,CompShg,VinylSd,VinylSd,,0.0,125500
1Fam,1Story,5,7,1952,1952,Gable,CompShg,Wd Sdng,Wd Sdng,,0.0,123500
1Fam,1Story,7,5,2006,2006,Gable,CompShg,VinylSd,VinylSd,,0.0,193879
1Fam,1.5Fin,5,5,1930,1950,Gable,CompShg,Wd Sdng,Wd Sdng,,0.0,87000
1Fam,SLvl,8,5,2002,2002,Hip,CompShg,VinylSd,VinylSd,,0.0,184100
1Fam,1Story,6,7,1981,1981,Gable,CompShg,MetalSd,MetalSd,BrkFace,310.0,182900
1Fam,1Story,5,5,2006,2006,Gable,CompShg,VinylSd,VinylSd,,0.0,84500
1Fam,2Story,7,6,1973,1973,Gable,CompShg,HdBoard,HdBoard,Stone,240.0,200000
1Fam,2Story,7,5,2003,2003,Gable,CompShg,VinylSd,VinylSd,,0.0,183000
1Fam,1Story,6,5,1994,1998,Gable,CompShg,HdBoard,HdBoard,BrkFace,258.0,193500
1Fam,1.5Fin,6,6,1941,1950,Gable,CompShg,Wd Sdng,Wd Sdng,,0.0,131000
TwnhsE,1Story,5,5,1976,1976,Gable,CompShg,CemntBd,CmentBd,,0.0,134000
1Fam,SFoyer,5,6,1978,1978,Gable,CompShg,Plywood,Plywood,BrkFace,104.0,165500
2fmCon,1Story,5,5,1950,1950,Gable,CompShg,MetalSd,MetalSd,,0.0,125000
1Fam,2Story,5,5,1920,1950,Gable,CompShg,Wd Sdng,Wd Shng,,0.0,78000
1Fam,1Story,7,5,2004,2004,Gable,CompShg,VinylSd,VinylSd,BrkFace,106.0,179600
1Fam,1Story,5,7,1967,2003,Gable,CompShg,VinylSd,VinylSd,,0.0,130000
1Fam,2Story,8,5,2005,2006,Gable,CompShg,VinylSd,VinylSd,,0.0,252000
1Fam,2Story,7,5,2001,2001,Gable,CompShg,VinylSd,VinylSd,BrkFace,172.0,231500
2fmCon,1.5Fin,4,4,1941,1950,Gable,CompShg,MetalSd,MetalSd,,0.0,80000
TwnhsE,1Story,6,5,1984,1984,Gable,CompShg,Plywood,Plywood,,0.0,125000
1Fam,2Story,7,6,1940,1984,Gable,CompShg,Wd Sdng,Wd Sdng,,0.0,219500
1Fam,2Story,6,5,1992,1993,Gable,CompShg,VinylSd,VinylSd,,0.0,178000
1Fam,1.5Fin,5,4,1952,1952,Gable,CompShg,BrkFace,Wd Sdng,,0.0,166000
1Fam,1Story,7,5,2005,2005,Gable,CompShg,VinylSd,VinylSd,,0.0,176000
1Fam,2Story,7,5,2006,2006,Gable,CompShg,VinylSd,VinylSd,,0.0,274725
1Fam,1Story,6,5,1977,1977,Gable,CompShg,Plywood,Plywood,BrkFace,360.0,167900
Twnhs,2Story,7,5,1999,2000,Gable,CompShg,MetalSd,MetalSd,BrkFace,212.0,160000
1Fam,1.5Fin,6,7,1916,1950,Gable,CompShg,Stucco,Stucco,,0.0,136000
1Fam,1Story,10,5,2008,2008,Hip,CompShg,VinylSd,VinylSd,Stone,200.0,555000
1Fam,2Story,6,8,1920,1999,Gable,CompShg,Wd Sdng,Wd Sdng,,0.0,128000
1Fam,2Story,10,5,1995,1996,Hip,CompShg,HdBoard,HdBoard,BrkFace,1378.0,625000
1Fam,2Story,7,5,1995,1995,Gable,CompShg,VinylSd,VinylSd,BrkFace,290.0,290000
1Fam,1Story,3,3,1952,1952,Flat,Tar&Grv,BrkComm,Brk Cmn,,0.0,82000
1Fam,1Story,5,5,1967,1967,Gable,CompShg,HdBoard,HdBoard,,0.0,125000
1Fam,2Story,7,5,2005,2006,Gable,CompShg,VinylSd,VinylSd,,0.0,186500
1Fam,1Story,4,5,1954,1954,Hip,CompShg,Wd Sdng,Wd Sdng,BrkFace,132.0,111000
1Fam,2Story,7,5,2009,2009,Gable,CompShg,VinylSd,VinylSd,,0.0,252678
1Fam,2Story,5,6,1910,1981,Gable,CompShg,Wd Sdng,Wd Sdng,,0.0,110000
1Fam,1Story,7,5,2004,2005,Gable,CompShg,VinylSd,VinylSd,BrkFace,120.0,141000
1Fam,1.5Fin,5,7,1918,1950,Gable,CompShg,Stucco,Stucco,,0.0,116000
1Fam,2Story,6,6,1964,1964,Gable,CompShg,HdBoard,HdBoard,BrkFace,360.0,167900
1Fam,2Story,7,5,1993,1994,Gable,CompShg,MetalSd,MetalSd,BrkFace,246.0,236000
1Fam,2Story,6,6,1925,1950,Gambrel,CompShg,Wd Sdng,Wd Sdng,,0.0,103600
1Fam,SLvl,7,5,1992,1992,Gable,CompShg,HdBoard,HdBoard,BrkFace,170.0,163900
1Fam,1.5Unf,5,6,1922,1950,Gable,CompShg,MetalSd,MetalSd,,0.0,113000
1Fam,1Story,7,5,2007,2008,Gable,CompShg,VinylSd,VinylSd,,0.0,250580
1Fam,1Story,8,5,2001,2002,Gable,CompShg,VinylSd,VinylSd,BrkFace,136.0,220000
1Fam,1Story,5,5,1994,1994,Gable,CompShg,VinylSd,VinylSd,,0.0,126000
1Fam,1.5Fin,6,7,1940,1950,Gable,CompShg,VinylSd,VinylSd,,0.0,139500
1Fam,2Story,7,5,2006,2006,Gable,CompShg,VinylSd,VinylSd,BrkFace,350.0,280000
1Fam,1Story,7,5,2007,2007,Gable,CompShg,VinylSd,VinylSd,BrkFace,16.0,159895
1Fam,1Story,6,5,2009,2009,Gable,CompShg,VinylSd,VinylSd,,0.0,208300
1Fam,1Story,6,5,1950,1950,Gable,CompShg,BrkFace,BrkFace,,0.0,124000
TwnhsE,2Story,6,5,1974,1974,Gable,CompShg,Plywood,Brk Cmn,,0.0,147000
1Fam,1.5Fin,6,8,1910,2003,Hip,CompShg,VinylSd,VinylSd,,0.0,117000
1Fam,1Story,6,5,1960,1960,Gable,CompShg,Wd Sdng,Wd Sdng,BrkFace,30.0,157500
1Fam,1.5Fin,5,3,1910,1996,Gambrel,CompShg,Wd Sdng,VinylSd,,0.0,81000
1Fam,2Story,7,5,2003,2003,Gable,CompShg,VinylSd,VinylSd,BrkFace,196.0,208500
1Fam,SFoyer,6,6,1978,1978,Gable,CompShg,VinylSd,VinylSd,,0.0,156000
1Fam,2Story,5,5,1967,1967,Flat,Tar&Grv,Plywood,Plywood,,0.0,185000
1Fam,SLvl,5,5,2006,2007,Gable,CompShg,VinylSd,VinylSd,,0.0,167500
1Fam,1Story,5,6,1963,1963,Hip,CompShg,HdBoard,HdBoard,,0.0,132500
1Fam,SLvl,6,5,1976,1976,Gable,CompShg,HdBoard,HdBoard,BrkFace,335.0,169900
1Fam,2Story,7,5,2004,2004,Gable,CompShg,VinylSd,VinylSd,,0.0,196500
2fmCon,1.5Fin,5,4,1954,1954,Gable,CompShg,Wd Sdng,Wd Sdng,,0.0,93000
1Fam,SLvl,6,7,1959,2006,Gable,CompShg,Plywood,Plywood,BrkFace,84.0,177000
1Fam,1Story,5,5,1960,1960,Gable,CompShg,MetalSd,HdBoard,BrkFace,324.0,167500
1Fam,2Story,6,5,2005,2005,Gable,CompShg,VinylSd,VinylSd,,0.0,174000
TwnhsE,2Story,7,7,1987,1987,Gable,CompShg,HdBoard,HdBoard,,0.0,239000
1Fam,1Story,6,8,1930,2005,Hip,CompShg,Wd Sdng,Wd Sdng,,0.0,110000
2fmCon,1.5Fin,6,8,1935,1982,Gable,CompShg,Wd Sdng,Wd Sdng,,0.0,84500
1Fam,1Story,7,7,1960,2007,Flat,Tar&Grv,Wd Sdng,Wd Sdng,,0.0,242000
1Fam,SLvl,6,5,1988,1989,Gable,CompShg,HdBoard,HdBoard,BrkFace,219.0,175000
1Fam,2Story,6,5,1994,1995,Gable,CompShg,HdBoard,HdBoard,,0.0,174000
2fmCon,1Story,4,5,1970,1970,Gable,CompShg,HdBoard,HdBoard,BrkFace,160.0,129000
1Fam,1Story,4,5,1950,1950,Gable,CompShg,BrkFace,Wd Sdng,,0.0,109900
Duplex,1Story,4,5,1949,1950,Gable,CompShg,BrkFace,Stone,,0.0,90000
1Fam,2Story,7,6,1920,1950,Gable,CompShg,Stucco,Stucco,,0.0,200100
1Fam,2Story,8,5,2007,2007,Gable,CompShg,CemntBd,CmentBd,,0.0,303477
1Fam,1Story,5,4,1959,1959,Gable,CompShg,HdBoard,Plywood,BrkFace,132.0,149900
1Fam,1.5Fin,5,6,1915,1950,Gable,CompShg,MetalSd,MetalSd,,0.0,139000
1Fam,2Story,7,5,1993,1993,Gable,CompShg,VinylSd,VinylSd,,0.0,228000
TwnhsE,1Story,8,5,2006,2007,Hip,CompShg,VinylSd,VinylSd,Stone,481.0,235000
1Fam,1.5Fin,7,4,1953,1953,Gable,CompShg,BrkFace,AsbShng,,0.0,225000
1Fam,2Story,9,5,2008,2009,Hip,CompShg,VinylSd,VinylSd,Stone,424.0,582933
1Fam,2Story,6,5,2000,2000,Gable,CompShg,VinylSd,VinylSd,BrkFace,40.0,244000
2fmCon,1Story,5,5,1953,1953,Hip,CompShg,MetalSd,MetalSd,BrkFace,56.0,157000
1Fam,1Story,4,5,1954,1954,Gable,CompShg,MetalSd,MetalSd,,0.0,110000
TwnhsE,1Story,8,5,1993,1993,Gable,CompShg,BrkFace,BrkFace,,0.0,324000
1Fam,2Story,7,5,1994,1994,Gable,CompShg,VinylSd,VinylSd,BrkFace,448.0,271000
1Fam,1Story,6,6,1964,1964,Hip,CompShg,HdBoard,HdBoard,BrkFace,425.0,160000
1Fam,1Story,5,7,1958,1985,Gable,CompShg,MetalSd,MetalSd,,0.0,120000
1Fam,1.5Fin,3,6,1910,1950,Gable,CompShg,VinylSd,VinylSd,,0.0,37900
1Fam,2Story,7,6,2003,2003,Gable,CompShg,VinylSd,VinylSd,BrkFace,223.0,237000
1Fam,2Story,6,5,1976,1976,Gable,CompShg,HdBoard,HdBoard,BrkFace,120.0,190000
1Fam,1Story,4,5,1920,1950,Gable,CompShg,Wd Sdng,Wd Sdng,,0.0,34900
1Fam,1Story,9,5,2004,2005,Hip,CompShg,VinylSd,VinylSd,BrkFace,66.0,315000
1Fam,1Story,7,7,1984,1998,Gable,CompShg,Wd Sdng,Wd Sdng,,0.0,202500
1Fam,1Story,6,7,1977,2000,Gable,CompShg,CemntBd,CmentBd,Stone,126.0,215000
1Fam,1Story,6,7,1926,2004,Gable,CompShg,MetalSd,MetalSd,,0.0,152000
1Fam,1Story,5,6,1957,1997,Gable,CompShg,MetalSd,MetalSd,,0.0,207500
1Fam,SLvl,6,6,1972,1972,Gable,CompShg,HdBoard,HdBoard,BrkFace,333.0,158000
Twnhs,2Story,7,5,2004,2004,Gable,CompShg,VinylSd,VinylSd,Stone,50.0,130000
1Fam,1Story,7,5,1968,1968,Hip,CompShg,BrkFace,BrkFace,,0.0,244000
1Fam,1Story,3,6,1931,2006,Gable,CompShg,MetalSd,MetalSd,,0.0,79000
1Fam,1Story,4,4,1922,1950,Gable,CompShg,AsbShng,AsbShng,,0.0,55000
1Fam,1Story,8,6,1981,1981,Hip,WdShake,Plywood,Plywood,BrkFace,653.0,228000
1Fam,2Story,8,5,2007,2007,Gable,CompShg,VinylSd,VinylSd,Stone,300.0,325624
1Fam,2Story,7,5,1996,1996,Gable,CompShg,VinylSd,VinylSd,,0.0,191000
1Fam,1Story,6,5,1961,1961,Gable,CompShg,WdShing,Wd Shng,BrkCmn,491.0,163000
1Fam,2Story,6,5,1998,1998,Gable,CompShg,VinylSd,VinylSd,,0.0,211000
TwnhsE,1Story,8,5,2008,2008,Hip,CompShg,CemntBd,CmentBd,Stone,186.0,392500
1Fam,2Story,7,9,1920,1988,Hip,CompShg,VinylSd,VinylSd,,0.0,143000
1Fam,1Story,5,7,1925,1950,Gable,CompShg,MetalSd,MetalSd,,0.0,88000
1Fam,1.5Fin,6,7,1941,1950,Gable,CompShg,Wd Sdng,Wd Sdng,,0.0,133000
1Fam,1Story,5,7,1954,2003,Gable,CompShg,Wd Sdng,Wd Sdng,BrkFace,104.0,144900
Twnhs,2Story,6,5,1971,1971,Gable,CompShg,CemntBd,CmentBd,BrkFace,236.0,91500
1Fam,SFoyer,5,6,1982,1982,Hip,CompShg,HdBoard,HdBoard,,0.0,137000
1Fam,1.5Fin,4,7,1910,2004,Gable,CompShg,Wd Sdng,Wd Sdng,,0.0,96500
1Fam,2Story,7,6,1931,2000,Gable,CompShg,Stucco,Wd Shng,,0.0,149000
1Fam,SLvl,6,7,1966,1966,Gable,CompShg,HdBoard,HdBoard,BrkFace,183.0,174900
1Fam,2Story,6,5,2002,2002,Gable,CompShg,VinylSd,VinylSd,,,216500
1Fam,2Story,7,5,1998,1999,Gable,CompShg,VinylSd,VinylSd,BrkFace,202.0,222500
1Fam,2Story,6,7,1977,1977,Gable,CompShg,HdBoard,HdBoard,BrkFace,153.0,161750
1Fam,1Story,7,5,2005,2005,Gable,CompShg,VinylSd,VinylSd,BrkFace,226.0,220000
1Fam,1Story,5,6,1959,2002,Gable,CompShg,MetalSd,MetalSd,,0.0,150750
1Fam,1.5Fin,4,6,1936,1950,Gable,CompShg,MetalSd,MetalSd,,0.0,128000
1Fam,2Story,6,6,1975,1975,Gable,CompShg,VinylSd,VinylSd,,0.0,179900
1Fam,2Story,8,5,1990,1990,Gable,CompShg,Wd Sdng,Wd Sdng,BrkFace,336.0,302000
1Fam,2.5Fin,10,9,1892,1993,Gable,WdShngl,Wd Sdng,Wd Sdng,,0.0,475000
1Fam,1Story,5,6,1959,1959,Gable,CompShg,VinylSd,VinylSd,,0.0,170000
1Fam,2Story,7,5,1989,1990,Hip,CompShg,MetalSd,MetalSd,BrkFace,293.0,335000
1Fam,1.5Fin,5,7,1919,2005,Gable,CompShg,CemntBd,CmentBd,,0.0,115000
1Fam,1Story,5,7,1953,2007,Gable,CompShg,VinylSd,VinylSd,,0.0,109000
1Fam,1.5Fin,8,8,1983,2009,Gable,CompShg,Wd Sdng,Wd Sdng,,0.0,316600
1Fam,1Story,8,5,2002,2003,Hip,CompShg,VinylSd,VinylSd,BrkFace,236.0,270000
1Fam,1Story,5,5,1959,1959,Hip,CompShg,Plywood,Plywood,BrkFace,180.0,142000
1Fam,1Story,8,5,2007,2007,Gable,CompShg,VinylSd,VinylSd,Stone,84.0,282922
Twnhs,1Story,6,5,1998,1998,Hip,CompShg,VinylSd,VinylSd,BrkFace,116.0,164000
1Fam,1Story,8,5,2006,2006,Gable,CompShg,VinylSd,VinylSd,Stone,248.0,250000
1Fam,1.5Fin,5,7,1949,2006,Gable,CompShg,MetalSd,MetalSd,,0.0,122900
1Fam,1Story,5,8,1968,2001,Gable,CompShg,Plywood,Plywood,,0.0,154000
TwnhsE,2Story,6,6,1976,1976,Gable,CompShg,Plywood,Brk Cmn,,0.0,155000
1Fam,1Story,2,5,1920,1950,Gable,CompShg,Wd Sdng,Wd Sdng,,0.0,60000
1Fam,1Story,4,6,1945,1950,Gable,CompShg,MetalSd,MetalSd,,0.0,80000
1Fam,1Story,5,5,1967,1967,Gable,CompShg,HdBoard,HdBoard,BrkFace,60.0,100000
Duplex,SLvl,5,6,1962,1962,Hip,CompShg,Wd Sdng,Wd Sdng,BrkFace,120.0,132500
1Fam,1Story,6,5,1963,1963,Gable,CompShg,Plywood,Plywood,BrkFace,247.0,159000
Duplex,2Story,5,5,1952,1952,Hip,CompShg,Wd Sdng,Wd Sdng,BrkFace,360.0,124500
TwnhsE,1Story,6,5,2003,2003,Gable,CompShg,VinylSd,VinylSd,BrkFace,170.0,131500
1Fam,1Story,7,5,1990,1990,Hip,CompShg,HdBoard,HdBoard,BrkFace,54.0,180000
1Fam,1.5Unf,6,3,1928,1950,Gable,CompShg,Wd Sdng,Wd Sdng,,0.0,76000
1Fam,1Story,5,5,1968,1968,Gable,CompShg,Plywood,Plywood,,0.0,108000
1Fam,1Story,5,6,1973,2000,Gable,CompShg,HdBoard,HdBoard,,0.0,157000
1Fam,2Story,7,5,1999,1999,Gable,CompShg,VinylSd,VinylSd,,344.0,225000
Duplex,1Story,5,5,1976,1976,Gable,CompShg,Plywood,Plywood,,0.0,188000
1Fam,1Story,5,5,1925,2004,Gable,CompShg,Wd Sdng,Wd Sdng,,0.0,73000
Twnhs,SLvl,4,5,1973,1973,Gable,CompShg,CemntBd,CmentBd,,0.0,91000
TwnhsE,2Story,6,5,2009,2009,Gable,CompShg,VinylSd,VinylSd,Stone,76.0,173733
Twnhs,2Story,6,5,1972,1972,Gable,CompShg,HdBoard,HdBoard,BrkFace,297.0,94500
1Fam,2Story,7,5,1994,1995,Gable,CompShg,VinylSd,VinylSd,,0.0,210000
1Fam,1Story,5,6,1956,1956,Gable,CompShg,Wd Sdng,Wd Sdng,,0.0,129000
1Fam,SLvl,6,6,1978,1978,Gable,CompShg,HdBoard,HdBoard,BrkFace,233.0,148000
1Fam,2Story,6,5,1988,1989,Gable,CompShg,Plywood,Plywood,BrkFace,268.0,211000
1Fam,1Story,5,5,2004,2004,Gable,CompShg,VinylSd,VinylSd,,0.0,159000
1Fam,SLvl,6,5,1967,1976,Gable,CompShg,HdBoard,HdBoard,BrkFace,359.0,197900
Twnhs,2Story,6,7,1972,1972,Gable,CompShg,HdBoard,HdBoard,BrkFace,281.0,118000
1Fam,1Story,4,4,1950,1950,Gable,CompShg,Wd Sdng,AsbShng,,0.0,82000
TwnhsE,1Story,8,5,1986,1986,Gable,CompShg,HdBoard,HdBoard,,0.0,170000
1Fam,1Story,5,8,1978,2005,Gable,CompShg,VinylSd,VinylSd,BrkFace,90.0,136500
1Fam,1Story,8,5,2005,2006,Gable,CompShg,VinylSd,Other,BrkFace,238.0,319000
1Fam,2.5Unf,5,7,1920,1996,Gable,CompShg,MetalSd,MetalSd,,0.0,101000
1Fam,1Story,5,8,1965,2008,Gable,CompShg,VinylSd,VinylSd,BrkFace,300.0,147000
1Fam,2Story,8,7,1999,2007,Gable,CompShg,VinylSd,VinylSd,BrkFace,348.0,290000
1Fam,1Story,5,5,1984,1985,Gable,CompShg,HdBoard,Plywood,,0.0,119500
1Fam,1Story,5,7,1953,1996,Gable,CompShg,WdShing,Wd Shng,,0.0,116000
Duplex,1Story,3,4,1950,1950,Gable,CompShg,BrkFace,BrkFace,,0.0,92900
1Fam,1.5Fin,4,6,1920,1950,Gable,CompShg,CBlock,CBlock,,0.0,105000
1Fam,1Story,9,5,2006,2007,Gable,CompShg,CemntBd,CmentBd,BrkFace,315.0,415298
1Fam,2Story,7,5,2004,2005,Gable,CompShg,VinylSd,VinylSd,,0.0,215000
1Fam,1.5Fin,5,6,1936,1950,Gable,CompShg,Wd Sdng,Wd Sdng,,0.0,141500
1Fam,1Story,5,6,1954,1954,Gable,CompShg,HdBoard,HdBoard,BrkFace,200.0,132000
1Fam,1Story,4,4,1920,1950,Hip,CompShg,MetalSd,MetalSd,,0.0,108500
1Fam,1Story,5,5,1994,1995,Gable,CompShg,VinylSd,VinylSd,,0.0,145000
1Fam,2.5Unf,7,7,1914,1970,Gable,CompShg,Wd Sdng,Wd Sdng,,0.0,163000
1Fam,1.5Fin,6,8,1950,2005,Gable,CompShg,VinylSd,VinylSd,,0.0,140000
1Fam,1Story,6,3,1968,1968,Hip,CompShg,Wd Sdng,Wd Sdng,BrkFace,216.0,110000
1Fam,1.5Fin,6,6,1939,1950,Gable,CompShg,MetalSd,MetalSd,,0.0,132500
1Fam,1Story,8,5,2008,2008,Gable,CompShg,VinylSd,VinylSd,Stone,270.0,295493
TwnhsE,1Story,7,5,2006,2007,Gable,CompShg,VinylSd,VinylSd,,,199900
1Fam,SFoyer,5,7,1970,1970,Gable,CompShg,VinylSd,VinylSd,,0.0,129500
1Fam,1Story,6,7,1954,2006,Hip,CompShg,HdBoard,HdBoard,BrkFace,72.0,224000
1Fam,1Story,8,6,2007,2007,Gable,CompShg,MetalSd,MetalSd,BrkFace,0.0,392000
Duplex,1Story,5,5,1987,1988,Gable,CompShg,Plywood,Plywood,,0.0,179000
1Fam,2Story,7,9,1972,2004,Gable,CompShg,HdBoard,HdBoard,BrkFace,138.0,184000
1Fam,1Story,6,8,1958,2002,Hip,CompShg,MetalSd,MetalSd,,0.0,176500
1Fam,2Story,5,5,1916,1950,Gable,CompShg,AsbShng,AsbShng,,0.0,98000
1Fam,2Story,5,6,1948,1950,Gable,CompShg,Plywood,Plywood,,0.0,169000
1Fam,1Story,4,5,1941,1950,Gable,CompShg,WdShing,Wd Shng,,0.0,100000
Twnhs,2Story,6,6,1978,1978,Gable,CompShg,Plywood,Brk Cmn,,0.0,148500
1Fam,1Story,6,6,1959,1959,Hip,CompShg,Wd Sdng,Wd Sdng,,0.0,127500
1Fam,1Story,4,6,1971,1971,Gable,CompShg,HdBoard,HdBoard,,0.0,120500
Duplex,1Story,5,5,1958,1958,Gable,CompShg,VinylSd,VinylSd,BrkFace,95.0,110000
1Fam,1Story,5,6,1968,1968,Gable,CompShg,VinylSd,VinylSd,,0.0,142000
1Fam,1Story,1,1,1922,1950,Gable,CompShg,Wd Sdng,Wd Sdng,,0.0,61000
1Fam,1Story,7,5,2009,2009,Gable,CompShg,MetalSd,MetalSd,Stone,432.0,222000
1Fam,2Story,3,6,1915,1950,Gambrel,CompShg,VinylSd,VinylSd,,0.0,107400
1Fam,2Story,7,5,1999,1999,Gable,CompShg,VinylSd,VinylSd,BrkFace,158.0,193000
1Fam,2Story,5,7,1976,1976,Gable,CompShg,Plywood,Plywood,BrkFace,44.0,197500
Twnhs,2Story,6,5,1973,1973,Gable,CompShg,HdBoard,HdBoard,BrkFace,285.0,113000
1Fam,1Story,10,5,2007,2008,Hip,CompShg,CemntBd,CmentBd,BrkFace,816.0,385000
Twnhs,2Story,6,6,1976,1976,Gable,CompShg,Plywood,Brk Cmn,,0.0,148500
1Fam,1Story,5,6,1965,1965,Gable,CompShg,HdBoard,HdBoard,,0.0,147500
1Fam,2Story,6,5,2002,2003,Gable,CompShg,VinylSd,VinylSd,,0.0,183200
1Fam,2Story,6,8,1945,2002,Gambrel,CompShg,Wd Sdng,Wd Sdng,,0.0,259500
1Fam,2Story,6,6,1918,1950,Hip,CompShg,Wd Sdng,Stucco,,0.0,239000
1Fam,1.5Fin,6,6,1937,1950,Gable,CompShg,Wd Sdng,Wd Sdng,,0.0,141000
2fmCon,SLvl,6,5,1958,1958,Hip,CompShg,HdBoard,HdBoard,BrkFace,105.0,140000
Duplex,1.5Fin,5,7,1900,2003,Gable,CompShg,MetalSd,MetalSd,,0.0,145900
1Fam,1Story,7,5,2002,2002,Gable,CompShg,VinylSd,VinylSd,BrkFace,99.0,221000
1Fam,2Story,4,7,1910,2000,Gable,CompShg,MetalSd,HdBoard,,0.0,112000
1Fam,1Story,4,5,1994,1995,Gable,CompShg,VinylSd,VinylSd,,0.0,123600
1Fam,1.5Fin,6,8,1908,1997,Gable,CompShg,Wd Sdng,Wd Sdng,,0.0,240000
1Fam,1Story,5,7,1954,2000,Gable,CompShg,MetalSd,MetalSd,,0.0,117000
1Fam,2Story,8,5,2005,2006,Hip,CompShg,VinylSd,VinylSd,BrkFace,245.0,281213
1Fam,2Story,8,5,2005,2005,Gable,CompShg,VinylSd,VinylSd,BrkFace,178.0,275500
1Fam,1Story,5,7,1967,2004,Hip,CompShg,HdBoard,HdBoard,BrkFace,89.0,130000
1Fam,2Story,9,5,2005,2006,Hip,CompShg,WdShing,Wd Shng,Stone,286.0,345000
1Fam,1Story,5,5,1972,1972,Hip,CompShg,MetalSd,MetalSd,,0.0,123000
TwnhsE,1Story,6,5,1992,1992,Gable,CompShg,Plywood,ImStucc,,0.0,179200
TwnhsE,1Story,6,5,2004,2004,Gable,CompShg,VinylSd,VinylSd,BrkFace,147.0,141000
1Fam,2.5Unf,7,6,1916,1950,Gable,CompShg,MetalSd,MetalSd,,0.0,144000
TwnhsE,2Story,5,6,1977,1977,Gable,CompShg,CemntBd,CmentBd,,0.0,127000
TwnhsE,1Story,6,5,2005,2006,Gable,CompShg,VinylSd,VinylSd,Stone,256.0,194700
TwnhsE,1Story,8,5,2003,2003,Gable,CompShg,VinylSd,VinylSd,BrkFace,40.0,215000
1Fam,2Story,7,5,2005,2006,Gable,CompShg,VinylSd,VinylSd,BrkFace,456.0,320000
1Fam,2Story,6,5,1963,1963,Hip,CompShg,HdBoard,HdBoard,BrkFace,415.0,140000
1Fam,1.5Fin,5,8,1925,1994,Gambrel,CompShg,VinylSd,VinylSd,,0.0,125000
1Fam,1Story,7,5,2006,2006,Gable,CompShg,VinylSd,VinylSd,Stone,180.0,220000
2fmCon,1.5Fin,5,6,1965,1965,Gable,CompShg,Plywood,Plywood,,0.0,228950
1Fam,SLvl,6,6,1955,1996,Hip,CompShg,AsbShng,AsbShng,,0.0,165500
TwnhsE,SFoyer,4,4,1970,1970,Gable,CompShg,CemntBd,CmentBd,,0.0,80000
1Fam,1Story,10,5,2009,2009,Hip,CompShg,CemntBd,CmentBd,BrkFace,305.0,402861
1Fam,2Story,8,6,2001,2001,Gable,CompShg,VinylSd,VinylSd,,0.0,227000
1Fam,1Story,7,5,2004,2005,Hip,CompShg,VinylSd,VinylSd,,0.0,216837
1Fam,2Story,5,4,1892,1965,Gable,CompShg,Wd Sdng,Wd Sdng,,0.0,107500
1Fam,1Story,5,5,1924,1950,Gable,CompShg,Wd Sdng,Wd Sdng,,0.0,100000
1Fam,1Story,7,5,2006,2006,Gable,CompShg,VinylSd,VinylSd,,0.0,194000
1Fam,1Story,6,6,1957,1957,Gable,CompShg,VinylSd,VinylSd,,0.0,150000
1Fam,1Story,8,5,2002,2002,Hip,CompShg,VinylSd,VinylSd,BrkFace,281.0,230000
1Fam,1Story,6,6,1992,1992,Gable,CompShg,HdBoard,HdBoard,BrkFace,106.0,173000
1Fam,1Story,8,5,2008,2009,Gable,CompShg,CemntBd,CmentBd,Stone,194.0,287090
1Fam,2Story,8,5,2002,2002,Gable,CompShg,VinylSd,VinylSd,,0.0,202900
1Fam,1.5Fin,6,7,1920,1998,Gable,CompShg,MetalSd,MetalSd,,0.0,79900
1Fam,1Story,8,5,2006,2007,Gable,CompShg,VinylSd,VinylSd,BrkFace,304.0,440000
1Fam,2Story,4,4,1925,1950,Gable,CompShg,MetalSd,MetalSd,,0.0,107000
1Fam,1Story,5,7,1977,1989,Gable,CompShg,HdBoard,Plywood,,0.0,143500
TwnhsE,2Story,7,5,2006,2007,Gable,CompShg,MetalSd,MetalSd,,0.0,171900
Duplex,1Story,5,5,1965,1965,Hip,CompShg,AsphShn,AsphShn,,0.0,100000
1Fam,2Story,6,6,1968,1968,Gable,CompShg,HdBoard,HdBoard,BrkFace,420.0,179900
2fmCon,2.5Unf,6,6,1910,1998,Hip,CompShg,MetalSd,MetalSd,,0.0,133900
1Fam,1Story,7,5,2004,2005,Hip,CompShg,VinylSd,VinylSd,Stone,108.0,240000
1Fam,1Story,5,7,1921,1950,Gable,CompShg,Wd Sdng,Wd Shng,,0.0,89000
1Fam,1Story,5,6,1961,1961,Hip,CompShg,Wd Sdng,Wd Sdng,,0.0,136500
1Fam,1Story,6,7,1960,1975,Flat,CompShg,BrkFace,Plywood,,0.0,235000
1Fam,1Story,5,5,1994,1995,Gable,CompShg,VinylSd,VinylSd,,0.0,138000
1Fam,1Story,5,6,1950,1996,Hip,CompShg,MetalSd,MetalSd,,0.0,142125
1Fam,2Story,6,8,1966,2007,Gable,CompShg,HdBoard,HdBoard,BrkFace,157.0,187500
1Fam,1Story,6,6,1960,1987,Gable,CompShg,Wd Sdng,Wd Sdng,BrkFace,85.0,181900
2fmCon,2Story,5,9,1900,1996,Gable,CompShg,Wd Sdng,Wd Sdng,,0.0,140000
1Fam,SLvl,6,8,1958,1958,Hip,CompShg,VinylSd,VinylSd,BrkFace,63.0,145000
1Fam,1Story,5,6,1971,1971,Gable,CompShg,Plywood,Plywood,,0.0,175000
TwnhsE,1Story,7,5,2003,2004,Gable,CompShg,VinylSd,VinylSd,BrkFace,18.0,234000
1Fam,1Story,4,7,1916,1990,Gable,CompShg,MetalSd,MetalSd,,0.0,109900
1Fam,1Story,5,5,1958,1958,Gable,CompShg,VinylSd,VinylSd,,0.0,129900
1Fam,1Story,5,7,1954,2005,Gable,CompShg,Wd Sdng,Wd Sdng,,0.0,139400
1Fam,2Story,8,5,1994,1994,Hip,CompShg,VinylSd,VinylSd,BrkFace,391.0,290000
TwnhsE,1Story,7,5,2005,2006,Gable,CompShg,VinylSd,VinylSd,BrkFace,11.0,160200
1Fam,1Story,5,5,1962,1962,Gable,CompShg,Wd Sdng,Wd Sdng,BrkFace,116.0,139000
1Fam,2Story,5,7,1910,2002,Gable,CompShg,Wd Sdng,Wd Shng,,0.0,132000
1Fam,1Story,6,5,1957,1957,Gable,CompShg,HdBoard,HdBoard,BrkFace,387.0,166000
1Fam,2Story,6,5,2005,2006,Gable,CompShg,VinylSd,VinylSd,,0.0,163990
1Fam,1Story,5,7,1959,2006,Gable,CompShg,HdBoard,HdBoard,BrkFace,54.0,145500
2fmCon,2.5Fin,6,7,1914,1995,Hip,CompShg,VinylSd,VinylSd,,0.0,200000
1Fam,1Story,5,7,1959,2006,Gable,CompShg,Wd Sdng,Wd Sdng,,0.0,162000
1Fam,1Story,5,6,1940,1955,Gable,CompShg,VinylSd,VinylSd,,0.0,120500
Twnhs,2Story,6,5,1971,1971,Gable,CompShg,HdBoard,ImStucc,BrkFace,381.0,88000
1Fam,1Story,4,5,1926,1953,Gable,CompShg,MetalSd,MetalSd,BrkFace,108.0,79900
1Fam,2Story,7,5,2003,2003,Gable,CompShg,VinylSd,VinylSd,,0.0,225000
1Fam,1Story,8,5,2006,2007,Gable,CompShg,VinylSd,VinylSd,Stone,274.0,248900
1Fam,1.5Fin,7,5,2003,2003,Gable,CompShg,VinylSd,VinylSd,,0.0,239686
1Fam,1Story,5,5,1964,1964,Gable,CompShg,Wd Sdng,Wd Sdng,BrkCmn,621.0,190000
1Fam,2Story,8,9,1882,1986,Gable,CompShg,Wd Sdng,Wd Sdng,,0.0,168000
1Fam,1Story,4,5,1963,1963,Gable,CompShg,HdBoard,Plywood,,0.0,132250
1Fam,1Story,5,5,1958,1958,Gable,CompShg,Wd Sdng,Wd Sdng,,1.0,114500
1Fam,2Story,8,5,2000,2000,Gable,CompShg,VinylSd,VinylSd,BrkFace,350.0,250000
Duplex,1Story,5,6,1976,1976,Gable,CompShg,VinylSd,VinylSd,BrkFace,164.0,136905
1Fam,1.5Fin,8,9,1935,1997,Gable,CompShg,Stucco,Stucco,BrkFace,632.0,381000
1Fam,1.5Fin,5,7,1929,2001,Gable,CompShg,Wd Sdng,Wd Sdng,,0.0,130000
1Fam,2Story,5,6,1921,1998,Gable,CompShg,MetalSd,Wd Sdng,,0.0,189000
TwnhsE,2Story,5,6,1970,1970,Gable,CompShg,HdBoard,HdBoard,,312.0,125000
TwnhsE,1Story,7,5,2006,2007,Gable,CompShg,WdShing,Wd Shng,BrkFace,72.0,172500
1Fam,1Story,8,5,2006,2006,Gable,CompShg,VinylSd,VinylSd,BrkFace,53.0,232000
1Fam,1Story,5,5,1969,1969,Gable,CompShg,VinylSd,Plywood,,0.0,138800
Twnhs,2Story,6,5,1973,1973,Gable,CompShg,HdBoard,HdBoard,BrkFace,158.0,100000
TwnhsE,2Story,7,5,2004,2004,Gable,CompShg,VinylSd,VinylSd,Stone,117.0,130000
1Fam,2.5Fin,7,9,1880,2002,Gable,CompShg,CemntBd,CmentBd,,0.0,295000
1Fam,1.5Fin,8,7,1988,2005,Gable,CompShg,Wd Sdng,Wd Sdng,,0.0,164000
1Fam,1Story,7,5,1965,1965,Hip,CompShg,BrkFace,BrkFace,,0.0,375000
1Fam,1.5Fin,5,4,1936,1950,Gable,CompShg,MetalSd,MetalSd,,0.0,115000
1Fam,SLvl,5,7,1971,2005,Gambrel,CompShg,MetalSd,AsphShn,BrkFace,82.0,139000
1Fam,2Story,6,6,1997,1997,Gable,CompShg,VinylSd,VinylSd,,0.0,177000
1Fam,1Story,5,7,1951,1951,Gable,CompShg,HdBoard,HdBoard,,0.0,139000
1Fam,1Story,6,9,1988,2007,Hip,CompShg,Wd Sdng,Plywood,BrkFace,260.0,222000
1Fam,1Story,6,6,1964,1964,Gable,CompShg,HdBoard,Plywood,BrkFace,180.0,167000
1Fam,1Story,8,5,2007,2007,Hip,CompShg,VinylSd,VinylSd,Stone,328.0,318000
TwnhsE,1Story,8,5,1985,1985,Gable,CompShg,HdBoard,HdBoard,,0.0,212000
Twnhs,2Story,7,5,2003,2004,Gable,CompShg,VinylSd,Wd Shng,Stone,106.0,173000
1Fam,1.5Fin,6,7,1906,1995,Gable,CompShg,MetalSd,MetalSd,,0.0,135000
1Fam,2Story,7,5,2006,2007,Gable,CompShg,CemntBd,CmentBd,Stone,100.0,241000
TwnhsE,1Story,7,5,2005,2006,Gable,CompShg,VinylSd,VinylSd,Stone,94.0,202665
1Fam,2Story,9,5,2006,2006,Gable,CompShg,VinylSd,VinylSd,Stone,370.0,342643
1Fam,1Story,5,6,1958,1965,Hip,CompShg,BrkFace,Plywood,,0.0,139000
1Fam,2Story,7,5,1998,1998,Gable,CompShg,VinylSd,VinylSd,BrkFace,30.0,221000
1Fam,2Story,8,5,2004,2005,Gable,CompShg,VinylSd,VinylSd,Stone,132.0,309000
1Fam,2Story,7,5,2003,2003,Gable,CompShg,VinylSd,VinylSd,,0.0,180000
1Fam,1Story,7,5,2001,2001,Gable,CompShg,VinylSd,VinylSd,,0.0,189000
1Fam,1Story,6,5,1991,1991,Gable,CompShg,HdBoard,HdBoard,BrkFace,88.0,179200
1Fam,2Story,6,7,1915,1976,Gable,CompShg,Wd Sdng,Plywood,,0.0,177000
1Fam,2Story,6,5,1994,1994,Gable,CompShg,HdBoard,HdBoard,BrkFace,105.0,201000
1Fam,1Story,4,5,1972,1972,Hip,CompShg,MetalSd,MetalSd,,0.0,111250
Twnhs,2Story,7,5,1999,1999,Gable,CompShg,MetalSd,MetalSd,BrkFace,360.0,179400
2fmCon,2Story,5,5,1900,1950,Gable,CompShg,Wd Sdng,Wd Sdng,,0.0,90000
1Fam,1Story,7,5,1988,1988,Gable,CompShg,Wd Sdng,Wd Sdng,BrkFace,102.0,241500
1Fam,1Story,7,5,2004,2004,Hip,CompShg,VinylSd,VinylSd,,0.0,259000
1Fam,2.5Unf,6,6,1914,2001,Gable,CompShg,Wd Sdng,Wd Shng,,0.0,128000
Twnhs,SFoyer,4,8,1970,2002,Gable,CompShg,CemntBd,CmentBd,,0.0,86000
1Fam,1Story,6,5,1923,1950,Gable,CompShg,Wd Sdng,Wd Sdng,,0.0,125000
1Fam,2Story,6,7,1977,1995,Gable,CompShg,HdBoard,HdBoard,BrkFace,424.0,272000
1Fam,SLvl,6,6,1964,1964,Gable,CompShg,MetalSd,HdBoard,BrkFace,115.0,158000
1Fam,1Story,6,6,1962,1962,Hip,CompShg,Wd Sdng,Wd Sdng,BrkFace,261.0,160000
TwnhsE,2Story,7,5,1984,1984,Gable,CompShg,HdBoard,HdBoard,,0.0,207500
Duplex,SFoyer,5,5,1979,1979,Gable,CompShg,MetalSd,MetalSd,,0.0,135960
1Fam,1.5Fin,6,6,1925,1990,Gable,CompShg,WdShing,Wd Shng,,0.0,137450
Duplex,1Story,4,5,1967,1967,Gable,CompShg,MetalSd,MetalSd,,0.0,90000
1Fam,1.5Unf,5,7,1930,1950,Gable,CompShg,WdShing,Wd Sdng,,0.0,87000
1Fam,2Story,7,5,1968,1968,Gable,CompShg,MetalSd,MetalSd,BrkFace,342.0,176000
1Fam,SFoyer,7,9,1961,2007,Gable,CompShg,CemntBd,CmentBd,Stone,210.0,178400
TwnhsE,1Story,6,6,1976,1976,Gable,CompShg,Plywood,Plywood,,0.0,143750
1Fam,2Story,8,8,1932,1994,Hip,CompShg,BrkFace,BrkFace,,0.0,315000
1Fam,1Story,5,5,1920,1950,Gable,CompShg,Stucco,Stucco,,0.0,144000
1Fam,2Story,6,8,1964,1993,Hip,CompShg,Wd Sdng,Wd Sdng,BrkFace,340.0,187000
1Fam,1Story,6,6,1959,1959,Hip,CompShg,HdBoard,HdBoard,Stone,243.0,142000
1Fam,1.5Fin,4,5,1947,1950,Gable,CompShg,AsbShng,AsbShng,,0.0,80500
1Fam,1Story,5,5,1996,1996,Gable,CompShg,VinylSd,VinylSd,,0.0,152000
Twnhs,2Story,6,5,2000,2000,Gable,CompShg,MetalSd,MetalSd,BrkFace,456.0,177000
1Fam,2Story,8,5,1998,1999,Gable,CompShg,VinylSd,VinylSd,,0.0,267000
1Fam,1Story,8,5,1992,1993,Hip,CompShg,BrkFace,BrkFace,,0.0,430000
1Fam,SLvl,7,5,2005,2005,Gable,CompShg,VinylSd,VinylSd,Stone,182.0,190000
1Fam,1.5Fin,6,6,1949,1950,Gable,CompShg,Wd Sdng,Wd Sdng,BrkFace,320.0,143000
1Fam,1Story,5,6,1975,1975,Gable,CompShg,HdBoard,HdBoard,,0.0,153500
1Fam,2Story,7,5,1996,1997,Gable,CompShg,VinylSd,VinylSd,BrkFace,921.0,265000
1Fam,1.5Unf,5,7,1949,2003,Gable,CompShg,MetalSd,MetalSd,,0.0,135000
1Fam,1Story,6,5,1997,1998,Gable,CompShg,VinylSd,VinylSd,BrkFace,215.0,208900
1Fam,2Story,8,5,2009,2010,Gable,CompShg,VinylSd,VinylSd,BrkFace,84.0,269500
1Fam,1Story,6,7,1970,1970,Gable,CompShg,Wd Sdng,Wd Sdng,BrkFace,180.0,149000
1Fam,1.5Fin,5,3,1948,1950,Gable,CompShg,MetalSd,MetalSd,,0.0,91500
1Fam,1.5Fin,6,7,1923,1950,Gable,CompShg,BrkFace,Wd Sdng,,0.0,210000
1Fam,1.5Fin,6,5,1948,1950,Gable,CompShg,VinylSd,VinylSd,,0.0,97500
TwnhsE,1Story,6,5,1999,1999,Hip,CompShg,VinylSd,VinylSd,BrkFace,425.0,165000
TwnhsE,1Story,7,5,2005,2005,Gable,CompShg,VinylSd,VinylSd,BrkFace,145.0,213490
1Fam,1Story,5,3,1951,1951,Hip,CompShg,Wd Sdng,Wd Sdng,BrkFace,44.0,137900
Twnhs,2Story,7,5,1999,1999,Hip,CompShg,MetalSd,MetalSd,,0.0,155000
1Fam,1Story,10,5,2001,2002,Hip,CompShg,VinylSd,VinylSd,BrkFace,705.0,466500
1Fam,1Story,8,5,2008,2009,Gable,CompShg,VinylSd,VinylSd,Stone,72.0,244600
1Fam,1Story,5,5,1953,1953,Gable,CompShg,VinylSd,VinylSd,,0.0,110000
Twnhs,2Story,5,5,1971,1971,Gable,CompShg,HdBoard,HdBoard,BrkFace,142.0,112000
1Fam,1Story,5,7,1951,2000,Gable,CompShg,Wd Sdng,Wd Sdng,,0.0,134800
1Fam,1.5Unf,6,7,1926,2004,Gable,CompShg,Wd Sdng,Wd Sdng,,0.0,119000
1Fam,1Story,6,5,1969,1969,Gable,CompShg,Plywood,Plywood,BrkFace,312.0,223000
TwnhsE,1Story,7,5,2005,2006,Gable,CompShg,VinylSd,VinylSd,BrkFace,16.0,192500
1Fam,1Story,5,6,1954,1990,Hip,CompShg,Wd Sdng,Wd Sdng,BrkFace,650.0,153000
1Fam,1.5Fin,4,3,1945,1950,Gable,CompShg,WdShing,Wd Shng,,0.0,98000
1Fam,1Story,3,5,1955,1955,Hip,CompShg,BrkFace,Wd Sdng,,0.0,139600
1Fam,2Story,6,5,1993,1993,Gable,CompShg,HdBoard,HdBoard,BrkFace,120.0,187000
1Fam,SLvl,6,7,1984,2003,Hip,CompShg,VinylSd,VinylSd,BrkFace,74.0,178000
1Fam,1Story,5,5,1977,1977,Gable,CompShg,BrkFace,BrkFace,,0.0,160000
TwnhsE,2Story,7,5,2004,2004,Gable,CompShg,MetalSd,MetalSd,,0.0,148800
1Fam,1.5Fin,6,6,1928,1950,Gable,CompShg,BrkFace,Stone,,0.0,177000
TwnhsE,1Story,8,5,2006,2006,Hip,CompShg,VinylSd,VinylSd,,0.0,264561
1Fam,1Story,5,6,1956,1956,Hip,CompShg,MetalSd,MetalSd,,0.0,128900
1Fam,1Story,8,5,2007,2008,Gable,CompShg,VinylSd,VinylSd,Stone,186.0,235128
1Fam,1Story,8,5,2009,2009,Gable,CompShg,CemntBd,CmentBd,Stone,72.0,229456
1Fam,1.5Fin,6,7,1920,1950,Gable,CompShg,BrkFace,Wd Sdng,,0.0,256000
1Fam,2Story,6,5,1997,1997,Gable,CompShg,VinylSd,VinylSd,,0.0,200000
1Fam,1Story,6,6,1984,1984,Gable,CompShg,Plywood,Plywood,,0.0,162500
TwnhsE,2Story,6,6,1980,1980,Gable,CompShg,MetalSd,MetalSd,,0.0,124000
2fmCon,2Story,3,5,1900,1970,Gable,CompShg,HdBoard,HdBoard,,0.0,95000
2fmCon,1Story,4,4,1953,1953,Gable,CompShg,MetalSd,MetalSd,,0.0,93000
1Fam,2Story,7,5,2004,2005,Gable,CompShg,VinylSd,VinylSd,,0.0,195000
1Fam,2Story,9,5,2004,2005,Hip,CompShg,VinylSd,VinylSd,Stone,216.0,350000
Duplex,2Story,5,6,1949,1950,Gable,CompShg,MetalSd,MetalSd,,0.0,145000
1Fam,2Story,6,5,1971,1971,Gable,CompShg,HdBoard,HdBoard,BrkFace,252.0,190000
1Fam,2Story,7,5,2002,2002,Gable,CompShg,VinylSd,VinylSd,,0.0,200000
1Fam,1Story,5,6,1959,1959,Gable,CompShg,MetalSd,MetalSd,BrkFace,132.0,124500
1Fam,1Story,6,5,1926,1950,Gable,CompShg,Wd Sdng,Wd Sdng,,0.0,102000
TwnhsE,1Story,7,5,2003,2003,Gable,CompShg,VinylSd,Wd Shng,Stone,163.0,171750
1Fam,1Story,7,5,2009,2009,Gable,CompShg,VinylSd,VinylSd,,0.0,198900
1Fam,1Story,6,7,1918,2000,Gable,CompShg,Stucco,Wd Shng,,0.0,130000
1Fam,1Story,3,3,1914,1950,Gable,CompShg,Stucco,Stucco,,0.0,58500
1Fam,1Story,5,3,1959,1959,Gable,CompShg,Wd Sdng,Plywood,,0.0,80000
1Fam,1Story,9,5,1981,1987,Gable,WdShngl,WdShing,Wd Shng,,0.0,385000
1Fam,1Story,8,5,2007,2008,Hip,CompShg,VinylSd,VinylSd,Stone,436.0,372402
1Fam,2Story,8,5,1998,1998,Hip,CompShg,VinylSd,VinylSd,BrkFace,650.0,258000
2fmCon,2Story,4,6,1885,1950,Gable,CompShg,VinylSd,AsbShng,,0.0,122500
1Fam,1Story,4,5,1960,1960,Gable,CompShg,Wd Sdng,Wd Sdng,,0.0,141000
1Fam,1Story,6,7,1970,1970,Gable,CompShg,BrkFace,Plywood,,0.0,237500
1Fam,1Story,4,3,1956,1956,Gable,CompShg,AsbShng,AsbShng,,0.0,112000
1Fam,1.5Fin,7,5,1931,1950,Gable,CompShg,BrkFace,Wd Shng,,0.0,129900
1Fam,1Story,6,5,1948,1950,Gable,CompShg,MetalSd,MetalSd,BrkFace,206.0,119200
1Fam,1Story,5,7,1948,2005,Gable,CompShg,MetalSd,MetalSd,,0.0,147000
TwnhsE,1Story,8,5,2001,2001,Gable,CompShg,CemntBd,CmentBd,,0.0,213500
1Fam,2Story,6,5,1996,1997,Hip,CompShg,VinylSd,VinylSd,BrkFace,42.0,204000
1Fam,SLvl,6,7,1964,1991,Hip,CompShg,HdBoard,HdBoard,BrkFace,108.0,158000
1Fam,1Story,4,6,1936,1950,Gable,CompShg,Wd Sdng,Wd Sdng,,0.0,106500
Twnhs,2Story,6,5,1973,1973,Gable,CompShg,HdBoard,HdBoard,BrkFace,408.0,83000
1Fam,1Story,5,5,2005,2006,Gable,CompShg,VinylSd,VinylSd,,0.0,157000
1Fam,1.5Fin,5,5,1941,1960,Gable,CompShg,Wd Sdng,Wd Sdng,,0.0,117000
TwnhsE,2Story,6,5,2000,2000,Gable,CompShg,MetalSd,MetalSd,BrkFace,513.0,168500
1Fam,1.5Fin,6,5,1939,1950,Gable,CompShg,MetalSd,MetalSd,,0.0,140200
1Fam,2Story,7,7,1974,2003,Gable,CompShg,Wd Sdng,Wd Sdng,,0.0,294000
1Fam,SLvl,6,7,1977,1995,Gable,CompShg,HdBoard,Plywood,BrkFace,46.0,151000
1Fam,1Story,5,6,1975,1975,Gable,CompShg,HdBoard,HdBoard,,0.0,122000
TwnhsE,SLvl,6,5,2005,2005,Gable,CompShg,VinylSd,VinylSd,BrkFace,80.0,148000
TwnhsE,1Story,8,5,2003,2004,Hip,CompShg,MetalSd,MetalSd,BrkFace,472.0,274000
1Fam,1Story,5,7,1962,1962,Gable,CompShg,HdBoard,HdBoard,BrkFace,189.0,157900
1Fam,2Story,7,5,2005,2005,Gable,CompShg,CemntBd,CmentBd,,0.0,250000
TwnhsE,1Story,6,6,1977,1977,Gable,CompShg,Plywood,Plywood,,0.0,140000
1Fam,1Story,8,5,2001,2001,Hip,CompShg,VinylSd,VinylSd,,0.0,236500
2fmCon,1.5Fin,5,4,1900,1970,Gable,CompShg,Wd Sdng,Wd Sdng,,0.0,160000
1Fam,1Story,3,6,1949,1950,Hip,CompShg,VinylSd,VinylSd,,0.0,72500
1Fam,1Story,6,6,1958,1958,Hip,CompShg,MetalSd,MetalSd,,0.0,163000
1Fam,1Story,5,7,1931,1993,Gable,CompShg,Wd Sdng,Wd Sdng,,0.0,105000
1Fam,1Story,5,8,1940,1997,Gable,CompShg,Wd Sdng,Wd Sdng,,0.0,108000
Duplex,SFoyer,6,5,1975,1975,Flat,Tar&Grv,WdShing,Plywood,BrkFace,250.0,127500
1Fam,1.5Fin,3,4,1915,1950,Gable,CompShg,Wd Sdng,Wd Sdng,,0.0,105000
1Fam,1Story,5,7,1964,1999,Hip,CompShg,MetalSd,MetalSd,,0.0,167000
1Fam,2Story,6,7,1934,1995,Hip,CompShg,Stucco,Stucco,,0.0,188700
1Fam,SLvl,7,5,1990,1991,Gable,CompShg,HdBoard,HdBoard,,0.0,173000
1Fam,2Story,7,7,1941,1950,Gable,CompShg,MetalSd,MetalSd,,0.0,174500
1Fam,2Story,7,5,2004,2005,Gable,CompShg,VinylSd,VinylSd,,0.0,184000
1Fam,2Story,8,6,1934,1998,Gable,CompShg,BrkFace,Wd Sdng,,0.0,359100
1Fam,1Story,7,5,1999,1999,Gable,CompShg,VinylSd,VinylSd,BrkFace,183.0,204000
1Fam,2Story,7,5,2003,2003,Gable,CompShg,VinylSd,VinylSd,,0.0,162000
1Fam,2Story,8,5,1998,1999,Hip,CompShg,VinylSd,VinylSd,BrkFace,975.0,336000
1Fam,2Story,8,4,1918,1990,Gable,CompShg,Stucco,Stucco,,0.0,235000
1Fam,2.5Fin,4,5,1912,1950,Gable,CompShg,Wd Sdng,Wd Sdng,,0.0,118500
1Fam,2Story,7,5,1977,1977,Hip,CompShg,Plywood,Plywood,BrkFace,299.0,192000
1Fam,2Story,7,7,1977,1994,Gable,CompShg,Plywood,Plywood,BrkFace,34.0,235000
1Fam,2Story,7,5,1998,1998,Hip,CompShg,VinylSd,VinylSd,,0.0,176500
TwnhsE,1Story,8,5,1996,1996,Gable,CompShg,BrkFace,BrkFace,,0.0,245500
1Fam,1Story,6,7,1958,1958,Hip,CompShg,MetalSd,MetalSd,BrkFace,135.0,136000
1Fam,1Story,6,5,2003,2003,Gable,CompShg,VinylSd,VinylSd,BrkFace,120.0,200000
1Fam,1.5Fin,6,6,1924,1950,Gable,CompShg,MetalSd,MetalSd,,0.0,112000
1Fam,1Story,4,7,1950,1995,Gable,CompShg,VinylSd,HdBoard,,0.0,128000
2fmCon,2Story,6,8,1910,1950,Gable,CompShg,AsbShng,AsbShng,,0.0,137000
1Fam,2Story,7,5,1978,1978,Gable,CompShg,Plywood,Plywood,BrkFace,184.0,250000
1Fam,2Story,7,6,1998,1998,Gable,CompShg,VinylSd,VinylSd,,0.0,274300
1Fam,1Story,6,8,1930,2007,Gable,CompShg,Wd Sdng,Wd Sdng,,0.0,120500
1Fam,2Story,6,5,1992,1992,Gable,CompShg,HdBoard,HdBoard,,0.0,240000
TwnhsE,1Story,8,5,2000,2000,Gable,CompShg,CemntBd,CmentBd,,0.0,278000
1Fam,1Story,5,4,1955,1974,Hip,CompShg,Wd Sdng,Plywood,,0.0,170000
TwnhsE,1Story,7,5,2005,2006,Gable,CompShg,VinylSd,VinylSd,BrkFace,16.0,167240
1Fam,2Story,7,5,2001,2001,Gable,CompShg,VinylSd,VinylSd,,0.0,226000
1Fam,1Story,6,8,1976,1976,Gable,CompShg,MetalSd,MetalSd,,0.0,181500
1Fam,2Story,7,5,2007,2007,Gable,CompShg,VinylSd,VinylSd,Stone,220.0,383970
1Fam,1Story,5,8,1965,2009,Gable,CompShg,MetalSd,MetalSd,,0.0,138500
2fmCon,1.5Fin,6,7,1905,2000,Gable,CompShg,Wd Sdng,Wd Sdng,,0.0,163000
1Fam,1Story,5,5,1965,1965,Gable,CompShg,VinylSd,VinylSd,,0.0,119900
Duplex,2Story,6,5,1971,1971,Mansard,CompShg,MetalSd,Wd Shng,,0.0,139000
1Fam,1Story,8,5,2001,2002,Hip,CompShg,VinylSd,VinylSd,BrkFace,178.0,275000
Duplex,1Story,4,4,1955,1955,Gable,CompShg,VinylSd,VinylSd,BrkFace,270.0,118000
1Fam,1.5Fin,6,5,1950,1950,Gable,CompShg,VinylSd,VinylSd,,0.0,119000
1Fam,1Story,8,5,1994,1994,Hip,CompShg,HdBoard,HdBoard,BrkFace,554.0,301500
1Fam,SFoyer,4,5,1972,1972,Gable,CompShg,Plywood,Plywood,,0.0,137500
1Fam,2Story,6,5,2000,2000,Gable,CompShg,VinylSd,VinylSd,BrkFace,318.0,186500
1Fam,1Story,5,8,1922,1950,Gable,CompShg,Wd Sdng,Wd Sdng,,0.0,99900
1Fam,1Story,5,6,1963,1963,Hip,CompShg,MetalSd,MetalSd,BrkFace,148.0,155000
1Fam,2Story,8,5,2006,2006,Gable,CompShg,VinylSd,VinylSd,,0.0,270000
1Fam,2Story,6,5,1966,1966,Gable,CompShg,MetalSd,MetalSd,BrkFace,351.0,155000
1Fam,1Story,5,7,1966,1966,Gable,CompShg,HdBoard,HdBoard,BrkCmn,41.0,109900
1Fam,1Story,5,7,1977,2008,Gable,CompShg,HdBoard,HdBoard,,0.0,150500
TwnhsE,1Story,6,5,1979,1979,Gable,CompShg,Plywood,Plywood,,0.0,99500
1Fam,SLvl,6,6,1955,1972,Gable,CompShg,AsbShng,AsbShng,BrkFace,164.0,153000
1Fam,1Story,7,5,1977,1977,Hip,CompShg,Plywood,Plywood,BrkFace,209.0,82500
1Fam,2.5Unf,6,5,1917,1950,Gable,CompShg,AsbShng,AsbShng,,0.0,129500
1Fam,SLvl,6,7,1966,1966,Flat,Tar&Grv,Plywood,Plywood,,0.0,274970
1Fam,2Story,7,5,2003,2004,Gable,CompShg,VinylSd,VinylSd,Stone,92.0,165400
1Fam,1Story,7,5,1998,1998,Gable,CompShg,VinylSd,VinylSd,,0.0,215000
1Fam,2Story,6,6,1980,1981,Gable,CompShg,HdBoard,HdBoard,BrkFace,130.0,171000
1Fam,1Story,6,5,1971,1971,Hip,CompShg,Plywood,Plywood,,0.0,143250
1Fam,2Story,6,7,1923,1996,Hip,CompShg,Wd Sdng,Wd Sdng,,0.0,165000
1Fam,1Story,5,5,1957,1957,Gable,CompShg,Wd Sdng,Wd Sdng,,0.0,141000
1Fam,1.5Fin,5,5,1932,2000,Gable,CompShg,VinylSd,Stucco,,0.0,159434
1Fam,SLvl,5,6,1966,1966,Gable,CompShg,VinylSd,VinylSd,BrkFace,97.0,164500
1Fam,1Story,8,5,2004,2005,Gable,CompShg,MetalSd,MetalSd,Stone,42.0,280000
2fmCon,2.5Unf,7,4,1910,1950,Hip,CompShg,Wd Sdng,Wd Sdng,,0.0,122000
1Fam,1Story,5,6,1920,1950,Hip,CompShg,Stucco,Stucco,,0.0,120000
1Fam,2Story,7,5,1996,1997,Gable,CompShg,VinylSd,VinylSd,BrkFace,594.0,315750
1Fam,1.5Fin,6,7,1932,1950,Gable,CompShg,MetalSd,MetalSd,BrkFace,480.0,220000
1Fam,1Story,9,5,2006,2006,Hip,CompShg,VinylSd,VinylSd,BrkFace,584.0,315000
1Fam,2Story,6,7,1969,1969,Gable,CompShg,HdBoard,HdBoard,Stone,143.0,158000
1Fam,1Story,7,5,1996,1996,Hip,CompShg,VinylSd,VinylSd,BrkFace,338.0,260400
1Fam,2Story,6,6,1962,1962,Gable,CompShg,HdBoard,HdBoard,BrkFace,318.0,171000
1Fam,1Story,5,7,1962,2001,Gable,CompShg,HdBoard,Plywood,,0.0,132500
1Fam,2Story,6,8,1993,1993,Gable,CompShg,VinylSd,VinylSd,BrkFace,68.0,185000
1Fam,1Story,4,5,2005,2005,Gable,CompShg,VinylSd,VinylSd,,0.0,176000
1Fam,1.5Fin,6,7,1918,1950,Gable,CompShg,Wd Sdng,Wd Sdng,,0.0,185000
TwnhsE,1Story,6,5,1998,1999,Gable,CompShg,MetalSd,MetalSd,,0.0,181000
1Fam,1Story,7,5,2000,2001,Gable,CompShg,VinylSd,VinylSd,BrkFace,108.0,179000
1Fam,1Story,5,5,1959,1959,Hip,CompShg,BrkFace,Plywood,,0.0,132500
1Fam,2Story,6,5,1978,1978,Hip,CompShg,HdBoard,HdBoard,BrkFace,92.0,172500
Twnhs,2Story,4,6,1970,2008,Gable,CompShg,CemntBd,CmentBd,,0.0,97000
1Fam,1Story,5,5,1962,1962,Gable,CompShg,HdBoard,HdBoard,,0.0,143900
1Fam,1Story,5,7,1959,1959,Gable,CompShg,MetalSd,MetalSd,,0.0,106500
1Fam,2Story,7,5,1994,1996,Gable,CompShg,MetalSd,MetalSd,,0.0,194500
1Fam,1Story,5,5,1962,1962,Hip,CompShg,MetalSd,MetalSd,,0.0,109500
1Fam,2Story,5,5,1962,1962,Gable,CompShg,VinylSd,VinylSd,BrkFace,288.0,169500
1Fam,2Story,7,5,1988,1988,Gable,CompShg,HdBoard,HdBoard,BrkFace,42.0,196500
1Fam,1Story,6,5,2003,2004,Gable,CompShg,VinylSd,VinylSd,,0.0,155000
1Fam,1Story,7,6,2007,2007,Hip,CompShg,VinylSd,VinylSd,Stone,0.0,248328
1Fam,1.5Fin,5,5,1941,1950,Gable,CompShg,WdShing,Wd Shng,,0.0,105000
1Fam,SLvl,8,7,1972,1995,Gable,CompShg,Plywood,Wd Sdng,,0.0,345000
1Fam,2Story,8,5,2001,2001,Gable,CompShg,VinylSd,VinylSd,BrkFace,108.0,261500
1Fam,1Story,5,7,1958,2008,Gable,CompShg,Wd Sdng,Plywood,,0.0,116500
1Fam,1Story,4,6,1970,1970,Gable,CompShg,HdBoard,Plywood,,0.0,120500
1Fam,1Story,9,5,2002,2002,Hip,CompShg,VinylSd,VinylSd,Stone,215.0,285000
1Fam,1Story,5,5,1920,1950,Gable,CompShg,Wd Sdng,Wd Sdng,,0.0,83000
1Fam,1Story,5,5,1954,1954,Gable,CompShg,Wd Sdng,Wd Sdng,,0.0,118000
1Fam,1.5Fin,6,5,1936,1950,Gable,CompShg,MetalSd,MetalSd,,0.0,115000
1Fam,1Story,5,7,1965,1965,Hip,CompShg,MetalSd,MetalSd,,0.0,140000
1Fam,2Story,6,6,1968,1968,Gable,CompShg,MetalSd,MetalSd,,0.0,154000
TwnhsE,1Story,7,5,2005,2005,Gable,CompShg,VinylSd,VinylSd,Stone,240.0,185850
1Fam,2Story,7,5,1997,1997,Gable,CompShg,HdBoard,HdBoard,BrkFace,285.0,222000
Duplex,SFoyer,6,5,1977,1977,Gable,CompShg,Plywood,ImStucc,BrkFace,90.0,135000
1Fam,1Story,4,5,2003,2004,Gable,CompShg,VinylSd,VinylSd,,0.0,140000
1Fam,1Story,5,6,1968,1993,Gable,CompShg,Plywood,Plywood,,0.0,180000
1Fam,1Story,7,5,2007,2007,Gable,CompShg,VinylSd,VinylSd,,0.0,200141
1Fam,1Story,6,5,1965,1965,Gable,CompShg,Wd Sdng,Wd Sdng,BrkFace,101.0,160000
TwnhsE,1Story,8,5,1984,1984,Gable,CompShg,HdBoard,HdBoard,,0.0,187500
1Fam,1Story,6,6,1959,1959,Hip,CompShg,MetalSd,MetalSd,BrkFace,220.0,148000
1Fam,1Story,9,2,2010,2010,Hip,CompShg,VinylSd,VinylSd,Stone,350.0,394432
1Fam,1Story,5,5,1967,1967,Gable,CompShg,MetalSd,MetalSd,BrkFace,31.0,122000
1Fam,1.5Fin,5,6,1940,1950,Gable,CompShg,MetalSd,MetalSd,,0.0,126000
1Fam,2Story,6,5,2001,2002,Gable,CompShg,VinylSd,VinylSd,,0.0,215000
1Fam,1Story,5,8,1982,2003,Gable,CompShg,HdBoard,HdBoard,,0.0,138000
1Fam,1Story,5,5,1968,1968,Gable,CompShg,VinylSd,VinylSd,,0.0,129000
TwnhsE,2Story,4,5,1973,1973,Gable,CompShg,CemntBd,CmentBd,,0.0,83500
1Fam,1Story,6,5,1953,1953,Hip,CompShg,Wd Sdng,Wd Sdng,Stone,216.0,155000
1Fam,1Story,6,7,1956,2004,Gable,CompShg,Stone,Stone,,0.0,230000
2fmCon,2Story,4,7,1900,2000,Gable,CompShg,MetalSd,MetalSd,,0.0,106250
1Fam,2Story,7,5,1997,1998,Gable,CompShg,VinylSd,VinylSd,BrkFace,573.0,219500
1Fam,1Story,6,5,1960,1960,Hip,CompShg,MetalSd,MetalSd,BrkFace,212.0,157000
1Fam,2Story,7,5,1990,1991,Gable,CompShg,MetalSd,MetalSd,,0.0,250000
1Fam,1Story,5,6,1966,1966,Gable,CompShg,Plywood,Plywood,BrkFace,200.0,154000
1Fam,2Story,6,5,2006,2006,Gable,CompShg,VinylSd,VinylSd,,0.0,172785
1Fam,2Story,6,5,2000,2000,Gable,CompShg,VinylSd,VinylSd,BrkFace,16.0,179000
1Fam,1.5Fin,5,7,1916,1987,Gable,CompShg,HdBoard,HdBoard,,0.0,135000
1Fam,2Story,8,5,1999,1999,Gable,CompShg,VinylSd,VinylSd,BrkFace,673.0,337000
1Fam,1Story,7,5,2004,2004,Gable,CompShg,VinylSd,VinylSd,BrkFace,266.0,210000
1Fam,SLvl,6,5,1976,1976,Gable,CompShg,HdBoard,HdBoard,,0.0,146800
1Fam,1.5Fin,5,8,1936,1989,Gable,CompShg,Wd Sdng,Wd Sdng,,0.0,170000
1Fam,SFoyer,5,7,1961,1995,Gable,CompShg,HdBoard,HdBoard,,0.0,148000
1Fam,1Story,7,5,2002,2003,Gable,CompShg,VinylSd,VinylSd,BrkFace,113.0,214000
1Fam,1Story,5,6,1969,1969,Gable,CompShg,HdBoard,Plywood,,0.0,128500
1Fam,SLvl,6,6,1984,1984,Gable,CompShg,HdBoard,HdBoard,,0.0,142500
1Fam,1Story,7,5,1996,1996,Hip,CompShg,VinylSd,VinylSd,BrkFace,196.0,203000
Duplex,2Story,5,5,1948,1950,Gable,Roll,AsbShng,AsbShng,Stone,567.0,137000
1Fam,1Story,7,6,1973,1973,Hip,CompShg,HdBoard,HdBoard,BrkFace,320.0,175500
1Fam,2Story,7,9,1941,2006,Gable,CompShg,CemntBd,CmentBd,,0.0,266500
1Fam,1Story,7,5,1998,1998,Gable,CompShg,VinylSd,VinylSd,BrkFace,442.0,224900
1Fam,1Story,6,7,1976,1976,Hip,CompShg,HdBoard,HdBoard,BrkFace,174.0,148000
1Fam,1.5Fin,4,7,1946,1950,Gable,CompShg,MetalSd,MetalSd,,0.0,121600
1Fam,1Story,6,6,1977,1977,Gable,CompShg,Plywood,Plywood,,0.0,171500
1Fam,2Story,9,5,2003,2004,Gable,CompShg,VinylSd,VinylSd,BrkFace,664.0,412500
1Fam,1.5Fin,4,5,1925,1950,Gable,CompShg,MetalSd,MetalSd,,0.0,103000
1Fam,1Story,7,5,2005,2005,Gable,CompShg,VinylSd,VinylSd,,0.0,164990
1Fam,2Story,8,5,2006,2006,Hip,CompShg,VinylSd,VinylSd,BrkFace,466.0,361919
Duplex,SFoyer,5,5,1980,1980,Gable,CompShg,MetalSd,MetalSd,BrkFace,180.0,140000
1Fam,2Story,6,4,1915,1950,Gable,CompShg,Wd Sdng,Wd Sdng,,0.0,128000
1Fam,1Story,7,5,2006,2006,Gable,CompShg,VinylSd,VinylSd,Stone,84.0,194000
1Fam,1Story,5,5,1972,1972,Gable,CompShg,VinylSd,VinylSd,,0.0,112500
TwnhsE,2Story,5,5,1970,1970,Gable,CompShg,HdBoard,HdBoard,BrkFace,304.0,106000
1Fam,1Story,7,5,1990,1990,Gable,CompShg,HdBoard,HdBoard,,0.0,180500
TwnhsE,1Story,9,5,2005,2005,Hip,CompShg,MetalSd,MetalSd,BrkFace,246.0,277500
TwnhsE,1Story,6,5,1998,1998,Hip,CompShg,VinylSd,VinylSd,BrkFace,320.0,162000
1Fam,2Story,7,9,1928,2005,Gambrel,CompShg,MetalSd,MetalSd,,0.0,161000
TwnhsE,1Story,6,5,2004,2004,Gable,CompShg,VinylSd,VinylSd,BrkFace,147.0,149300
1Fam,1Story,7,5,2000,2000,Gable,CompShg,VinylSd,VinylSd,BrkFace,244.0,235000
1Fam,1Story,5,3,1961,1961,Hip,CompShg,HdBoard,HdBoard,BrkCmn,203.0,98600
1Fam,2Story,6,5,2006,2007,Gable,CompShg,VinylSd,VinylSd,,0.0,156932
Duplex,2Story,5,5,1979,1979,Gable,CompShg,Plywood,Plywood,,0.0,142953
1Fam,2Story,7,5,1992,2000,Gable,CompShg,HdBoard,HdBoard,,0.0,268000
1Fam,1Story,8,5,2003,2003,Hip,CompShg,VinylSd,VinylSd,BrkFace,171.0,232000
1Fam,1Story,7,5,2005,2006,Gable,CompShg,VinylSd,VinylSd,BrkFace,240.0,221500
1Fam,1Story,5,9,1945,1997,Gable,CompShg,VinylSd,VinylSd,,0.0,110500
1Fam,1Story,7,5,2006,2007,Gable,CompShg,VinylSd,VinylSd,Stone,306.0,279500
1Fam,2Story,7,5,2004,2005,Gable,CompShg,VinylSd,VinylSd,,0.0,188500
1Fam,2Story,8,5,2005,2005,Gable,CompShg,VinylSd,VinylSd,BrkFace,280.0,275000
1Fam,SLvl,6,6,1976,1976,Hip,CompShg,MetalSd,MetalSd,BrkFace,255.0,125000
TwnhsE,SFoyer,6,5,2005,2006,Gable,CompShg,VinylSd,VinylSd,BrkFace,82.0,140000
1Fam,1Story,5,5,1955,1993,Hip,CompShg,Wd Sdng,Wd Sdng,,0.0,190000
1Fam,2Story,6,8,1925,1950,Gable,CompShg,Wd Sdng,Wd Sdng,,0.0,140000
1Fam,2Story,8,5,2005,2006,Gable,CompShg,VinylSd,VinylSd,BrkFace,380.0,325300
1Fam,1Story,5,5,1950,1950,Hip,CompShg,MetalSd,MetalSd,,0.0,98300
1Fam,2Story,7,6,1965,1988,Gable,CompShg,VinylSd,VinylSd,Stone,288.0,201800
TwnhsE,2Story,7,5,2005,2005,Gable,CompShg,MetalSd,MetalSd,,0.0,151000
1Fam,1Story,9,5,2008,2009,Hip,CompShg,Stucco,CmentBd,,0.0,378500
1Fam,1Story,5,6,1940,1969,Gable,CompShg,WdShing,Wd Shng,,0.0,108000
TwnhsE,1Story,6,5,2003,2003,Gable,CompShg,VinylSd,VinylSd,BrkFace,170.0,136500
1Fam,2Story,7,6,2007,2007,Gable,CompShg,VinylSd,VinylSd,,0.0,227875
1Fam,1Story,5,5,1962,1962,Hip,CompShg,MetalSd,MetalSd,,0.0,132000
TwnhsE,1Story,8,5,2001,2002,Gable,CompShg,CemntBd,CmentBd,,0.0,286000
Twnhs,2Story,7,5,2000,2000,Gable,CompShg,MetalSd,MetalSd,,0.0,165000
TwnhsE,1Story,7,5,2004,2004,Gable,CompShg,MetalSd,MetalSd,,0.0,196000
1Fam,1Story,5,7,1951,2000,Hip,CompShg,Wd Sdng,Wd Sdng,BrkCmn,70.0,164900
1Fam,1Story,7,5,2002,2002,Gable,CompShg,VinylSd,VinylSd,BrkFace,100.0,192000
TwnhsE,1Story,8,5,2000,2000,Gable,CompShg,CemntBd,CmentBd,,0.0,251000
1Fam,SLvl,6,6,1978,1978,Gable,CompShg,Plywood,HdBoard,,0.0,147000
1Fam,2Story,7,7,1880,2003,Mansard,CompShg,Stucco,Stucco,,0.0,265979
1Fam,2Story,6,5,2004,2004,Gable,CompShg,VinylSd,VinylSd,,0.0,173000
1Fam,1.5Unf,7,7,1930,1950,Gable,CompShg,Wd Sdng,Wd Sdng,,0.0,139400
1Fam,1Story,4,4,1941,1950,Gable,CompShg,Wd Sdng,Wd Sdng,,0.0,52500
1Fam,1.5Fin,5,4,1950,1950,Gable,CompShg,MetalSd,MetalSd,BrkCmn,161.0,110000
1Fam,1Story,5,4,1963,1963,Hip,CompShg,MetalSd,MetalSd,BrkFace,226.0,186700
1Fam,1Story,7,5,2003,2003,Gable,CompShg,VinylSd,VinylSd,,0.0,201000
Duplex,2Story,6,6,1946,1950,Gable,CompShg,MetalSd,MetalSd,BrkFace,423.0,145000
1Fam,1Story,5,5,1966,1966,Gable,CompShg,VinylSd,VinylSd,,0.0,125000
TwnhsE,1Story,8,5,2004,2005,Gable,CompShg,VinylSd,VinylSd,BrkFace,16.0,192000
1Fam,1Story,7,5,2008,2008,Gable,CompShg,VinylSd,VinylSd,Stone,256.0,227680
1Fam,1Story,8,5,2008,2008,Hip,CompShg,VinylSd,VinylSd,Stone,426.0,394617
TwnhsE,1Story,9,5,2005,2005,Hip,CompShg,MetalSd,MetalSd,BrkFace,616.0,266000
1Fam,2Story,8,5,2003,2003,Hip,CompShg,CemntBd,Wd Shng,BrkFace,603.0,538000
1Fam,1Story,4,6,1938,1958,Gable,CompShg,MetalSd,MetalSd,,0.0,100000
1Fam,2Story,7,6,1966,1966,Gable,CompShg,MetalSd,MetalSd,BrkFace,309.0,226000
1Fam,2Story,6,5,1998,1998,Gable,CompShg,VinylSd,VinylSd,BrkFace,116.0,200500
1Fam,1Story,5,9,1947,2008,Hip,CompShg,VinylSd,VinylSd,,0.0,118000
1Fam,1Story,5,5,1948,1950,Gable,CompShg,Wd Sdng,Wd Sdng,,0.0,160000
TwnhsE,2Story,6,5,2009,2009,Gable,CompShg,VinylSd,VinylSd,Stone,76.0,164500
Duplex,1Story,5,4,1964,1964,Gable,CompShg,HdBoard,HdBoard,BrkFace,84.0,119000
1Fam,1Story,6,5,2005,2005,Gable,CompShg,VinylSd,VinylSd,,0.0,142500
1Fam,1Story,7,5,1970,1970,Flat,Tar&Grv,Plywood,Plywood,,0.0,167000
1Fam,1.5Fin,4,5,1939,1950,Gable,CompShg,AsbShng,AsbShng,,0.0,100000
1Fam,1Story,8,5,1981,1981,Hip,WdShngl,BrkFace,BrkFace,,0.0,278000
1Fam,1Story,6,5,2006,2006,Gable,CompShg,VinylSd,VinylSd,,0.0,176432
1Fam,1.5Fin,4,3,1928,1950,Gable,CompShg,WdShing,Plywood,,0.0,135000
1Fam,1Story,5,7,1955,1990,Hip,CompShg,WdShing,Plywood,,0.0,115000
1Fam,1.5Fin,7,8,1918,1998,Gable,CompShg,Wd Sdng,Wd Sdng,,0.0,189950
TwnhsE,1Story,7,5,2007,2007,Hip,CompShg,VinylSd,VinylSd,BrkFace,130.0,174000
